{
	"credit": "Made with Blockbench",
	"textures": {
		"0": "block/iron_block",
		"1": "block/anvil",
		"2": "block/acacia_planks",
		"particle": "block/iron_block"
	},
	"elements": [
		{
			"from": [5.99038, 7.44411, 7.46154],
			"to": [10.36538, 8.56911, 8.46154],
			"rotation": {"angle": 0, "axis": "y", "origin": [-0.13462, 7.06911, 0.46154]},
			"faces": {
				"north": {"uv": [2, 0, 7, 2], "texture": "#2"},
				"east": {"uv": [2, 0, 7, 2], "texture": "#2"},
				"south": {"uv": [2, 0, 7, 2], "texture": "#2"},
				"west": {"uv": [2, 0, 7, 2], "texture": "#2"},
				"up": {"uv": [2, 0, 7, 2], "texture": "#2"},
				"down": {"uv": [2, 0, 7, 2], "texture": "#2"}
			}
		},
		{
			"from": [10.36538, 7.56911, 7.58654],
			"to": [13.86538, 8.56911, 8.33654],
			"rotation": {"angle": 0, "axis": "y", "origin": [-0.13462, 7.06911, 0.46154]},
			"faces": {
				"north": {"uv": [2, 0, 7, 2], "texture": "#2"},
				"east": {"uv": [2, 0, 7, 2], "texture": "#2"},
				"south": {"uv": [2, 0, 7, 2], "texture": "#2"},
				"west": {"uv": [2, 0, 7, 2], "texture": "#2"},
				"up": {"uv": [2, 0, 7, 2], "texture": "#2"},
				"down": {"uv": [2, 0, 7, 2], "texture": "#2"}
			}
		},
		{
			"from": [5.86538, 8.19411, 7.71154],
			"to": [17.11538, 8.69411, 8.21154],
			"rotation": {"angle": 0, "axis": "y", "origin": [-0.13462, 7.06911, 0.46154]},
			"faces": {
				"north": {"uv": [2, 0, 14.25, 0.5], "texture": "#1"},
				"east": {"uv": [2, 0, 14.25, 0.5], "texture": "#1"},
				"south": {"uv": [2, 0, 14.25, 0.5], "texture": "#1"},
				"west": {"uv": [2, 0, 14.25, 0.5], "texture": "#1"},
				"up": {"uv": [2, 0, 14.25, 0.5], "texture": "#1"},
				"down": {"uv": [2, 0, 14.25, 0.5], "texture": "#1"}
			}
		},
		{
			"from": [9.64038, 7.49411, 7.71154],
			"to": [13.79038, 7.99411, 8.21154],
			"rotation": {"angle": 0, "axis": "y", "origin": [-0.13462, 6.36911, 0.46154]},
			"faces": {
				"north": {"uv": [2, 0, 14.25, 0.5], "texture": "#1"},
				"east": {"uv": [2, 0, 14.25, 0.5], "texture": "#1"},
				"south": {"uv": [2, 0, 14.25, 0.5], "texture": "#1"},
				"west": {"uv": [2, 0, 14.25, 0.5], "texture": "#1"},
				"up": {"uv": [2, 0, 14.25, 0.5], "texture": "#1"},
				"down": {"uv": [2, 0, 14.25, 0.5], "texture": "#1"}
			}
		},
		{
			"from": [6.24038, 8.69411, 7.71154],
			"to": [7.99038, 8.80349, 8.21154],
			"rotation": {"angle": 0, "axis": "y", "origin": [-0.13462, 7.06911, 0.46154]},
			"faces": {
				"north": {"uv": [8, 0, 11, 1], "texture": "#0"},
				"east": {"uv": [8, 0, 11, 1], "texture": "#0"},
				"south": {"uv": [8, 0, 11, 1], "texture": "#0"},
				"west": {"uv": [8, 0, 11, 1], "texture": "#0"},
				"up": {"uv": [8, 0, 11, 1], "texture": "#0"},
				"down": {"uv": [8, 0, 11, 1], "texture": "#0"}
			}
		},
		{
			"from": [6.24038, 8.78786, 8.09279],
			"to": [6.67788, 8.99099, 8.21154],
			"rotation": {"angle": 0, "axis": "y", "origin": [-0.13462, 7.06911, 0.46154]},
			"faces": {
				"north": {"uv": [8, 0, 11, 1], "texture": "#0"},
				"east": {"uv": [8, 0, 11, 1], "texture": "#0"},
				"south": {"uv": [8, 0, 11, 1], "texture": "#0"},
				"west": {"uv": [8, 0, 11, 1], "texture": "#0"},
				"up": {"uv": [8, 0, 11, 1], "texture": "#0"},
				"down": {"uv": [8, 0, 11, 1], "texture": "#0"}
			}
		},
		{
			"from": [16.67788, 8.69411, 7.93029],
			"to": [16.92788, 9.00661, 7.99279],
			"rotation": {"angle": 0, "axis": "y", "origin": [-1.13462, 7.06911, 0.46154]},
			"faces": {
				"north": {"uv": [0, 0, 0.0625, 0.3125], "texture": "#0"},
				"east": {"uv": [0, 0, 0.0625, 0.3125], "texture": "#0"},
				"south": {"uv": [0, 0, 0.0625, 0.3125], "texture": "#0"},
				"west": {"uv": [0, 0, 0.0625, 0.3125], "texture": "#0"},
				"up": {"uv": [0, 0, 0.0625, 0.3125], "texture": "#0"},
				"down": {"uv": [0, 0, 0.0625, 0.3125], "texture": "#0"}
			}
		},
		{
			"from": [6.24038, 8.78786, 7.71154],
			"to": [6.67788, 8.99099, 7.85529],
			"rotation": {"angle": 0, "axis": "y", "origin": [-0.13462, 7.06911, 0.46154]},
			"faces": {
				"north": {"uv": [8, 0, 11, 1], "texture": "#0"},
				"east": {"uv": [8, 0, 11, 1], "texture": "#0"},
				"south": {"uv": [8, 0, 11, 1], "texture": "#0"},
				"west": {"uv": [8, 0, 11, 1], "texture": "#0"},
				"up": {"uv": [8, 0, 11, 1], "texture": "#0"},
				"down": {"uv": [8, 0, 11, 1], "texture": "#0"}
			}
		},
		{
			"from": [6.99038, 8.44411, 8.21154],
			"to": [7.36538, 8.69411, 8.71154],
			"rotation": {"angle": 0, "axis": "y", "origin": [-0.13462, 7.06911, 0.46154]},
			"faces": {
				"north": {"uv": [6, 0, 7, 1], "texture": "#1"},
				"east": {"uv": [6, 0, 7, 1], "texture": "#1"},
				"south": {"uv": [6, 0, 7, 1], "texture": "#1"},
				"west": {"uv": [6, 0, 7, 1], "texture": "#1"},
				"up": {"uv": [6, 0, 7, 1], "texture": "#1"},
				"down": {"uv": [6, 0, 7, 1], "texture": "#1"}
			}
		},
		{
			"from": [6.36538, 7.00661, 7.83654],
			"to": [7.11538, 7.44411, 8.08654],
			"rotation": {"angle": 0, "axis": "y", "origin": [-0.13462, 7.06911, 0.46154]},
			"faces": {
				"north": {"uv": [1, 0, 1.75, 1.4375], "texture": "#0"},
				"east": {"uv": [1, 0, 1.75, 0.4375], "texture": "#0"},
				"south": {"uv": [1, 0, 1.75, 0.4375], "texture": "#0"},
				"west": {"uv": [1, 0, 1.75, 0.4375], "texture": "#0"},
				"up": {"uv": [1, 0, 1.75, 0.4375], "texture": "#0"},
				"down": {"uv": [1, 0, 1.75, 0.4375], "texture": "#0"}
			}
		},
		{
			"from": [7.74038, 6.86911, 7.71154],
			"to": [9.80288, 7.44411, 8.21154],
			"rotation": {"angle": 0, "axis": "z", "origin": [8.77163, 6.94411, 7.96154]},
			"faces": {
				"north": {"uv": [12, 1, 16, 9], "rotation": 90, "texture": "#0"},
				"east": {"uv": [12, 1, 16, 3], "rotation": 90, "texture": "#0"},
				"south": {"uv": [12, 1, 16, 9], "rotation": 90, "texture": "#0"},
				"west": {"uv": [12, 1, 16, 3], "rotation": 90, "texture": "#0"},
				"up": {"uv": [12, 1, 16, 9], "rotation": 90, "texture": "#0"},
				"down": {"uv": [1, 0, 3, 1], "rotation": 90, "texture": "#0"}
			}
		},
		{
			"from": [4.36538, 7.06911, 7.58654],
			"to": [6.11538, 8.19411, 8.33654],
			"rotation": {"angle": 22.5, "axis": "z", "origin": [5.24038, 8.00661, 7.96154]},
			"faces": {
				"north": {"uv": [2, 0, 7, 2], "texture": "#2"},
				"east": {"uv": [2, 0, 7, 2], "texture": "#2"},
				"south": {"uv": [2, 0, 7, 2], "texture": "#2"},
				"west": {"uv": [2, 0, 7, 2], "texture": "#2"},
				"up": {"uv": [2, 0, 7, 2], "texture": "#2"},
				"down": {"uv": [2, 0, 7, 2], "texture": "#2"}
			}
		},
		{
			"from": [1.11538, 6.56911, 7.46154],
			"to": [4.99038, 8.06911, 8.46154],
			"rotation": {"angle": 0, "axis": "y", "origin": [-0.13462, 7.06911, 0.46154]},
			"faces": {
				"north": {"uv": [2, 0, 7, 2], "texture": "#2"},
				"east": {"uv": [2, 0, 7, 2], "texture": "#2"},
				"south": {"uv": [2, 0, 7, 2], "texture": "#2"},
				"west": {"uv": [2, 0, 7, 2], "texture": "#2"},
				"up": {"uv": [2, 0, 7, 2], "texture": "#2"},
				"down": {"uv": [2, 0, 7, 2], "texture": "#2"}
			}
		},
		{
			"from": [1.49038, 6.31911, 7.58654],
			"to": [4.11538, 6.56911, 8.33654],
			"rotation": {"angle": 0, "axis": "y", "origin": [-0.13462, 7.06911, 0.46154]},
			"faces": {
				"north": {"uv": [2, 0, 7, 2], "texture": "#2"},
				"east": {"uv": [2, 0, 7, 2], "texture": "#2"},
				"south": {"uv": [2, 0, 7, 2], "texture": "#2"},
				"west": {"uv": [2, 0, 7, 2], "texture": "#2"},
				"up": {"uv": [2, 0, 7, 2], "texture": "#2"},
				"down": {"uv": [2, 0, 7, 2], "texture": "#2"}
			}
		}
	],
	"gui_light": "front",
	"display": {
		"thirdperson_righthand": {
			"rotation": [0, 90, 0],
			"translation": [-0.25, 0.5, -1],
			"scale": [1.07, 1.07, 1.07]
		},
		"thirdperson_lefthand": {
			"rotation": [0, -90, 0],
			"translation": [-0.25, 0.5, -1],
			"scale": [1.07, 1.07, 1.07]
		},
		"firstperson_righthand": {
			"rotation": [0, 90, 0],
			"translation": [-7, 7.5, 9],
			"scale": [0.46, 0.59, 0.59]
		},
		"firstperson_lefthand": {
			"rotation": [0, -90, 0],
			"translation": [-7, 7.5, 9],
			"scale": [0.46, 0.59, 0.59]
		},
		"ground": {
			"translation": [-2, 0, 0],
			"scale": [1.58, 1.58, 1.58]
		},
		"gui": {
			"rotation": [11, 160, 40],
			"translation": [1, -0.75, 0],
			"scale": [1.27, 1.27, 1.27]
		},
		"fixed": {
			"rotation": [-180, 0, -140],
			"translation": [1.75, -1, 0],
			"scale": [2.93, 2.93, 2.93]
		}
	}
}