{
	"credit": "Made with Blockbench",
	"textures": {
		"0": "item/alienartifact",
		"particle": "item/alienartifact"
	},
	"elements": [
		{
			"name": "alienartifact_0",
			"from": [-0.46875, 7.5, 1.0625],
			"to": [5.53125, 8.5, 5.0625],
			"rotation": {"angle": 0, "axis": "y", "origin": [-0.46875, 7.5, 0.0625]},
			"faces": {
				"north": {"uv": [6, 1, 0, 2], "texture": "#0"},
				"east": {"uv": [5, 1, 6, 5], "rotation": 90, "texture": "#0"},
				"south": {"uv": [0, 4, 6, 5], "texture": "#0"},
				"west": {"uv": [0, 1, 1, 5], "rotation": 270, "texture": "#0"},
				"up": {"uv": [0, 1, 6, 5], "texture": "#0"},
				"down": {"uv": [0, 5, 6, 1], "texture": "#0"}
			}
		},
		{
			"name": "alienartifact_1",
			"from": [5.53125, 7.5, 1.0625],
			"to": [9.53125, 8.5, 4.0625],
			"rotation": {"angle": 0, "axis": "y", "origin": [-0.46875, 7.5, 0.0625]},
			"faces": {
				"north": {"uv": [10, 1, 6, 2], "texture": "#0"},
				"east": {"uv": [9, 1, 10, 4], "rotation": 90, "texture": "#0"},
				"south": {"uv": [6, 3, 10, 4], "texture": "#0"},
				"west": {"uv": [6, 1, 7, 4], "rotation": 270, "texture": "#0"},
				"up": {"uv": [6, 1, 10, 4], "texture": "#0"},
				"down": {"uv": [6, 4, 10, 1], "texture": "#0"}
			}
		},
		{
			"name": "alienartifact_2",
			"from": [9.53125, 7.5, 1.0625],
			"to": [13.53125, 8.5, 3.0625],
			"rotation": {"angle": 0, "axis": "y", "origin": [-0.46875, 7.5, 0.0625]},
			"faces": {
				"north": {"uv": [14, 1, 10, 2], "texture": "#0"},
				"east": {"uv": [13, 1, 14, 3], "rotation": 90, "texture": "#0"},
				"south": {"uv": [10, 2, 14, 3], "texture": "#0"},
				"west": {"uv": [10, 1, 11, 3], "rotation": 270, "texture": "#0"},
				"up": {"uv": [10, 1, 14, 3], "texture": "#0"},
				"down": {"uv": [10, 3, 14, 1], "texture": "#0"}
			}
		},
		{
			"name": "alienartifact_3",
			"from": [13.53125, 7.5, 1.0625],
			"to": [15.53125, 8.5, 2.0625],
			"rotation": {"angle": 0, "axis": "y", "origin": [-0.46875, 7.5, 0.0625]},
			"faces": {
				"north": {"uv": [16, 1, 14, 2], "texture": "#0"},
				"east": {"uv": [15, 1, 16, 2], "rotation": 90, "texture": "#0"},
				"south": {"uv": [14, 1, 16, 2], "texture": "#0"},
				"west": {"uv": [14, 1, 15, 2], "rotation": 270, "texture": "#0"},
				"up": {"uv": [14, 1, 16, 2], "texture": "#0"},
				"down": {"uv": [14, 2, 16, 1], "texture": "#0"}
			}
		},
		{
			"name": "alienartifact_4",
			"from": [0.53125, 7.5, 5.0625],
			"to": [4.53125, 8.5, 9.0625],
			"rotation": {"angle": 0, "axis": "y", "origin": [-0.46875, 7.5, 0.0625]},
			"faces": {
				"north": {"uv": [5, 5, 1, 6], "texture": "#0"},
				"east": {"uv": [4, 5, 5, 9], "rotation": 90, "texture": "#0"},
				"south": {"uv": [1, 8, 5, 9], "texture": "#0"},
				"west": {"uv": [1, 5, 2, 9], "rotation": 270, "texture": "#0"},
				"up": {"uv": [1, 5, 5, 9], "texture": "#0"},
				"down": {"uv": [1, 9, 5, 5], "texture": "#0"}
			}
		},
		{
			"name": "alienartifact_5",
			"from": [6.53125, 7.5, 5.0625],
			"to": [8.53125, 8.5, 9.0625],
			"rotation": {"angle": 0, "axis": "y", "origin": [-0.46875, 7.5, 0.0625]},
			"faces": {
				"north": {"uv": [9, 5, 7, 6], "texture": "#0"},
				"east": {"uv": [8, 5, 9, 9], "rotation": 90, "texture": "#0"},
				"south": {"uv": [7, 8, 9, 9], "texture": "#0"},
				"west": {"uv": [7, 5, 8, 9], "rotation": 270, "texture": "#0"},
				"up": {"uv": [7, 5, 9, 9], "texture": "#0"},
				"down": {"uv": [7, 9, 9, 5], "texture": "#0"}
			}
		},
		{
			"name": "alienartifact_6",
			"from": [11.53125, 7.5, 5.0625],
			"to": [12.53125, 8.5, 13.0625],
			"rotation": {"angle": 0, "axis": "y", "origin": [-0.46875, 7.5, 0.0625]},
			"faces": {
				"north": {"uv": [13, 5, 12, 6], "texture": "#0"},
				"east": {"uv": [12, 5, 13, 13], "rotation": 90, "texture": "#0"},
				"south": {"uv": [12, 12, 13, 13], "texture": "#0"},
				"west": {"uv": [12, 5, 13, 13], "rotation": 270, "texture": "#0"},
				"up": {"uv": [12, 5, 13, 13], "texture": "#0"},
				"down": {"uv": [12, 13, 13, 5], "texture": "#0"}
			}
		},
		{
			"name": "alienartifact_7",
			"from": [5.53125, 7.5, 6.0625],
			"to": [6.53125, 8.5, 8.0625],
			"rotation": {"angle": 0, "axis": "y", "origin": [-0.46875, 7.5, 0.0625]},
			"faces": {
				"north": {"uv": [7, 6, 6, 7], "texture": "#0"},
				"east": {"uv": [6, 6, 7, 8], "rotation": 90, "texture": "#0"},
				"south": {"uv": [6, 7, 7, 8], "texture": "#0"},
				"west": {"uv": [6, 6, 7, 8], "rotation": 270, "texture": "#0"},
				"up": {"uv": [6, 6, 7, 8], "texture": "#0"},
				"down": {"uv": [6, 8, 7, 6], "texture": "#0"}
			}
		},
		{
			"name": "alienartifact_8",
			"from": [8.53125, 7.5, 6.0625],
			"to": [9.53125, 8.5, 8.0625],
			"rotation": {"angle": 0, "axis": "y", "origin": [-0.46875, 7.5, 0.0625]},
			"faces": {
				"north": {"uv": [10, 6, 9, 7], "texture": "#0"},
				"east": {"uv": [9, 6, 10, 8], "rotation": 90, "texture": "#0"},
				"south": {"uv": [9, 7, 10, 8], "texture": "#0"},
				"west": {"uv": [9, 6, 10, 8], "rotation": 270, "texture": "#0"},
				"up": {"uv": [9, 6, 10, 8], "texture": "#0"},
				"down": {"uv": [9, 8, 10, 6], "texture": "#0"}
			}
		},
		{
			"name": "alienartifact_9",
			"from": [10.53125, 7.5, 8.0625],
			"to": [11.53125, 8.5, 13.0625],
			"rotation": {"angle": 0, "axis": "y", "origin": [-0.46875, 7.5, 0.0625]},
			"faces": {
				"north": {"uv": [12, 8, 11, 9], "texture": "#0"},
				"east": {"uv": [11, 8, 12, 13], "rotation": 90, "texture": "#0"},
				"south": {"uv": [11, 12, 12, 13], "texture": "#0"},
				"west": {"uv": [11, 8, 12, 13], "rotation": 270, "texture": "#0"},
				"up": {"uv": [11, 8, 12, 13], "texture": "#0"},
				"down": {"uv": [11, 13, 12, 8], "texture": "#0"}
			}
		},
		{
			"name": "alienartifact_10",
			"from": [12.53125, 7.5, 8.0625],
			"to": [13.53125, 8.5, 13.0625],
			"rotation": {"angle": 0, "axis": "y", "origin": [-0.46875, 7.5, 0.0625]},
			"faces": {
				"north": {"uv": [14, 8, 13, 9], "texture": "#0"},
				"east": {"uv": [13, 8, 14, 13], "rotation": 90, "texture": "#0"},
				"south": {"uv": [13, 12, 14, 13], "texture": "#0"},
				"west": {"uv": [13, 8, 14, 13], "rotation": 270, "texture": "#0"},
				"up": {"uv": [13, 8, 14, 13], "texture": "#0"},
				"down": {"uv": [13, 13, 14, 8], "texture": "#0"}
			}
		},
		{
			"name": "alienartifact_11",
			"from": [1.53125, 7.5, 9.0625],
			"to": [3.53125, 8.5, 13.0625],
			"rotation": {"angle": 0, "axis": "y", "origin": [-0.46875, 7.5, 0.0625]},
			"faces": {
				"north": {"uv": [4, 9, 2, 10], "texture": "#0"},
				"east": {"uv": [3, 9, 4, 13], "rotation": 90, "texture": "#0"},
				"south": {"uv": [2, 12, 4, 13], "texture": "#0"},
				"west": {"uv": [2, 9, 3, 13], "rotation": 270, "texture": "#0"},
				"up": {"uv": [2, 9, 4, 13], "texture": "#0"},
				"down": {"uv": [2, 13, 4, 9], "texture": "#0"}
			}
		},
		{
			"name": "alienartifact_12",
			"from": [7.53125, 7.5, 10.0625],
			"to": [10.53125, 8.5, 12.0625],
			"rotation": {"angle": 0, "axis": "y", "origin": [-0.46875, 7.5, 0.0625]},
			"faces": {
				"north": {"uv": [11, 10, 8, 11], "texture": "#0"},
				"east": {"uv": [10, 10, 11, 12], "rotation": 90, "texture": "#0"},
				"south": {"uv": [8, 11, 11, 12], "texture": "#0"},
				"west": {"uv": [8, 10, 9, 12], "rotation": 270, "texture": "#0"},
				"up": {"uv": [8, 10, 11, 12], "texture": "#0"},
				"down": {"uv": [8, 12, 11, 10], "texture": "#0"}
			}
		},
		{
			"name": "alienartifact_13",
			"from": [4.53125, 7.5, 11.0625],
			"to": [7.53125, 8.5, 12.0625],
			"rotation": {"angle": 0, "axis": "y", "origin": [-0.46875, 7.5, 0.0625]},
			"faces": {
				"north": {"uv": [8, 11, 5, 12], "texture": "#0"},
				"east": {"uv": [7, 11, 8, 12], "rotation": 90, "texture": "#0"},
				"south": {"uv": [5, 11, 8, 12], "texture": "#0"},
				"west": {"uv": [5, 11, 6, 12], "rotation": 270, "texture": "#0"},
				"up": {"uv": [5, 11, 8, 12], "texture": "#0"},
				"down": {"uv": [5, 12, 8, 11], "texture": "#0"}
			}
		},
		{
			"name": "alienartifact_14",
			"from": [9.53125, 7.5, 12.0625],
			"to": [10.53125, 8.5, 13.0625],
			"rotation": {"angle": 0, "axis": "y", "origin": [-0.46875, 7.5, 0.0625]},
			"faces": {
				"north": {"uv": [11, 12, 10, 13], "texture": "#0"},
				"east": {"uv": [10, 12, 11, 13], "rotation": 90, "texture": "#0"},
				"south": {"uv": [10, 12, 11, 13], "texture": "#0"},
				"west": {"uv": [10, 12, 11, 13], "rotation": 270, "texture": "#0"},
				"up": {"uv": [10, 12, 11, 13], "texture": "#0"},
				"down": {"uv": [10, 13, 11, 12], "texture": "#0"}
			}
		},
		{
			"name": "alienartifact_15",
			"from": [2.53125, 7.5, 13.0625],
			"to": [3.53125, 8.5, 15.0625],
			"rotation": {"angle": 0, "axis": "y", "origin": [-0.46875, 7.5, 0.0625]},
			"faces": {
				"north": {"uv": [4, 13, 3, 14], "texture": "#0"},
				"east": {"uv": [3, 13, 4, 15], "rotation": 90, "texture": "#0"},
				"south": {"uv": [3, 14, 4, 15], "texture": "#0"},
				"west": {"uv": [3, 13, 4, 15], "rotation": 270, "texture": "#0"},
				"up": {"uv": [3, 13, 4, 15], "texture": "#0"},
				"down": {"uv": [3, 15, 4, 13], "texture": "#0"}
			}
		}
	],
	"gui_light": "front",
	"display": {
		"thirdperson_righthand": {
			"rotation": [88, -64, -2],
			"translation": [0, 3, 0.75],
			"scale": [0.35, 0.35, 0.35]
		},
		"thirdperson_lefthand": {
			"rotation": [88, 51, -2],
			"translation": [0, 3, 0.75],
			"scale": [0.35, 0.35, 0.35]
		},
		"firstperson_righthand": {
			"rotation": [140, 0, 90],
			"translation": [0, 4, 2.25],
			"scale": [0.34, 0.34, 0.34]
		},
		"firstperson_lefthand": {
			"rotation": [42, 0, 90],
			"translation": [0, 4, 2.25],
			"scale": [0.34, 0.34, 0.34]
		},
		"ground": {
			"rotation": [90, -51, 0],
			"translation": [0, 0.75, 0],
			"scale": [0.5, 0.5, 0.5]
		},
		"gui": {
			"rotation": [90, -51, 0],
			"translation": [-0.5, -1.5, 0],
			"scale": [0.83, 0.83, 0.83]
		},
		"fixed": {
			"rotation": [90, 0, 0],
			"translation": [0.5, -0.75, 0]
		}
	},
	"groups": [
		{
			"name": "alienartifact",
			"origin": [8, 8, 8],
			"color": 0,
			"children": [0, 1, 2, 3, 4, 5, 6, 7, 8, 9, 10, 11, 12, 13, 14, 15]
		}
	]
}