{
	"credit": "Made with Blockbench",
	"textures": {
		"0": "item/aluminiumore",
		"particle": "item/aluminiumore"
	},
	"elements": [
		{
			"name": "aluminiumore_0",
			"from": [2.5, 7.5, -1.13158],
			"to": [7.5, 8.5, 4.86842],
			"rotation": {"angle": 0, "axis": "y", "origin": [-0.5, 7.5, -1.13158]},
			"faces": {
				"north": {"uv": [8, 0, 3, 1], "texture": "#0"},
				"east": {"uv": [7, 0, 8, 6], "rotation": 90, "texture": "#0"},
				"south": {"uv": [3, 5, 8, 6], "texture": "#0"},
				"west": {"uv": [3, 0, 4, 6], "rotation": 270, "texture": "#0"},
				"up": {"uv": [3, 0, 8, 6], "texture": "#0"},
				"down": {"uv": [3, 6, 8, 0], "texture": "#0"}
			}
		},
		{
			"name": "aluminiumore_1",
			"from": [7.5, 7.5, -0.13158],
			"to": [10.5, 8.5, 10.86842],
			"rotation": {"angle": 0, "axis": "y", "origin": [-0.5, 7.5, -1.13158]},
			"faces": {
				"north": {"uv": [11, 1, 8, 2], "texture": "#0"},
				"east": {"uv": [10, 1, 11, 12], "rotation": 90, "texture": "#0"},
				"south": {"uv": [8, 11, 11, 12], "texture": "#0"},
				"west": {"uv": [8, 1, 9, 12], "rotation": 270, "texture": "#0"},
				"up": {"uv": [8, 1, 11, 12], "texture": "#0"},
				"down": {"uv": [8, 12, 11, 1], "texture": "#0"}
			}
		},
		{
			"name": "aluminiumore_2",
			"from": [1.5, 7.5, 0.86842],
			"to": [2.5, 8.5, 2.86842],
			"rotation": {"angle": 0, "axis": "y", "origin": [-0.5, 7.5, -1.13158]},
			"faces": {
				"north": {"uv": [3, 2, 2, 3], "texture": "#0"},
				"east": {"uv": [2, 2, 3, 4], "rotation": 90, "texture": "#0"},
				"south": {"uv": [2, 3, 3, 4], "texture": "#0"},
				"west": {"uv": [2, 2, 3, 4], "rotation": 270, "texture": "#0"},
				"up": {"uv": [2, 2, 3, 4], "texture": "#0"},
				"down": {"uv": [2, 4, 3, 2], "texture": "#0"}
			}
		},
		{
			"name": "aluminiumore_3",
			"from": [10.5, 7.5, 0.86842],
			"to": [11.5, 8.5, 6.86842],
			"rotation": {"angle": 0, "axis": "y", "origin": [-0.5, 7.5, -1.13158]},
			"faces": {
				"north": {"uv": [12, 2, 11, 3], "texture": "#0"},
				"east": {"uv": [11, 2, 12, 8], "rotation": 90, "texture": "#0"},
				"south": {"uv": [11, 7, 12, 8], "texture": "#0"},
				"west": {"uv": [11, 2, 12, 8], "rotation": 270, "texture": "#0"},
				"up": {"uv": [11, 2, 12, 8], "texture": "#0"},
				"down": {"uv": [11, 8, 12, 2], "texture": "#0"}
			}
		},
		{
			"name": "aluminiumore_4",
			"from": [11.5, 7.5, 2.86842],
			"to": [14.5, 8.5, 4.86842],
			"rotation": {"angle": 0, "axis": "y", "origin": [-0.5, 7.5, -1.13158]},
			"faces": {
				"north": {"uv": [15, 4, 12, 5], "texture": "#0"},
				"east": {"uv": [14, 4, 15, 6], "rotation": 90, "texture": "#0"},
				"south": {"uv": [12, 5, 15, 6], "texture": "#0"},
				"west": {"uv": [12, 4, 13, 6], "rotation": 270, "texture": "#0"},
				"up": {"uv": [12, 4, 15, 6], "texture": "#0"},
				"down": {"uv": [12, 6, 15, 4], "texture": "#0"}
			}
		},
		{
			"name": "aluminiumore_5",
			"from": [3.5, 7.5, 4.86842],
			"to": [7.5, 8.5, 5.86842],
			"rotation": {"angle": 0, "axis": "y", "origin": [-0.5, 7.5, -1.13158]},
			"faces": {
				"north": {"uv": [8, 6, 4, 7], "texture": "#0"},
				"east": {"uv": [7, 6, 8, 7], "rotation": 90, "texture": "#0"},
				"south": {"uv": [4, 6, 8, 7], "texture": "#0"},
				"west": {"uv": [4, 6, 5, 7], "rotation": 270, "texture": "#0"},
				"up": {"uv": [4, 6, 8, 7], "texture": "#0"},
				"down": {"uv": [4, 7, 8, 6], "texture": "#0"}
			}
		},
		{
			"name": "aluminiumore_6",
			"from": [11.5, 7.5, 4.86842],
			"to": [13.5, 8.5, 5.86842],
			"rotation": {"angle": 0, "axis": "y", "origin": [-0.5, 7.5, -1.13158]},
			"faces": {
				"north": {"uv": [14, 6, 12, 7], "texture": "#0"},
				"east": {"uv": [13, 6, 14, 7], "rotation": 90, "texture": "#0"},
				"south": {"uv": [12, 6, 14, 7], "texture": "#0"},
				"west": {"uv": [12, 6, 13, 7], "rotation": 270, "texture": "#0"},
				"up": {"uv": [12, 6, 14, 7], "texture": "#0"},
				"down": {"uv": [12, 7, 14, 6], "texture": "#0"}
			}
		},
		{
			"name": "aluminiumore_7",
			"from": [2.5, 7.5, 5.86842],
			"to": [3.5, 8.5, 12.86842],
			"rotation": {"angle": 0, "axis": "y", "origin": [-0.5, 7.5, -1.13158]},
			"faces": {
				"north": {"uv": [4, 7, 3, 8], "texture": "#0"},
				"east": {"uv": [3, 7, 4, 14], "rotation": 90, "texture": "#0"},
				"south": {"uv": [3, 13, 4, 14], "texture": "#0"},
				"west": {"uv": [3, 7, 4, 14], "rotation": 270, "texture": "#0"},
				"up": {"uv": [3, 7, 4, 14], "texture": "#0"},
				"down": {"uv": [3, 14, 4, 7], "texture": "#0"}
			}
		},
		{
			"name": "aluminiumore_8",
			"from": [4.5, 7.5, 5.86842],
			"to": [7.5, 8.5, 11.86842],
			"rotation": {"angle": 0, "axis": "y", "origin": [-0.5, 7.5, -1.13158]},
			"faces": {
				"north": {"uv": [8, 7, 5, 8], "texture": "#0"},
				"east": {"uv": [7, 7, 8, 13], "rotation": 90, "texture": "#0"},
				"south": {"uv": [5, 12, 8, 13], "texture": "#0"},
				"west": {"uv": [5, 7, 6, 13], "rotation": 270, "texture": "#0"},
				"up": {"uv": [5, 7, 8, 13], "texture": "#0"},
				"down": {"uv": [5, 13, 8, 7], "texture": "#0"}
			}
		},
		{
			"name": "aluminiumore_9",
			"from": [11.5, 7.5, 5.86842],
			"to": [12.5, 8.5, 6.86842],
			"rotation": {"angle": 0, "axis": "y", "origin": [-0.5, 7.5, -1.13158]},
			"faces": {
				"north": {"uv": [13, 7, 12, 8], "texture": "#0"},
				"east": {"uv": [12, 7, 13, 8], "rotation": 90, "texture": "#0"},
				"south": {"uv": [12, 7, 13, 8], "texture": "#0"},
				"west": {"uv": [12, 7, 13, 8], "rotation": 270, "texture": "#0"},
				"up": {"uv": [12, 7, 13, 8], "texture": "#0"},
				"down": {"uv": [12, 8, 13, 7], "texture": "#0"}
			}
		},
		{
			"name": "aluminiumore_10",
			"from": [1.5, 7.5, 6.86842],
			"to": [2.5, 8.5, 10.86842],
			"rotation": {"angle": 0, "axis": "y", "origin": [-0.5, 7.5, -1.13158]},
			"faces": {
				"north": {"uv": [3, 8, 2, 9], "texture": "#0"},
				"east": {"uv": [2, 8, 3, 12], "rotation": 90, "texture": "#0"},
				"south": {"uv": [2, 11, 3, 12], "texture": "#0"},
				"west": {"uv": [2, 8, 3, 12], "rotation": 270, "texture": "#0"},
				"up": {"uv": [2, 8, 3, 12], "texture": "#0"},
				"down": {"uv": [2, 12, 3, 8], "texture": "#0"}
			}
		},
		{
			"name": "aluminiumore_11",
			"from": [3.5, 7.5, 6.86842],
			"to": [4.5, 8.5, 13.86842],
			"rotation": {"angle": 0, "axis": "y", "origin": [-0.5, 7.5, -1.13158]},
			"faces": {
				"north": {"uv": [5, 8, 4, 9], "texture": "#0"},
				"east": {"uv": [4, 8, 5, 15], "rotation": 90, "texture": "#0"},
				"south": {"uv": [4, 14, 5, 15], "texture": "#0"},
				"west": {"uv": [4, 8, 5, 15], "rotation": 270, "texture": "#0"},
				"up": {"uv": [4, 8, 5, 15], "texture": "#0"},
				"down": {"uv": [4, 15, 5, 8], "texture": "#0"}
			}
		},
		{
			"name": "aluminiumore_12",
			"from": [0.5, 7.5, 7.86842],
			"to": [1.5, 8.5, 10.86842],
			"rotation": {"angle": 0, "axis": "y", "origin": [-0.5, 7.5, -1.13158]},
			"faces": {
				"north": {"uv": [2, 9, 1, 10], "texture": "#0"},
				"east": {"uv": [1, 9, 2, 12], "rotation": 90, "texture": "#0"},
				"south": {"uv": [1, 11, 2, 12], "texture": "#0"},
				"west": {"uv": [1, 9, 2, 12], "rotation": 270, "texture": "#0"},
				"up": {"uv": [1, 9, 2, 12], "texture": "#0"},
				"down": {"uv": [1, 12, 2, 9], "texture": "#0"}
			}
		},
		{
			"name": "aluminiumore_13",
			"from": [10.5, 7.5, 7.86842],
			"to": [13.5, 8.5, 13.86842],
			"rotation": {"angle": 0, "axis": "y", "origin": [-0.5, 7.5, -1.13158]},
			"faces": {
				"north": {"uv": [14, 9, 11, 10], "texture": "#0"},
				"east": {"uv": [13, 9, 14, 15], "rotation": 90, "texture": "#0"},
				"south": {"uv": [11, 14, 14, 15], "texture": "#0"},
				"west": {"uv": [11, 9, 12, 15], "rotation": 270, "texture": "#0"},
				"up": {"uv": [11, 9, 14, 15], "texture": "#0"},
				"down": {"uv": [11, 15, 14, 9], "texture": "#0"}
			}
		},
		{
			"name": "aluminiumore_14",
			"from": [13.5, 7.5, 8.86842],
			"to": [14.5, 8.5, 13.86842],
			"rotation": {"angle": 0, "axis": "y", "origin": [-0.5, 7.5, -1.13158]},
			"faces": {
				"north": {"uv": [15, 10, 14, 11], "texture": "#0"},
				"east": {"uv": [14, 10, 15, 15], "rotation": 90, "texture": "#0"},
				"south": {"uv": [14, 14, 15, 15], "texture": "#0"},
				"west": {"uv": [14, 10, 15, 15], "rotation": 270, "texture": "#0"},
				"up": {"uv": [14, 10, 15, 15], "texture": "#0"},
				"down": {"uv": [14, 15, 15, 10], "texture": "#0"}
			}
		},
		{
			"name": "aluminiumore_15",
			"from": [14.5, 7.5, 9.86842],
			"to": [15.5, 8.5, 12.86842],
			"rotation": {"angle": 0, "axis": "y", "origin": [-0.5, 7.5, -1.13158]},
			"faces": {
				"north": {"uv": [16, 11, 15, 12], "texture": "#0"},
				"east": {"uv": [15, 11, 16, 14], "rotation": 90, "texture": "#0"},
				"south": {"uv": [15, 13, 16, 14], "texture": "#0"},
				"west": {"uv": [15, 11, 16, 14], "rotation": 270, "texture": "#0"},
				"up": {"uv": [15, 11, 16, 14], "texture": "#0"},
				"down": {"uv": [15, 14, 16, 11], "texture": "#0"}
			}
		},
		{
			"name": "aluminiumore_16",
			"from": [8.5, 7.5, 10.86842],
			"to": [10.5, 8.5, 12.86842],
			"rotation": {"angle": 0, "axis": "y", "origin": [-0.5, 7.5, -1.13158]},
			"faces": {
				"north": {"uv": [11, 12, 9, 13], "texture": "#0"},
				"east": {"uv": [10, 12, 11, 14], "rotation": 90, "texture": "#0"},
				"south": {"uv": [9, 13, 11, 14], "texture": "#0"},
				"west": {"uv": [9, 12, 10, 14], "rotation": 270, "texture": "#0"},
				"up": {"uv": [9, 12, 11, 14], "texture": "#0"},
				"down": {"uv": [9, 14, 11, 12], "texture": "#0"}
			}
		},
		{
			"name": "aluminiumore_17",
			"from": [4.5, 7.5, 11.86842],
			"to": [6.5, 8.5, 12.86842],
			"rotation": {"angle": 0, "axis": "y", "origin": [-0.5, 7.5, -1.13158]},
			"faces": {
				"north": {"uv": [7, 13, 5, 14], "texture": "#0"},
				"east": {"uv": [6, 13, 7, 14], "rotation": 90, "texture": "#0"},
				"south": {"uv": [5, 13, 7, 14], "texture": "#0"},
				"west": {"uv": [5, 13, 6, 14], "rotation": 270, "texture": "#0"},
				"up": {"uv": [5, 13, 7, 14], "texture": "#0"},
				"down": {"uv": [5, 14, 7, 13], "texture": "#0"}
			}
		},
		{
			"name": "aluminiumore_18",
			"from": [9.5, 7.5, 12.86842],
			"to": [10.5, 8.5, 13.86842],
			"rotation": {"angle": 0, "axis": "y", "origin": [-0.5, 7.5, -1.13158]},
			"faces": {
				"north": {"uv": [11, 14, 10, 15], "texture": "#0"},
				"east": {"uv": [10, 14, 11, 15], "rotation": 90, "texture": "#0"},
				"south": {"uv": [10, 14, 11, 15], "texture": "#0"},
				"west": {"uv": [10, 14, 11, 15], "rotation": 270, "texture": "#0"},
				"up": {"uv": [10, 14, 11, 15], "texture": "#0"},
				"down": {"uv": [10, 15, 11, 14], "texture": "#0"}
			}
		}
	],
	"gui_light": "front",
	"display": {
		"thirdperson_righthand": {
			"rotation": [97, 0, 0],
			"translation": [0, 1.25, 1],
			"scale": [0.27, 0.27, 0.27]
		},
		"thirdperson_lefthand": {
			"rotation": [97, 0, 0],
			"translation": [0, 1.25, 1],
			"scale": [0.27, 0.27, 0.27]
		},
		"firstperson_righthand": {
			"rotation": [67, -2, 90],
			"translation": [0, 4, 3.5],
			"scale": [0.46, 0.46, 0.46]
		},
		"firstperson_lefthand": {
			"rotation": [67, -2, 90],
			"translation": [0, 4, 3.5],
			"scale": [0.46, 0.46, 0.46]
		},
		"ground": {
			"rotation": [90, 0, 0],
			"scale": [0.4, 0.4, 0.4]
		},
		"gui": {
			"rotation": [90, 0, 0],
			"translation": [0, -1.5, 0]
		},
		"fixed": {
			"rotation": [90, 0, -180],
			"translation": [0, -1, 0]
		}
	},
	"groups": [
		{
			"name": "aluminiumore",
			"origin": [8, 8, 8],
			"color": 0,
			"children": [0, 1, 2, 3, 4, 5, 6, 7, 8, 9, 10, 11, 12, 13, 14, 15, 16, 17, 18]
		}
	]
}