{
  "parent": "minecraft:item/generated",
  "textures": {
    "layer0": "minecraft:item/amethyst_shard"
  },
  "overrides":
  [
    {"predicate": {"custom_model_data": 1},"model": "item/scipoint"},
    {"predicate": {"custom_model_data": 2},"model": "item/insightpoint"},
    {"predicate": {"custom_model_data": 3},"model": "item/energycrystal"},
    {"predicate": {"custom_model_data": 4},"model": "item/topaz"},
    {"predicate": {"custom_model_data": 5},"model": "item/ruby"},
    {"predicate": {"custom_model_data": 6},"model": "item/onyx"},
    {"predicate": {"custom_model_data": 7},"model": "item/sapphire"},
    {"predicate": {"custom_model_data": 8},"model": "item/opal"},
    {"predicate": {"custom_model_data": 9},"model": "item/jade"},
    {"predicate": {"custom_model_data": 10},"model": "item/garnet"},
    {"predicate": {"custom_model_data": 11},"model": "item/goods/jewerlypack"},
    {"predicate": {"custom_model_data": 12},"model": "item/faithpoint"},
    {"predicate": {"custom_model_data": 13},"model": "item/skillpoint"},
    {"predicate": {"custom_model_data": 14},"model": "item/ultpoint"},
    {"predicate": {"custom_model_data": 15},"model": "item/finaleskillpoint"},
    {"predicate": {"custom_model_data": 16},"model": "item/finaleultpoint"},
    {"predicate": {"custom_model_data": 17},"model": "item/prime/enchantedsigil"},
    {"predicate": {"custom_model_data": 18},"model": "item/soulshards"},
    {"predicate": {"custom_model_data": 19},"model": "item/soulshards"},
    {"predicate": {"custom_model_data": 30},"model": "item/genepack"},
    {"predicate": {"custom_model_data": 31},"model": "item/sigmagenepack"},
    {"predicate": {"custom_model_data": 32},"model": "item/emptygenepack"}
  ]
}