{
	"credit": "Made with Blockbench",
	"textures": {
		"0": "item/antenna",
		"particle": "item/antenna"
	},
	"elements": [
		{
			"name": "antenna_0",
			"from": [7.5, 7.5, 0.84783],
			"to": [8.5, 8.5, 15.84783],
			"rotation": {"angle": 0, "axis": "y", "origin": [0.5, 7.5, 0.84783]},
			"faces": {
				"north": {"uv": [8, 0, 7, 1], "texture": "#0"},
				"east": {"uv": [7, 0, 8, 15], "rotation": 90, "texture": "#0"},
				"south": {"uv": [7, 14, 8, 15], "texture": "#0"},
				"west": {"uv": [7, 0, 8, 15], "rotation": 270, "texture": "#0"},
				"up": {"uv": [7, 0, 8, 15], "texture": "#0"},
				"down": {"uv": [7, 15, 8, 0], "texture": "#0"}
			}
		},
		{
			"name": "antenna_1",
			"from": [3.5, 7.5, 1.84783],
			"to": [4.5, 8.5, 2.84783],
			"rotation": {"angle": 0, "axis": "y", "origin": [0.5, 7.5, 0.84783]},
			"faces": {
				"north": {"uv": [4, 1, 3, 2], "texture": "#0"},
				"east": {"uv": [3, 1, 4, 2], "rotation": 90, "texture": "#0"},
				"south": {"uv": [3, 1, 4, 2], "texture": "#0"},
				"west": {"uv": [3, 1, 4, 2], "rotation": 270, "texture": "#0"},
				"up": {"uv": [3, 1, 4, 2], "texture": "#0"},
				"down": {"uv": [3, 2, 4, 1], "texture": "#0"}
			}
		},
		{
			"name": "antenna_2",
			"from": [11.5, 7.5, 1.84783],
			"to": [12.5, 8.5, 2.84783],
			"rotation": {"angle": 0, "axis": "y", "origin": [0.5, 7.5, 0.84783]},
			"faces": {
				"north": {"uv": [12, 1, 11, 2], "texture": "#0"},
				"east": {"uv": [11, 1, 12, 2], "rotation": 90, "texture": "#0"},
				"south": {"uv": [11, 1, 12, 2], "texture": "#0"},
				"west": {"uv": [11, 1, 12, 2], "rotation": 270, "texture": "#0"},
				"up": {"uv": [11, 1, 12, 2], "texture": "#0"},
				"down": {"uv": [11, 2, 12, 1], "texture": "#0"}
			}
		},
		{
			"name": "antenna_3",
			"from": [2.5, 7.5, 2.84783],
			"to": [3.5, 8.5, 4.84783],
			"rotation": {"angle": 0, "axis": "y", "origin": [0.5, 7.5, 0.84783]},
			"faces": {
				"north": {"uv": [3, 2, 2, 3], "texture": "#0"},
				"east": {"uv": [2, 2, 3, 4], "rotation": 90, "texture": "#0"},
				"south": {"uv": [2, 3, 3, 4], "texture": "#0"},
				"west": {"uv": [2, 2, 3, 4], "rotation": 270, "texture": "#0"},
				"up": {"uv": [2, 2, 3, 4], "texture": "#0"},
				"down": {"uv": [2, 4, 3, 2], "texture": "#0"}
			}
		},
		{
			"name": "antenna_4",
			"from": [12.5, 7.5, 2.84783],
			"to": [13.5, 8.5, 4.84783],
			"rotation": {"angle": 0, "axis": "y", "origin": [0.5, 7.5, 0.84783]},
			"faces": {
				"north": {"uv": [13, 2, 12, 3], "texture": "#0"},
				"east": {"uv": [12, 2, 13, 4], "rotation": 90, "texture": "#0"},
				"south": {"uv": [12, 3, 13, 4], "texture": "#0"},
				"west": {"uv": [12, 2, 13, 4], "rotation": 270, "texture": "#0"},
				"up": {"uv": [12, 2, 13, 4], "texture": "#0"},
				"down": {"uv": [12, 4, 13, 2], "texture": "#0"}
			}
		},
		{
			"name": "antenna_5",
			"from": [5.5, 7.5, 3.84783],
			"to": [6.5, 8.5, 4.84783],
			"rotation": {"angle": 0, "axis": "y", "origin": [0.5, 7.5, 0.84783]},
			"faces": {
				"north": {"uv": [6, 3, 5, 4], "texture": "#0"},
				"east": {"uv": [5, 3, 6, 4], "rotation": 90, "texture": "#0"},
				"south": {"uv": [5, 3, 6, 4], "texture": "#0"},
				"west": {"uv": [5, 3, 6, 4], "rotation": 270, "texture": "#0"},
				"up": {"uv": [5, 3, 6, 4], "texture": "#0"},
				"down": {"uv": [5, 4, 6, 3], "texture": "#0"}
			}
		},
		{
			"name": "antenna_6",
			"from": [9.5, 7.5, 3.84783],
			"to": [10.5, 8.5, 4.84783],
			"rotation": {"angle": 0, "axis": "y", "origin": [0.5, 7.5, 0.84783]},
			"faces": {
				"north": {"uv": [10, 3, 9, 4], "texture": "#0"},
				"east": {"uv": [9, 3, 10, 4], "rotation": 90, "texture": "#0"},
				"south": {"uv": [9, 3, 10, 4], "texture": "#0"},
				"west": {"uv": [9, 3, 10, 4], "rotation": 270, "texture": "#0"},
				"up": {"uv": [9, 3, 10, 4], "texture": "#0"},
				"down": {"uv": [9, 4, 10, 3], "texture": "#0"}
			}
		},
		{
			"name": "antenna_7",
			"from": [1.5, 7.5, 4.84783],
			"to": [2.5, 8.5, 6.84783],
			"rotation": {"angle": 0, "axis": "y", "origin": [0.5, 7.5, 0.84783]},
			"faces": {
				"north": {"uv": [2, 4, 1, 5], "texture": "#0"},
				"east": {"uv": [1, 4, 2, 6], "rotation": 90, "texture": "#0"},
				"south": {"uv": [1, 5, 2, 6], "texture": "#0"},
				"west": {"uv": [1, 4, 2, 6], "rotation": 270, "texture": "#0"},
				"up": {"uv": [1, 4, 2, 6], "texture": "#0"},
				"down": {"uv": [1, 6, 2, 4], "texture": "#0"}
			}
		},
		{
			"name": "antenna_8",
			"from": [4.5, 7.5, 4.84783],
			"to": [5.5, 8.5, 6.84783],
			"rotation": {"angle": 0, "axis": "y", "origin": [0.5, 7.5, 0.84783]},
			"faces": {
				"north": {"uv": [5, 4, 4, 5], "texture": "#0"},
				"east": {"uv": [4, 4, 5, 6], "rotation": 90, "texture": "#0"},
				"south": {"uv": [4, 5, 5, 6], "texture": "#0"},
				"west": {"uv": [4, 4, 5, 6], "rotation": 270, "texture": "#0"},
				"up": {"uv": [4, 4, 5, 6], "texture": "#0"},
				"down": {"uv": [4, 6, 5, 4], "texture": "#0"}
			}
		},
		{
			"name": "antenna_9",
			"from": [10.5, 7.5, 4.84783],
			"to": [11.5, 8.5, 6.84783],
			"rotation": {"angle": 0, "axis": "y", "origin": [0.5, 7.5, 0.84783]},
			"faces": {
				"north": {"uv": [11, 4, 10, 5], "texture": "#0"},
				"east": {"uv": [10, 4, 11, 6], "rotation": 90, "texture": "#0"},
				"south": {"uv": [10, 5, 11, 6], "texture": "#0"},
				"west": {"uv": [10, 4, 11, 6], "rotation": 270, "texture": "#0"},
				"up": {"uv": [10, 4, 11, 6], "texture": "#0"},
				"down": {"uv": [10, 6, 11, 4], "texture": "#0"}
			}
		},
		{
			"name": "antenna_10",
			"from": [13.5, 7.5, 4.84783],
			"to": [14.5, 8.5, 6.84783],
			"rotation": {"angle": 0, "axis": "y", "origin": [0.5, 7.5, 0.84783]},
			"faces": {
				"north": {"uv": [14, 4, 13, 5], "texture": "#0"},
				"east": {"uv": [13, 4, 14, 6], "rotation": 90, "texture": "#0"},
				"south": {"uv": [13, 5, 14, 6], "texture": "#0"},
				"west": {"uv": [13, 4, 14, 6], "rotation": 270, "texture": "#0"},
				"up": {"uv": [13, 4, 14, 6], "texture": "#0"},
				"down": {"uv": [13, 6, 14, 4], "texture": "#0"}
			}
		},
		{
			"name": "antenna_11",
			"from": [2.5, 7.5, 6.84783],
			"to": [3.5, 8.5, 8.84783],
			"rotation": {"angle": 0, "axis": "y", "origin": [0.5, 7.5, 0.84783]},
			"faces": {
				"north": {"uv": [3, 6, 2, 7], "texture": "#0"},
				"east": {"uv": [2, 6, 3, 8], "rotation": 90, "texture": "#0"},
				"south": {"uv": [2, 7, 3, 8], "texture": "#0"},
				"west": {"uv": [2, 6, 3, 8], "rotation": 270, "texture": "#0"},
				"up": {"uv": [2, 6, 3, 8], "texture": "#0"},
				"down": {"uv": [2, 8, 3, 6], "texture": "#0"}
			}
		},
		{
			"name": "antenna_12",
			"from": [5.5, 7.5, 6.84783],
			"to": [6.5, 8.5, 7.84783],
			"rotation": {"angle": 0, "axis": "y", "origin": [0.5, 7.5, 0.84783]},
			"faces": {
				"north": {"uv": [6, 6, 5, 7], "texture": "#0"},
				"east": {"uv": [5, 6, 6, 7], "rotation": 90, "texture": "#0"},
				"south": {"uv": [5, 6, 6, 7], "texture": "#0"},
				"west": {"uv": [5, 6, 6, 7], "rotation": 270, "texture": "#0"},
				"up": {"uv": [5, 6, 6, 7], "texture": "#0"},
				"down": {"uv": [5, 7, 6, 6], "texture": "#0"}
			}
		},
		{
			"name": "antenna_13",
			"from": [9.5, 7.5, 6.84783],
			"to": [10.5, 8.5, 7.84783],
			"rotation": {"angle": 0, "axis": "y", "origin": [0.5, 7.5, 0.84783]},
			"faces": {
				"north": {"uv": [10, 6, 9, 7], "texture": "#0"},
				"east": {"uv": [9, 6, 10, 7], "rotation": 90, "texture": "#0"},
				"south": {"uv": [9, 6, 10, 7], "texture": "#0"},
				"west": {"uv": [9, 6, 10, 7], "rotation": 270, "texture": "#0"},
				"up": {"uv": [9, 6, 10, 7], "texture": "#0"},
				"down": {"uv": [9, 7, 10, 6], "texture": "#0"}
			}
		},
		{
			"name": "antenna_14",
			"from": [12.5, 7.5, 6.84783],
			"to": [13.5, 8.5, 8.84783],
			"rotation": {"angle": 0, "axis": "y", "origin": [0.5, 7.5, 0.84783]},
			"faces": {
				"north": {"uv": [13, 6, 12, 7], "texture": "#0"},
				"east": {"uv": [12, 6, 13, 8], "rotation": 90, "texture": "#0"},
				"south": {"uv": [12, 7, 13, 8], "texture": "#0"},
				"west": {"uv": [12, 6, 13, 8], "rotation": 270, "texture": "#0"},
				"up": {"uv": [12, 6, 13, 8], "texture": "#0"},
				"down": {"uv": [12, 8, 13, 6], "texture": "#0"}
			}
		},
		{
			"name": "antenna_15",
			"from": [6.5, 7.5, 7.84783],
			"to": [7.5, 8.5, 15.84783],
			"rotation": {"angle": 0, "axis": "y", "origin": [0.5, 7.5, 0.84783]},
			"faces": {
				"north": {"uv": [7, 7, 6, 8], "texture": "#0"},
				"east": {"uv": [6, 7, 7, 15], "rotation": 90, "texture": "#0"},
				"south": {"uv": [6, 14, 7, 15], "texture": "#0"},
				"west": {"uv": [6, 7, 7, 15], "rotation": 270, "texture": "#0"},
				"up": {"uv": [6, 7, 7, 15], "texture": "#0"},
				"down": {"uv": [6, 15, 7, 7], "texture": "#0"}
			}
		},
		{
			"name": "antenna_16",
			"from": [8.5, 7.5, 7.84783],
			"to": [9.5, 8.5, 15.84783],
			"rotation": {"angle": 0, "axis": "y", "origin": [0.5, 7.5, 0.84783]},
			"faces": {
				"north": {"uv": [9, 7, 8, 8], "texture": "#0"},
				"east": {"uv": [8, 7, 9, 15], "rotation": 90, "texture": "#0"},
				"south": {"uv": [8, 14, 9, 15], "texture": "#0"},
				"west": {"uv": [8, 7, 9, 15], "rotation": 270, "texture": "#0"},
				"up": {"uv": [8, 7, 9, 15], "texture": "#0"},
				"down": {"uv": [8, 15, 9, 7], "texture": "#0"}
			}
		},
		{
			"name": "antenna_17",
			"from": [3.5, 7.5, 8.84783],
			"to": [4.5, 8.5, 9.84783],
			"rotation": {"angle": 0, "axis": "y", "origin": [0.5, 7.5, 0.84783]},
			"faces": {
				"north": {"uv": [4, 8, 3, 9], "texture": "#0"},
				"east": {"uv": [3, 8, 4, 9], "rotation": 90, "texture": "#0"},
				"south": {"uv": [3, 8, 4, 9], "texture": "#0"},
				"west": {"uv": [3, 8, 4, 9], "rotation": 270, "texture": "#0"},
				"up": {"uv": [3, 8, 4, 9], "texture": "#0"},
				"down": {"uv": [3, 9, 4, 8], "texture": "#0"}
			}
		},
		{
			"name": "antenna_18",
			"from": [11.5, 7.5, 8.84783],
			"to": [12.5, 8.5, 9.84783],
			"rotation": {"angle": 0, "axis": "y", "origin": [0.5, 7.5, 0.84783]},
			"faces": {
				"north": {"uv": [12, 8, 11, 9], "texture": "#0"},
				"east": {"uv": [11, 8, 12, 9], "rotation": 90, "texture": "#0"},
				"south": {"uv": [11, 8, 12, 9], "texture": "#0"},
				"west": {"uv": [11, 8, 12, 9], "rotation": 270, "texture": "#0"},
				"up": {"uv": [11, 8, 12, 9], "texture": "#0"},
				"down": {"uv": [11, 9, 12, 8], "texture": "#0"}
			}
		},
		{
			"name": "antenna_19",
			"from": [5.5, 7.5, 12.84783],
			"to": [6.5, 8.5, 15.84783],
			"rotation": {"angle": 0, "axis": "y", "origin": [0.5, 7.5, 0.84783]},
			"faces": {
				"north": {"uv": [6, 12, 5, 13], "texture": "#0"},
				"east": {"uv": [5, 12, 6, 15], "rotation": 90, "texture": "#0"},
				"south": {"uv": [5, 14, 6, 15], "texture": "#0"},
				"west": {"uv": [5, 12, 6, 15], "rotation": 270, "texture": "#0"},
				"up": {"uv": [5, 12, 6, 15], "texture": "#0"},
				"down": {"uv": [5, 15, 6, 12], "texture": "#0"}
			}
		},
		{
			"name": "antenna_20",
			"from": [9.5, 7.5, 12.84783],
			"to": [10.5, 8.5, 15.84783],
			"rotation": {"angle": 0, "axis": "y", "origin": [0.5, 7.5, 0.84783]},
			"faces": {
				"north": {"uv": [10, 12, 9, 13], "texture": "#0"},
				"east": {"uv": [9, 12, 10, 15], "rotation": 90, "texture": "#0"},
				"south": {"uv": [9, 14, 10, 15], "texture": "#0"},
				"west": {"uv": [9, 12, 10, 15], "rotation": 270, "texture": "#0"},
				"up": {"uv": [9, 12, 10, 15], "texture": "#0"},
				"down": {"uv": [9, 15, 10, 12], "texture": "#0"}
			}
		},
		{
			"name": "antenna_21",
			"from": [4.5, 7.5, 13.84783],
			"to": [5.5, 8.5, 15.84783],
			"rotation": {"angle": 0, "axis": "y", "origin": [0.5, 7.5, 0.84783]},
			"faces": {
				"north": {"uv": [5, 13, 4, 14], "texture": "#0"},
				"east": {"uv": [4, 13, 5, 15], "rotation": 90, "texture": "#0"},
				"south": {"uv": [4, 14, 5, 15], "texture": "#0"},
				"west": {"uv": [4, 13, 5, 15], "rotation": 270, "texture": "#0"},
				"up": {"uv": [4, 13, 5, 15], "texture": "#0"},
				"down": {"uv": [4, 15, 5, 13], "texture": "#0"}
			}
		},
		{
			"name": "antenna_22",
			"from": [10.5, 7.5, 13.84783],
			"to": [11.5, 8.5, 15.84783],
			"rotation": {"angle": 0, "axis": "y", "origin": [0.5, 7.5, 0.84783]},
			"faces": {
				"north": {"uv": [11, 13, 10, 14], "texture": "#0"},
				"east": {"uv": [10, 13, 11, 15], "rotation": 90, "texture": "#0"},
				"south": {"uv": [10, 14, 11, 15], "texture": "#0"},
				"west": {"uv": [10, 13, 11, 15], "rotation": 270, "texture": "#0"},
				"up": {"uv": [10, 13, 11, 15], "texture": "#0"},
				"down": {"uv": [10, 15, 11, 13], "texture": "#0"}
			}
		}
	],
	"gui_light": "front",
	"display": {
		"thirdperson_righthand": {
			"rotation": [92, -10, 90],
			"translation": [0, 2.5, 1.5],
			"scale": [0.55, 0.55, 0.55]
		},
		"thirdperson_lefthand": {
			"rotation": [92, -10, 90],
			"translation": [0, 2.5, 1.5],
			"scale": [0.55, 0.55, 0.55]
		},
		"firstperson_righthand": {
			"rotation": [91, -6, 69],
			"translation": [-1, 5.25, 2],
			"scale": [0.8, 0.8, 0.8]
		},
		"firstperson_lefthand": {
			"rotation": [91, -6, 69],
			"translation": [-1, 5.25, 2],
			"scale": [0.8, 0.8, 0.8]
		},
		"ground": {
			"rotation": [90, 0, 0],
			"translation": [0, 2.5, 0],
			"scale": [0.68, 0.68, 0.68]
		},
		"gui": {
			"rotation": [90, 0, 0],
			"translation": [0, 0.25, 0],
			"scale": [0.95, 0.95, 0.95]
		},
		"fixed": {
			"rotation": [90, 0, 0]
		}
	},
	"groups": [
		{
			"name": "antenna",
			"origin": [8, 8, 8],
			"color": 0,
			"children": [0, 1, 2, 3, 4, 5, 6, 7, 8, 9, 10, 11, 12, 13, 14, 15, 16, 17, 18, 19, 20, 21, 22]
		}
	]
}