{
	"credit": "Made with Blockbench",
	"textures": {
		"0": "block/iron_block",
		"1": "block/anvil",
		"2": "block/spruce_planks",
		"particle": "block/iron_block"
	},
	"elements": [
		{
			"from": [5.99038, 7.44411, 7.46154],
			"to": [10.36538, 8.56911, 8.46154],
			"rotation": {"angle": 0, "axis": "y", "origin": [-0.13462, 7.06911, 0.46154]},
			"faces": {
				"north": {"uv": [2, 0, 7, 2], "texture": "#2"},
				"east": {"uv": [2, 0, 7, 2], "texture": "#2"},
				"south": {"uv": [2, 0, 7, 2], "texture": "#2"},
				"west": {"uv": [2, 0, 7, 2], "texture": "#2"},
				"up": {"uv": [2, 0, 7, 2], "texture": "#2"},
				"down": {"uv": [2, 0, 7, 2], "texture": "#2"}
			}
		},
		{
			"from": [10.36538, 7.56911, 7.58654],
			"to": [15.86538, 8.56911, 8.33654],
			"rotation": {"angle": 0, "axis": "y", "origin": [-0.13462, 7.06911, 0.46154]},
			"faces": {
				"north": {"uv": [2, 0, 7, 2], "texture": "#2"},
				"east": {"uv": [2, 0, 7, 2], "texture": "#2"},
				"south": {"uv": [2, 0, 7, 2], "texture": "#2"},
				"west": {"uv": [2, 0, 7, 2], "texture": "#2"},
				"up": {"uv": [2, 0, 7, 2], "texture": "#2"},
				"down": {"uv": [2, 0, 7, 2], "texture": "#2"}
			}
		},
		{
			"from": [5.86538, 8.09411, 7.61154],
			"to": [23.69038, 8.79411, 8.31154],
			"rotation": {"angle": 0, "axis": "y", "origin": [-0.13462, 7.06911, 0.46154]},
			"faces": {
				"north": {"uv": [2, 0, 14.25, 0.5], "texture": "#1"},
				"east": {"uv": [2, 0, 3.25, 0.5], "texture": "#1"},
				"south": {"uv": [2, 0, 14.25, 0.5], "texture": "#1"},
				"west": {"uv": [2, 0, 14.25, 0.5], "texture": "#1"},
				"up": {"uv": [2, 0, 14.25, 0.5], "texture": "#1"},
				"down": {"uv": [2, 0, 14.25, 0.5], "texture": "#1"}
			}
		},
		{
			"from": [23.01538, 8.06911, 7.11154],
			"to": [23.56538, 8.81911, 8.81154],
			"rotation": {"angle": 0, "axis": "y", "origin": [4.61538, 7.06911, 0.46154]},
			"faces": {
				"north": {"uv": [2, 0, 14.25, 0.5], "texture": "#1"},
				"east": {"uv": [2, 0, 14.25, 0.5], "texture": "#1"},
				"south": {"uv": [2, 0, 14.25, 0.5], "texture": "#1"},
				"west": {"uv": [2, 0, 14.25, 0.5], "texture": "#1"},
				"up": {"uv": [2, 0, 14.25, 0.5], "texture": "#1"},
				"down": {"uv": [2, 0, 14.25, 0.5], "texture": "#1"}
			}
		},
		{
			"from": [13.64038, 7.49411, 7.71154],
			"to": [15.54038, 7.99411, 8.21154],
			"rotation": {"angle": 0, "axis": "y", "origin": [-0.13462, 6.36911, 0.46154]},
			"faces": {
				"north": {"uv": [2, 0, 14.25, 0.5], "texture": "#1"},
				"east": {"uv": [2, 0, 14.25, 0.5], "texture": "#1"},
				"south": {"uv": [2, 0, 14.25, 0.5], "texture": "#1"},
				"west": {"uv": [2, 0, 14.25, 0.5], "texture": "#1"},
				"up": {"uv": [2, 0, 14.25, 0.5], "texture": "#1"},
				"down": {"uv": [2, 0, 14.25, 0.5], "texture": "#1"}
			}
		},
		{
			"from": [11.64038, 7.06911, 7.61154],
			"to": [15.09038, 7.21911, 7.76154],
			"rotation": {"angle": 0, "axis": "y", "origin": [-0.13462, 5.59411, 0.36154]},
			"faces": {
				"north": {"uv": [2, 0, 3.25, 0.5], "texture": "#1"},
				"east": {"uv": [2, 0, 3.25, 0.5], "texture": "#1"},
				"south": {"uv": [2, 0, 3.25, 0.5], "texture": "#1"},
				"west": {"uv": [2, 0, 3.25, 0.5], "texture": "#1"},
				"up": {"uv": [2, 0, 3.25, 0.5], "texture": "#1"},
				"down": {"uv": [2, 0, 3.25, 0.5], "texture": "#1"}
			}
		},
		{
			"from": [11.64038, 7.06911, 8.11154],
			"to": [15.09038, 7.21911, 8.26154],
			"rotation": {"angle": 0, "axis": "y", "origin": [-0.13462, 5.59411, 0.86154]},
			"faces": {
				"north": {"uv": [2, 0, 3.25, 0.5], "texture": "#1"},
				"east": {"uv": [2, 0, 3.25, 0.5], "texture": "#1"},
				"south": {"uv": [2, 0, 3.25, 0.5], "texture": "#1"},
				"west": {"uv": [2, 0, 3.25, 0.5], "texture": "#1"},
				"up": {"uv": [2, 0, 3.25, 0.5], "texture": "#1"},
				"down": {"uv": [2, 0, 3.25, 0.5], "texture": "#1"}
			}
		},
		{
			"from": [11.49038, 6.94411, 7.61154],
			"to": [11.64038, 7.36911, 7.76154],
			"rotation": {"angle": 0, "axis": "y", "origin": [-0.48462, 5.59411, 0.36154]},
			"faces": {
				"north": {"uv": [2, 0, 3.25, 0.5], "texture": "#1"},
				"east": {"uv": [2, 0, 3.25, 0.5], "texture": "#1"},
				"south": {"uv": [2, 0, 3.25, 0.5], "texture": "#1"},
				"west": {"uv": [2, 0, 3.25, 0.5], "texture": "#1"},
				"up": {"uv": [2, 0, 3.25, 0.5], "texture": "#1"},
				"down": {"uv": [2, 0, 3.25, 0.5], "texture": "#1"}
			}
		},
		{
			"from": [11.49038, 6.94411, 8.11154],
			"to": [11.64038, 7.36911, 8.26154],
			"rotation": {"angle": 0, "axis": "y", "origin": [-0.48462, 5.59411, 0.86154]},
			"faces": {
				"north": {"uv": [2, 0, 3.25, 0.5], "texture": "#1"},
				"east": {"uv": [2, 0, 3.25, 0.5], "texture": "#1"},
				"south": {"uv": [2, 0, 3.25, 0.5], "texture": "#1"},
				"west": {"uv": [2, 0, 3.25, 0.5], "texture": "#1"},
				"up": {"uv": [2, 0, 3.25, 0.5], "texture": "#1"},
				"down": {"uv": [2, 0, 3.25, 0.5], "texture": "#1"}
			}
		},
		{
			"from": [13.64038, 7.49411, 7.71154],
			"to": [15.54038, 7.99411, 8.21154],
			"rotation": {"angle": 0, "axis": "y", "origin": [-0.13462, 6.36911, 0.46154]},
			"faces": {
				"north": {"uv": [2, 0, 14.25, 0.5], "texture": "#1"},
				"east": {"uv": [2, 0, 14.25, 0.5], "texture": "#1"},
				"south": {"uv": [2, 0, 14.25, 0.5], "texture": "#1"},
				"west": {"uv": [2, 0, 14.25, 0.5], "texture": "#1"},
				"up": {"uv": [2, 0, 14.25, 0.5], "texture": "#1"},
				"down": {"uv": [2, 0, 14.25, 0.5], "texture": "#1"}
			}
		},
		{
			"from": [14.76538, 7.16911, 7.71154],
			"to": [15.16538, 7.66911, 8.21154],
			"rotation": {"angle": 0, "axis": "y", "origin": [-0.38462, 6.04411, 0.46154]},
			"faces": {
				"north": {"uv": [2, 0, 14.25, 0.5], "texture": "#1"},
				"east": {"uv": [2, 0, 14.25, 0.5], "texture": "#1"},
				"south": {"uv": [2, 0, 14.25, 0.5], "texture": "#1"},
				"west": {"uv": [2, 0, 14.25, 0.5], "texture": "#1"},
				"up": {"uv": [2, 0, 14.25, 0.5], "texture": "#1"},
				"down": {"uv": [2, 0, 14.25, 0.5], "texture": "#1"}
			}
		},
		{
			"from": [6.24038, 8.61911, 7.58654],
			"to": [7.06538, 8.85349, 8.33654],
			"rotation": {"angle": 0, "axis": "y", "origin": [-0.13462, 7.11911, 1.21154]},
			"faces": {
				"north": {"uv": [8, 0, 11, 1], "texture": "#0"},
				"east": {"uv": [8, 0, 11, 1], "texture": "#0"},
				"south": {"uv": [8, 0, 11, 1], "texture": "#0"},
				"west": {"uv": [8, 0, 11, 1], "texture": "#0"},
				"up": {"uv": [8, 0, 11, 1], "texture": "#0"},
				"down": {"uv": [8, 0, 11, 1], "texture": "#0"}
			}
		},
		{
			"from": [6.24038, 8.83786, 8.06779],
			"to": [7.05288, 9.09099, 8.21154],
			"rotation": {"angle": 0, "axis": "y", "origin": [-0.13462, 7.11911, 0.43654]},
			"faces": {
				"north": {"uv": [8, 0, 11, 1], "texture": "#0"},
				"east": {"uv": [8, 0, 11, 1], "texture": "#0"},
				"south": {"uv": [8, 0, 11, 1], "texture": "#0"},
				"west": {"uv": [8, 0, 11, 1], "texture": "#0"},
				"up": {"uv": [8, 0, 11, 1], "texture": "#0"},
				"down": {"uv": [8, 0, 11, 1], "texture": "#0"}
			}
		},
		{
			"from": [21.99038, 8.71286, 7.91779],
			"to": [22.30288, 9.26599, 8.03654],
			"rotation": {"angle": 0, "axis": "y", "origin": [15.11538, 7.11911, 0.26154]},
			"faces": {
				"north": {"uv": [8, 0, 11, 1], "texture": "#0"},
				"east": {"uv": [8, 0, 11, 1], "texture": "#0"},
				"south": {"uv": [8, 0, 11, 1], "texture": "#0"},
				"west": {"uv": [8, 0, 11, 1], "texture": "#0"},
				"up": {"uv": [8, 0, 11, 1], "texture": "#0"},
				"down": {"uv": [8, 0, 11, 1], "texture": "#0"}
			}
		},
		{
			"from": [21.99038, 8.56286, 7.76779],
			"to": [22.30288, 8.76599, 8.16154],
			"rotation": {"angle": 0, "axis": "y", "origin": [15.11538, 6.84411, 0.26154]},
			"faces": {
				"north": {"uv": [8, 0, 11, 1], "texture": "#0"},
				"east": {"uv": [8, 0, 11, 1], "texture": "#0"},
				"south": {"uv": [8, 0, 11, 1], "texture": "#0"},
				"west": {"uv": [8, 0, 11, 1], "texture": "#0"},
				"up": {"uv": [8, 0, 11, 1], "texture": "#0"},
				"down": {"uv": [8, 0, 11, 1], "texture": "#0"}
			}
		},
		{
			"from": [6.24038, 8.83786, 7.71154],
			"to": [7.05288, 9.09099, 7.85529],
			"rotation": {"angle": 0, "axis": "y", "origin": [-0.13462, 7.11911, 0.46154]},
			"faces": {
				"north": {"uv": [8, 0, 11, 1], "texture": "#0"},
				"east": {"uv": [8, 0, 11, 1], "texture": "#0"},
				"south": {"uv": [8, 0, 11, 1], "texture": "#0"},
				"west": {"uv": [8, 0, 11, 1], "texture": "#0"},
				"up": {"uv": [8, 0, 11, 1], "texture": "#0"},
				"down": {"uv": [8, 0, 11, 1], "texture": "#0"}
			}
		},
		{
			"from": [9.46538, 8.56911, 7.93654],
			"to": [9.84038, 8.81911, 8.78654],
			"rotation": {"angle": -22.5, "axis": "x", "origin": [9.65288, 8.69411, 8.36154]},
			"faces": {
				"north": {"uv": [6, 0, 7, 1], "texture": "#1"},
				"east": {"uv": [6, 0, 7, 1], "texture": "#1"},
				"south": {"uv": [6, 0, 7, 1], "texture": "#1"},
				"west": {"uv": [6, 0, 7, 1], "texture": "#1"},
				"up": {"uv": [6, 0, 7, 1], "texture": "#1"},
				"down": {"uv": [6, 0, 7, 1], "texture": "#1"}
			}
		},
		{
			"from": [6.36538, 7.00661, 7.83654],
			"to": [7.11538, 7.44411, 8.08654],
			"rotation": {"angle": 0, "axis": "y", "origin": [-0.13462, 7.06911, 0.46154]},
			"faces": {
				"north": {"uv": [1, 0, 1.75, 1.4375], "texture": "#0"},
				"east": {"uv": [1, 0, 1.75, 0.4375], "texture": "#0"},
				"south": {"uv": [1, 0, 1.75, 0.4375], "texture": "#0"},
				"west": {"uv": [1, 0, 1.75, 0.4375], "texture": "#0"},
				"up": {"uv": [1, 0, 1.75, 0.4375], "texture": "#0"},
				"down": {"uv": [1, 0, 1.75, 0.4375], "texture": "#0"}
			}
		},
		{
			"from": [7.49038, 7.09411, 7.61154],
			"to": [10.30288, 7.66911, 8.31154],
			"rotation": {"angle": 0, "axis": "z", "origin": [8.52163, 7.16911, 7.96154]},
			"faces": {
				"north": {"uv": [12, 1, 16, 9], "rotation": 90, "texture": "#0"},
				"east": {"uv": [12, 1, 16, 3], "rotation": 90, "texture": "#0"},
				"south": {"uv": [12, 1, 16, 9], "rotation": 90, "texture": "#0"},
				"west": {"uv": [12, 1, 16, 3], "rotation": 90, "texture": "#0"},
				"up": {"uv": [12, 1, 16, 9], "rotation": 90, "texture": "#0"},
				"down": {"uv": [1, 0, 3, 1], "rotation": 90, "texture": "#0"}
			}
		},
		{
			"from": [4.36538, 7.06911, 7.58654],
			"to": [6.11538, 8.19411, 8.33654],
			"rotation": {"angle": 22.5, "axis": "z", "origin": [5.24038, 8.00661, 7.96154]},
			"faces": {
				"north": {"uv": [2, 0, 7, 2], "texture": "#2"},
				"east": {"uv": [2, 0, 7, 2], "texture": "#2"},
				"south": {"uv": [2, 0, 7, 2], "texture": "#2"},
				"west": {"uv": [2, 0, 7, 2], "texture": "#2"},
				"up": {"uv": [2, 0, 7, 2], "texture": "#2"},
				"down": {"uv": [2, 0, 7, 2], "texture": "#2"}
			}
		},
		{
			"from": [-0.15962, 6.56911, 7.46154],
			"to": [4.99038, 8.06911, 8.46154],
			"rotation": {"angle": 0, "axis": "y", "origin": [-0.13462, 7.06911, 0.46154]},
			"faces": {
				"north": {"uv": [2, 0, 7, 2], "texture": "#2"},
				"east": {"uv": [2, 0, 7, 2], "texture": "#2"},
				"south": {"uv": [2, 0, 7, 2], "texture": "#2"},
				"west": {"uv": [2, 0, 7, 2], "texture": "#2"},
				"up": {"uv": [2, 0, 7, 2], "texture": "#2"},
				"down": {"uv": [2, 0, 7, 2], "texture": "#2"}
			}
		},
		{
			"from": [-0.05962, 5.81911, 7.58654],
			"to": [4.11538, 6.56911, 8.33654],
			"rotation": {"angle": 0, "axis": "y", "origin": [-0.13462, 7.06911, 0.46154]},
			"faces": {
				"north": {"uv": [2, 0, 7, 2], "texture": "#2"},
				"east": {"uv": [2, 0, 7, 2], "texture": "#2"},
				"south": {"uv": [2, 0, 7, 2], "texture": "#2"},
				"west": {"uv": [2, 0, 7, 2], "texture": "#2"},
				"up": {"uv": [2, 0, 7, 2], "texture": "#2"},
				"down": {"uv": [2, 0, 7, 2], "texture": "#2"}
			}
		}
	],
	"gui_light": "front",
	"display": {
		"thirdperson_righthand": {
			"rotation": [0, 90, 0],
			"translation": [-0.25, 0.5, -1],
			"scale": [1.07, 1.07, 1.07]
		},
		"thirdperson_lefthand": {
			"rotation": [0, -90, 0],
			"translation": [-0.25, 0.5, -1],
			"scale": [1.07, 1.07, 1.07]
		},
		"firstperson_righthand": {
			"rotation": [0, 90, 0],
			"translation": [-7.25, 7.5, 9],
			"scale": [0.46, 0.59, 0.59]
		},
		"firstperson_lefthand": {
			"rotation": [0, -90, 0],
			"translation": [-7.25, 7.5, 9],
			"scale": [0.46, 0.59, 0.59]
		},
		"ground": {
			"translation": [-5.25, 0, 0],
			"scale": [1.58, 1.58, 1.58]
		},
		"gui": {
			"rotation": [11, 160, 40],
			"translation": [1, -0.75, 0],
			"scale": [1.27, 1.27, 1.27]
		},
		"fixed": {
			"rotation": [-180, 0, -140],
			"translation": [6.25, -3.75, 0],
			"scale": [2.93, 2.93, 2.93]
		}
	}
}