{
	"credit": "Made with Blockbench",
	"textures": {
		"0": "block/ancient_debris_side",
		"1": "block/green_concrete",
		"particle": "block/ancient_debris_side"
	},
	"elements": [
		{
			"from": [7.25, 6.33398, 7.43945],
			"to": [8.75, 8.33398, 8.93945],
			"rotation": {"angle": 0, "axis": "y", "origin": [7.25, 6.33398, 7.43945]},
			"faces": {
				"north": {"uv": [13, 9, 14.5, 11], "texture": "#0"},
				"east": {"uv": [13, 9, 14.5, 11], "texture": "#0"},
				"south": {"uv": [13, 9, 14.5, 11], "texture": "#0"},
				"west": {"uv": [13, 9, 14.5, 11], "texture": "#0"},
				"up": {"uv": [13, 9, 14.5, 11], "texture": "#0"},
				"down": {"uv": [13, 9, 14.5, 11], "texture": "#0"}
			}
		},
		{
			"from": [7.625, 8.33398, 7.81445],
			"to": [8.375, 8.45898, 8.56445],
			"rotation": {"angle": 0, "axis": "y", "origin": [7.25, 6.33398, 7.43945]},
			"faces": {
				"north": {"uv": [0, 0, 0.75, 0.125], "texture": "#0"},
				"east": {"uv": [0, 0, 0.75, 0.125], "texture": "#0"},
				"south": {"uv": [0, 0, 0.75, 0.125], "texture": "#0"},
				"west": {"uv": [0, 0, 0.75, 0.125], "texture": "#0"},
				"up": {"uv": [0, 0, 0.75, 0.125], "texture": "#0"},
				"down": {"uv": [0, 0, 0.75, 0.125], "texture": "#0"}
			}
		},
		{
			"from": [7.5, 8.45898, 7.68945],
			"to": [8.5, 8.83398, 8.68945],
			"rotation": {"angle": 0, "axis": "y", "origin": [7.25, 6.33398, 7.43945]},
			"faces": {
				"north": {"uv": [0, 0, 1, 0.375], "texture": "#1"},
				"east": {"uv": [0, 0, 1, 0.375], "texture": "#1"},
				"south": {"uv": [0, 0, 1, 0.375], "texture": "#1"},
				"west": {"uv": [0, 0, 1, 0.375], "texture": "#1"},
				"up": {"uv": [0, 0, 1, 0.375], "texture": "#1"},
				"down": {"uv": [0, 0, 1, 0.375], "texture": "#1"}
			}
		},
		{
			"from": [7.375, 7.28711, 7.42383],
			"to": [8.625, 7.95898, 7.43945],
			"rotation": {"angle": 0, "axis": "y", "origin": [7.25, 6.33398, 7.43945]},
			"faces": {
				"north": {"uv": [13, 9, 14.5, 11], "texture": "#1"},
				"east": {"uv": [13, 9, 14.5, 11], "texture": "#1"},
				"south": {"uv": [13, 9, 14.5, 11], "texture": "#1"},
				"west": {"uv": [13, 9, 14.5, 11], "texture": "#1"},
				"up": {"uv": [13, 9, 14.5, 11], "texture": "#1"},
				"down": {"uv": [13, 9, 14.5, 11], "texture": "#1"}
			}
		}
	],
	"gui_light": "front",
	"display": {
		"thirdperson_righthand": {
			"rotation": [0, 25, 0],
			"scale": [1.34, 1.34, 1.34]
		},
		"thirdperson_lefthand": {
			"rotation": [0, 25, 0],
			"scale": [1.34, 1.34, 1.34]
		},
		"firstperson_righthand": {
			"rotation": [0, 116, 0],
			"translation": [-1.25, 4.75, 4.25]
		},
		"firstperson_lefthand": {
			"rotation": [0, 116, 0],
			"translation": [-1.25, 4.75, 4.25]
		},
		"ground": {
			"scale": [1.29, 1.29, 1.29]
		},
		"gui": {
			"rotation": [-10, 160, -12],
			"translation": [-0.25, 1.5, 0],
			"scale": [3.38, 3.38, 3.38]
		},
		"fixed": {
			"translation": [0, 1, 0],
			"scale": [2.46, 2.46, 2.46]
		}
	}
}