{
	"credit": "Made with Blockbench",
	"textures": {
		"1": "block/black_concrete_powder",
		"2": "block/gravel",
		"3": "block/yellow_concrete_powder",
		"4": "block/activator_rail_on",
		"5": "block/blue_glazed_terracotta",
		"particle": "block/iron_block"
	},
	"elements": [
		{
			"from": [1.5625, 6, 3.75],
			"to": [14.4375, 10, 12.25],
			"rotation": {"angle": 0, "axis": "y", "origin": [7.4375, 5.75, 7.75]},
			"faces": {
				"north": {"uv": [1.5, 2, 2, 2.75], "texture": "#5"},
				"east": {"uv": [1.5, 2, 2, 2.75], "texture": "#5"},
				"south": {"uv": [1.5, 2, 2, 2.75], "texture": "#5"},
				"west": {"uv": [1.5, 2, 2, 2.75], "texture": "#5"},
				"up": {"uv": [1.5, 2, 2, 2.75], "texture": "#5"},
				"down": {"uv": [1.5, 2, 2, 2.75], "texture": "#5"}
			}
		},
		{
			"from": [3.5625, 6.125, 2.25],
			"to": [12.4375, 9.875, 13.75],
			"rotation": {"angle": 0, "axis": "y", "origin": [7.4375, 5.75, 7.75]},
			"faces": {
				"north": {"uv": [1.5, 2, 2, 2.75], "texture": "#5"},
				"east": {"uv": [1.5, 2, 2, 2.75], "texture": "#5"},
				"south": {"uv": [1.5, 2, 2, 2.75], "texture": "#5"},
				"west": {"uv": [1.5, 2, 2, 2.75], "texture": "#5"},
				"up": {"uv": [1.5, 2, 2, 2.75], "texture": "#5"},
				"down": {"uv": [1.5, 2, 2, 2.75], "texture": "#5"}
			}
		},
		{
			"from": [11.0625, 9.875, 8.5],
			"to": [13.4375, 11, 11.625],
			"rotation": {"angle": 0, "axis": "y", "origin": [7.4375, 5.75, 7.75]},
			"faces": {
				"north": {"uv": [0, 2, 0.5, 2.75], "texture": "#1"},
				"east": {"uv": [0, 2, 0.5, 2.75], "texture": "#1"},
				"south": {"uv": [0, 2, 0.5, 2.75], "texture": "#1"},
				"west": {"uv": [0, 2, 0.5, 2.75], "texture": "#1"},
				"up": {"uv": [0, 2, 0.5, 2.75], "texture": "#1"},
				"down": {"uv": [0, 2, 0.5, 2.75], "texture": "#1"}
			}
		},
		{
			"from": [11.8125, 10.375, 10.875],
			"to": [12.0625, 10.625, 12.75],
			"rotation": {"angle": 0, "axis": "y", "origin": [7.4375, 5.75, 7.75]},
			"faces": {
				"north": {"uv": [0, 2, 0.5, 2.75], "texture": "#1"},
				"east": {"uv": [0, 2, 0.5, 2.75], "texture": "#1"},
				"south": {"uv": [0, 2, 0.5, 2.75], "texture": "#1"},
				"west": {"uv": [0, 2, 0.5, 2.75], "texture": "#1"},
				"up": {"uv": [0, 2, 0.5, 2.75], "texture": "#1"},
				"down": {"uv": [0, 2, 0.5, 2.75], "texture": "#1"}
			}
		},
		{
			"from": [5.3125, 5.875, 3.5],
			"to": [10.9375, 10.125, 12.5],
			"rotation": {"angle": 0, "axis": "y", "origin": [7.4375, 5.75, 7.75]},
			"faces": {
				"north": {"uv": [2.5, 0, 3, 0.75], "texture": "#2"},
				"east": {"uv": [2.5, 0, 3, 0.75], "texture": "#2"},
				"south": {"uv": [2.5, 0, 3, 0.75], "texture": "#2"},
				"west": {"uv": [2.5, 0, 3, 0.75], "texture": "#2"},
				"up": {"uv": [2.5, 0, 3, 0.75], "texture": "#2"},
				"down": {"uv": [2.5, 0, 3, 0.75], "texture": "#2"}
			}
		},
		{
			"from": [7.6875, 10.125, 7.5],
			"to": [8.5625, 10.1875, 8.375],
			"rotation": {"angle": 0, "axis": "y", "origin": [8.125, 10.15625, 7.9375]},
			"faces": {
				"north": {"uv": [0.5, 0, 1, 0.75], "texture": "#3"},
				"east": {"uv": [0.5, 0, 1, 0.75], "texture": "#3"},
				"south": {"uv": [0.5, 0, 1, 0.75], "texture": "#3"},
				"west": {"uv": [0.5, 0, 1, 0.75], "texture": "#3"},
				"up": {"uv": [0.5, 0, 1, 0.75], "texture": "#3"},
				"down": {"uv": [0.5, 0, 1, 0.75], "texture": "#3"}
			}
		},
		{
			"from": [7.4375, 10.125, 8.75],
			"to": [8.8125, 10.1875, 10.375],
			"rotation": {"angle": 0, "axis": "y", "origin": [7.1875, 5.75, 8]},
			"faces": {
				"north": {"uv": [0.5, 0, 1, 0.75], "texture": "#3"},
				"east": {"uv": [0.5, 0, 1, 0.75], "texture": "#3"},
				"south": {"uv": [0.5, 0, 1, 0.75], "texture": "#3"},
				"west": {"uv": [0.5, 0, 1, 0.75], "texture": "#3"},
				"up": {"uv": [0.5, 0, 1, 0.75], "texture": "#3"},
				"down": {"uv": [0.5, 0, 1, 0.75], "texture": "#3"}
			}
		},
		{
			"from": [5.92417, 10.125, 6.02068],
			"to": [7.67417, 10.1875, 7.39568],
			"rotation": {"angle": -45, "axis": "y", "origin": [6.79917, 10.15625, 6.70818]},
			"faces": {
				"north": {"uv": [0.5, 0, 1, 0.75], "texture": "#3"},
				"east": {"uv": [0.5, 0, 1, 0.75], "texture": "#3"},
				"south": {"uv": [0.5, 0, 1, 0.75], "texture": "#3"},
				"west": {"uv": [0.5, 0, 1, 0.75], "texture": "#3"},
				"up": {"uv": [0.5, 0, 1, 0.75], "rotation": 90, "texture": "#3"},
				"down": {"uv": [0.5, 0, 1, 0.75], "rotation": 270, "texture": "#3"}
			}
		},
		{
			"from": [7.86167, 10.125, 3.95818],
			"to": [9.23667, 10.1875, 5.70818],
			"rotation": {"angle": -45, "axis": "y", "origin": [6.79917, 10.15625, 6.70818]},
			"faces": {
				"north": {"uv": [0.5, 0, 1, 0.75], "texture": "#3"},
				"east": {"uv": [0.5, 0, 1, 0.75], "texture": "#3"},
				"south": {"uv": [0.5, 0, 1, 0.75], "texture": "#3"},
				"west": {"uv": [0.5, 0, 1, 0.75], "texture": "#3"},
				"up": {"uv": [0.5, 0, 1, 0.75], "rotation": 180, "texture": "#3"},
				"down": {"uv": [0.5, 0, 1, 0.75], "rotation": 180, "texture": "#3"}
			}
		},
		{
			"from": [12.5625, 10.375, 11.625],
			"to": [12.8125, 10.625, 13.5],
			"rotation": {"angle": 0, "axis": "y", "origin": [7.4375, 5.75, 7.75]},
			"faces": {
				"north": {"uv": [0, 2, 0.5, 2.75], "texture": "#1"},
				"east": {"uv": [0, 2, 0.5, 2.75], "texture": "#1"},
				"south": {"uv": [0, 2, 0.5, 2.75], "texture": "#1"},
				"west": {"uv": [0, 2, 0.5, 2.75], "texture": "#1"},
				"up": {"uv": [0, 2, 0.5, 2.75], "texture": "#1"},
				"down": {"uv": [0, 2, 0.5, 2.75], "texture": "#1"}
			}
		},
		{
			"from": [12.1875, 10.375, 10.25],
			"to": [12.9375, 11.125, 11],
			"rotation": {"angle": 0, "axis": "y", "origin": [7.4375, 5.75, 7.75]},
			"faces": {
				"north": {"uv": [4, 1, 4.5, 1.75], "texture": "#4"},
				"east": {"uv": [4, 1, 4.5, 1.75], "texture": "#4"},
				"south": {"uv": [4, 1, 4.5, 1.75], "texture": "#4"},
				"west": {"uv": [4, 1, 4.5, 1.75], "texture": "#4"},
				"up": {"uv": [4, 1, 4.5, 1.75], "texture": "#4"},
				"down": {"uv": [4, 1, 4.5, 1.75], "texture": "#4"}
			}
		}
	],
	"gui_light": "front",
	"display": {
		"thirdperson_righthand": {
			"rotation": [-180, -180, -90],
			"translation": [-0.25, -1, 0.25],
			"scale": [0.61, 0.61, 0.61]
		},
		"thirdperson_lefthand": {
			"rotation": [-180, -180, -90],
			"translation": [-0.25, -1, 0.25],
			"scale": [-0.61, 0.61, 0.61]
		},
		"firstperson_righthand": {
			"rotation": [-118, 10, 130],
			"translation": [-2.75, 4.5, 3.75],
			"scale": [0.8, 0.8, 0.8]
		},
		"firstperson_lefthand": {
			"rotation": [-118, 10, 130],
			"translation": [-1.75, 4.5, 3.75],
			"scale": [-0.8, 0.8, 0.8]
		},
		"ground": {
			"translation": [0, 1.75, 0.5],
			"scale": [0.74, 0.74, 0.74]
		},
		"gui": {
			"rotation": [51, -149, -10]
		},
		"fixed": {
			"rotation": [-90, 0, 0],
			"translation": [0.5, -0.5, -1],
			"scale": [1.26, 1.26, 1.26]
		}
	}
}