{
	"credit": "Made with Blockbench",
	"textures": {
		"0": "block/white_concrete",
		"1": "block/light_blue_concrete",
		"2": "block/black_concrete",
		"3": "block/yellow_terracotta",
		"4": "block/furnace_side",
		"particle": "block/white_concrete"
	},
	"elements": [
		{
			"from": [6.97095, 6.4408, 7.19077],
			"to": [8.97095, 8.4408, 9.19077],
			"rotation": {"angle": 0, "axis": "y", "origin": [14.97095, 14.4408, 15.19077]},
			"faces": {
				"north": {"uv": [0, 0, 2, 2], "texture": "#0"},
				"east": {"uv": [0, 0, 2, 2], "texture": "#0"},
				"south": {"uv": [0, 0, 2, 2], "texture": "#0"},
				"west": {"uv": [0, 0, 2, 2], "texture": "#0"},
				"up": {"uv": [0, 0, 2, 2], "texture": "#0"},
				"down": {"uv": [0, 0, 2, 2], "texture": "#0"}
			}
		},
		{
			"from": [7.31494, 6.8473, 7.06577],
			"to": [8.62744, 8.1598, 7.19077],
			"rotation": {"angle": 0, "axis": "y", "origin": [14.68994, 14.5973, 15.19077]},
			"faces": {
				"north": {"uv": [0, 0, 1.3125, 1.3125], "texture": "#1"},
				"east": {"uv": [0, 0, 0.125, 1.3125], "texture": "#1"},
				"south": {"uv": [0, 0, 1.3125, 1.3125], "texture": "#1"},
				"west": {"uv": [0, 0, 0.125, 1.3125], "texture": "#1"},
				"up": {"uv": [0, 0, 1.3125, 0.125], "texture": "#1"},
				"down": {"uv": [0, 0, 1.3125, 0.125], "texture": "#1"}
			}
		},
		{
			"from": [7.75292, 7.25379, 6.97226],
			"to": [8.25196, 7.81629, 7.12827],
			"rotation": {"angle": 0, "axis": "y", "origin": [14.68994, 14.56629, 15.12827]},
			"faces": {
				"north": {"uv": [0, 0, 0.49903, 0.5625], "texture": "#2"},
				"east": {"uv": [0, 0, 0.15601, 0.5625], "texture": "#2"},
				"south": {"uv": [0, 0, 0.49903, 0.5625], "texture": "#2"},
				"west": {"uv": [0, 0, 0.15601, 0.5625], "texture": "#2"},
				"up": {"uv": [0, 0, 0.49903, 0.15601], "texture": "#2"},
				"down": {"uv": [0, 0, 0.49903, 0.15601], "texture": "#2"}
			}
		},
		{
			"from": [7.53345, 6.1908, 7.69077],
			"to": [8.47095, 6.4408, 8.62827],
			"rotation": {"angle": 0, "axis": "y", "origin": [14.97095, 14.4408, 15.19077]},
			"faces": {
				"north": {"uv": [0, 0, 0.9375, 0.25], "texture": "#3"},
				"east": {"uv": [0, 0, 0.9375, 0.25], "texture": "#3"},
				"south": {"uv": [0, 0, 0.9375, 0.25], "texture": "#3"},
				"west": {"uv": [0, 0, 0.9375, 0.25], "texture": "#3"},
				"up": {"uv": [0, 0, 0.9375, 0.9375], "texture": "#3"},
				"down": {"uv": [0, 0, 0.9375, 0.9375], "texture": "#3"}
			}
		},
		{
			"from": [7.53345, 8.4408, 7.69077],
			"to": [8.47095, 8.6908, 8.62827],
			"rotation": {"angle": 0, "axis": "y", "origin": [14.97095, 16.6908, 15.19077]},
			"faces": {
				"north": {"uv": [0, 0, 0.9375, 0.25], "texture": "#3"},
				"east": {"uv": [0, 0, 0.9375, 0.25], "texture": "#3"},
				"south": {"uv": [0, 0, 0.9375, 0.25], "texture": "#3"},
				"west": {"uv": [0, 0, 0.9375, 0.25], "texture": "#3"},
				"up": {"uv": [0, 0, 0.9375, 0.9375], "texture": "#3"},
				"down": {"uv": [0, 0, 0.9375, 0.9375], "texture": "#3"}
			}
		},
		{
			"from": [7.72095, 8.6908, 7.87827],
			"to": [8.28345, 8.9408, 8.44077],
			"rotation": {"angle": 0, "axis": "y", "origin": [14.97095, 16.9408, 15.19077]},
			"faces": {
				"north": {"uv": [0, 0, 0.5625, 0.25], "texture": "#3"},
				"east": {"uv": [0, 0, 0.5625, 0.25], "texture": "#3"},
				"south": {"uv": [0, 0, 0.5625, 0.25], "texture": "#3"},
				"west": {"uv": [0, 0, 0.5625, 0.25], "texture": "#3"},
				"up": {"uv": [0, 0, 0.5625, 0.5625], "texture": "#3"},
				"down": {"uv": [0, 0, 0.5625, 0.5625], "texture": "#3"}
			}
		},
		{
			"from": [7.81397, 5.1283, 7.97129],
			"to": [8.19042, 6.1908, 8.31674],
			"rotation": {"angle": 0, "axis": "y", "origin": [14.97095, 14.1908, 15.19077]},
			"faces": {
				"north": {"uv": [1, 8, 1.376, 8.346], "texture": "#4"},
				"east": {"uv": [1, 8, 1.376, 8.346], "texture": "#4"},
				"south": {"uv": [1, 8, 1.376, 8.346], "texture": "#4"},
				"west": {"uv": [1, 8, 1.376, 8.346], "texture": "#4"},
				"up": {"uv": [1, 8, 1.376, 8.346], "texture": "#4"},
				"down": {"uv": [1, 8, 1.376, 8.346], "texture": "#4"}
			}
		},
		{
			"from": [7.87647, 5.2533, 7.78379],
			"to": [8.12792, 5.9408, 8.50424],
			"rotation": {"angle": 0, "axis": "y", "origin": [14.97095, 14.1908, 15.19077]},
			"faces": {
				"north": {"uv": [1, 8, 1.376, 8.346], "texture": "#4"},
				"east": {"uv": [1, 8, 1.376, 8.346], "texture": "#4"},
				"south": {"uv": [1, 8, 1.376, 8.346], "texture": "#4"},
				"west": {"uv": [1, 8, 1.376, 8.346], "texture": "#4"},
				"up": {"uv": [1, 8, 1.376, 8.346], "texture": "#4"},
				"down": {"uv": [1, 8, 1.376, 8.346], "texture": "#4"}
			}
		},
		{
			"from": [7.62647, 5.2533, 8.03379],
			"to": [8.44042, 5.9408, 8.25424],
			"rotation": {"angle": 0, "axis": "y", "origin": [14.97095, 14.1908, 15.19077]},
			"faces": {
				"north": {"uv": [1, 8, 1.376, 8.346], "texture": "#4"},
				"east": {"uv": [1, 8, 1.376, 8.346], "texture": "#4"},
				"south": {"uv": [1, 8, 1.376, 8.346], "texture": "#4"},
				"west": {"uv": [1, 8, 1.376, 8.346], "texture": "#4"},
				"up": {"uv": [1, 8, 1.376, 8.346], "texture": "#4"},
				"down": {"uv": [1, 8, 1.376, 8.346], "texture": "#4"}
			}
		},
		{
			"from": [7.81397, 8.9408, 7.97129],
			"to": [8.19042, 9.4408, 8.31674],
			"rotation": {"angle": 0, "axis": "y", "origin": [14.97095, 18.0033, 15.19077]},
			"faces": {
				"north": {"uv": [2, 8, 2.376, 8.346], "texture": "#4"},
				"east": {"uv": [2, 8, 2.376, 8.346], "texture": "#4"},
				"south": {"uv": [2, 8, 2.376, 8.346], "texture": "#4"},
				"west": {"uv": [2, 8, 2.376, 8.346], "texture": "#4"},
				"up": {"uv": [2, 8, 2.376, 8.346], "texture": "#4"},
				"down": {"uv": [2, 8, 2.376, 8.346], "texture": "#4"}
			}
		},
		{
			"from": [7.37405, 9.0658, 8.09629],
			"to": [8.63035, 9.3158, 8.19174],
			"rotation": {"angle": 0, "axis": "y", "origin": [14.97095, 18.0033, 15.19077]},
			"faces": {
				"north": {"uv": [2, 6, 2.376, 6.346], "texture": "#4"},
				"east": {"uv": [2, 6, 2.376, 6.346], "texture": "#4"},
				"south": {"uv": [2, 6, 2.376, 6.346], "texture": "#4"},
				"west": {"uv": [2, 6, 2.376, 6.346], "texture": "#4"},
				"up": {"uv": [2, 6, 2.376, 6.346], "texture": "#4"},
				"down": {"uv": [2, 6, 2.376, 6.346], "texture": "#4"}
			}
		},
		{
			"from": [7.37405, 10.5658, 8.09629],
			"to": [8.63035, 10.84681, 8.19174],
			"rotation": {"angle": 0, "axis": "y", "origin": [14.97095, 19.5033, 15.19077]},
			"faces": {
				"north": {"uv": [2, 6, 2.376, 6.346], "texture": "#4"},
				"east": {"uv": [2, 6, 2.376, 6.346], "texture": "#4"},
				"south": {"uv": [2, 6, 2.376, 6.346], "texture": "#4"},
				"west": {"uv": [2, 6, 2.376, 6.346], "texture": "#4"},
				"up": {"uv": [2, 6, 2.376, 6.346], "texture": "#4"},
				"down": {"uv": [2, 6, 2.376, 6.346], "texture": "#4"}
			}
		},
		{
			"from": [8.62647, 9.3158, 8.09629],
			"to": [8.94042, 10.5658, 8.19174],
			"rotation": {"angle": 0, "axis": "y", "origin": [14.97095, 18.8158, 15.19077]},
			"faces": {
				"north": {"uv": [2, 6, 2.376, 6.346], "texture": "#4"},
				"east": {"uv": [2, 6, 2.376, 6.346], "texture": "#4"},
				"south": {"uv": [2, 6, 2.376, 6.346], "texture": "#4"},
				"west": {"uv": [2, 6, 2.376, 6.346], "texture": "#4"},
				"up": {"uv": [2, 6, 2.376, 6.346], "texture": "#4"},
				"down": {"uv": [2, 6, 2.376, 6.346], "texture": "#4"}
			}
		},
		{
			"from": [7.06397, 9.3158, 8.09629],
			"to": [7.37792, 10.5658, 8.19174],
			"rotation": {"angle": 0, "axis": "y", "origin": [13.40845, 18.8158, 15.19077]},
			"faces": {
				"north": {"uv": [2, 6, 2.376, 6.346], "texture": "#4"},
				"east": {"uv": [2, 6, 2.376, 6.346], "texture": "#4"},
				"south": {"uv": [2, 6, 2.376, 6.346], "texture": "#4"},
				"west": {"uv": [2, 6, 2.376, 6.346], "texture": "#4"},
				"up": {"uv": [2, 6, 2.376, 6.346], "texture": "#4"},
				"down": {"uv": [2, 6, 2.376, 6.346], "texture": "#4"}
			}
		}
	],
	"display": {
		"thirdperson_righthand": {
			"rotation": [58, 0, 0],
			"translation": [-0.75, -1.5, -1.5]
		},
		"thirdperson_lefthand": {
			"rotation": [58, 0, 0],
			"translation": [-0.75, -1.5, -1.5]
		},
		"firstperson_righthand": {
			"rotation": [0, 130, 0],
			"translation": [-2.25, 6.5, 5.25]
		},
		"firstperson_lefthand": {
			"rotation": [0, 130, 0],
			"translation": [-2.25, 6.5, 5.25]
		},
		"ground": {
			"scale": [1.17, 1.17, 1.17]
		},
		"gui": {
			"rotation": [-52, 153, 34],
			"translation": [0.25, 0, 0],
			"scale": [2.49, 2.49, 2.49]
		},
		"fixed": {
			"translation": [0, 0, -0.75],
			"scale": [2.22, 2.22, 2.22]
		}
	}
}