{
	"credit": "Made with Blockbench",
	"textures": {
		"0": "block/gold_block",
		"1": "block/light_blue_concrete_powder",
		"2": "block/spruce_log",
		"particle": "block/gold_block"
	},
	"elements": [
		{
			"name": "Stick",
			"from": [7.68528, -5.60198, 8.25951],
			"to": [8.25452, 8.14802, 8.83499],
			"rotation": {"angle": 0, "axis": "y", "origin": [16.25427, 7.04802, 16.766]},
			"faces": {
				"north": {"uv": [6, 0, 7.688, 16], "texture": "#2"},
				"east": {"uv": [13, 0, 14.688, 16], "texture": "#2"},
				"south": {"uv": [10, 0, 11.688, 16], "texture": "#2"},
				"west": {"uv": [2, 0, 3.688, 16], "texture": "#2"},
				"up": {"uv": [0, 0, 1.688, 16], "texture": "#2"},
				"down": {"uv": [0, 0, 1.688, 16], "texture": "#2"}
			}
		},
		{
			"from": [7.45427, 6.17302, 8.3785],
			"to": [8.55427, 7.73552, 8.6535],
			"rotation": {"angle": 0, "axis": "y", "origin": [16.25427, 15.43552, 16.766]},
			"faces": {
				"north": {"uv": [1, 0, 1.25, 0.625], "texture": "#0"},
				"east": {"uv": [1, 0, 1.25, 0.625], "texture": "#0"},
				"south": {"uv": [1, 0, 1.25, 0.625], "texture": "#0"},
				"west": {"uv": [1, 0, 1.25, 0.625], "texture": "#0"},
				"up": {"uv": [1, 0, 1.25, 0.625], "texture": "#0"},
				"down": {"uv": [1, 0, 1.25, 0.625], "texture": "#0"}
			}
		},
		{
			"from": [7.57831, 6.88619, 7.91241],
			"to": [8.36823, 7.82854, 8.37443],
			"rotation": {"angle": 45, "axis": "x", "origin": [8.00427, 6.95427, 8.516]},
			"faces": {
				"north": {"uv": [1, 0, 1.25, 0.625], "texture": "#0"},
				"east": {"uv": [1, 0, 1.25, 0.625], "texture": "#0"},
				"south": {"uv": [1, 0, 1.25, 0.625], "texture": "#0"},
				"west": {"uv": [1, 0, 1.25, 0.625], "texture": "#0"},
				"up": {"uv": [1, 0, 1.25, 0.625], "texture": "#0"},
				"down": {"uv": [1, 0, 1.25, 0.625], "texture": "#0"}
			}
		},
		{
			"from": [7.64032, 6.41623, 7.91241],
			"to": [8.30621, 7.07951, 8.37443],
			"rotation": {"angle": 45, "axis": "x", "origin": [8.00427, 6.32927, 8.516]},
			"faces": {
				"north": {"uv": [1, 0, 1.25, 0.625], "texture": "#0"},
				"east": {"uv": [1, 0, 1.25, 0.625], "texture": "#0"},
				"south": {"uv": [1, 0, 1.25, 0.625], "texture": "#0"},
				"west": {"uv": [1, 0, 1.25, 0.625], "texture": "#0"},
				"up": {"uv": [1, 0, 1.25, 0.625], "texture": "#0"},
				"down": {"uv": [1, 0, 1.25, 0.625], "texture": "#0"}
			}
		},
		{
			"from": [7.45427, 7.73552, 7.966],
			"to": [8.55427, 8.56052, 9.066],
			"rotation": {"angle": 0, "axis": "y", "origin": [16.25427, 15.43552, 16.766]},
			"faces": {
				"north": {"uv": [1, 0, 1.25, 0.625], "texture": "#0"},
				"east": {"uv": [1, 0, 1.25, 0.625], "texture": "#0"},
				"south": {"uv": [1, 0, 1.25, 0.625], "texture": "#0"},
				"west": {"uv": [1, 0, 1.25, 0.625], "texture": "#0"},
				"up": {"uv": [1, 0, 1.25, 0.625], "texture": "#0"},
				"down": {"uv": [1, 0, 1.25, 0.625], "texture": "#0"}
			}
		},
		{
			"from": [7.45481, 8.56052, 8.3785],
			"to": [8.55427, 8.83552, 8.6535],
			"rotation": {"angle": 0, "axis": "y", "origin": [16.25427, 15.43552, 16.766]},
			"faces": {
				"north": {"uv": [1, 0, 1.25, 0.625], "texture": "#0"},
				"east": {"uv": [1, 0, 1.25, 0.625], "texture": "#0"},
				"south": {"uv": [1, 0, 1.25, 0.625], "texture": "#0"},
				"west": {"uv": [1, 0, 1.25, 0.625], "texture": "#0"},
				"up": {"uv": [1, 0, 1.25, 0.625], "texture": "#0"},
				"down": {"uv": [1, 0, 1.25, 0.625], "texture": "#0"}
			}
		},
		{
			"from": [7.52302, 8.56052, 8.13459],
			"to": [8.48552, 9.04177, 8.47781],
			"rotation": {"angle": 0, "axis": "y", "origin": [16.25427, 15.43552, 0.02209]},
			"faces": {
				"north": {"uv": [1, 0, 1.25, 0.625], "texture": "#0"},
				"east": {"uv": [1, 0, 1.25, 0.625], "texture": "#0"},
				"south": {"uv": [1, 0, 1.25, 0.625], "texture": "#0"},
				"west": {"uv": [1, 0, 1.25, 0.625], "texture": "#0"},
				"up": {"uv": [1, 0, 1.25, 0.625], "texture": "#0"},
				"down": {"uv": [1, 0, 1.25, 0.625], "texture": "#0"}
			}
		},
		{
			"from": [7.52302, 8.56052, 8.58528],
			"to": [8.48552, 9.04177, 8.9285],
			"rotation": {"angle": 0, "axis": "y", "origin": [16.25427, 15.43552, 17.041]},
			"faces": {
				"north": {"uv": [1, 0, 1.25, 0.625], "texture": "#0"},
				"east": {"uv": [1, 0, 1.25, 0.625], "texture": "#0"},
				"south": {"uv": [1, 0, 1.25, 0.625], "texture": "#0"},
				"west": {"uv": [1, 0, 1.25, 0.625], "texture": "#0"},
				"up": {"uv": [1, 0, 1.25, 0.625], "texture": "#0"},
				"down": {"uv": [1, 0, 1.25, 0.625], "texture": "#0"}
			}
		},
		{
			"from": [7.66106, 8.56052, 8.86028],
			"to": [8.34749, 9.24802, 9.2035],
			"rotation": {"angle": 0, "axis": "y", "origin": [16.25427, 15.43552, 17.316]},
			"faces": {
				"north": {"uv": [1, 0, 1.25, 0.625], "texture": "#0"},
				"east": {"uv": [1, 0, 1.25, 0.625], "texture": "#0"},
				"south": {"uv": [1, 0, 1.25, 0.625], "texture": "#0"},
				"west": {"uv": [1, 0, 1.25, 0.625], "texture": "#0"},
				"up": {"uv": [1, 0, 1.25, 0.625], "texture": "#0"},
				"down": {"uv": [1, 0, 1.25, 0.625], "texture": "#0"}
			}
		},
		{
			"from": [7.66106, 8.56052, 7.85959],
			"to": [8.34749, 9.24802, 8.20281],
			"rotation": {"angle": 0, "axis": "y", "origin": [16.25427, 15.43552, -0.25291]},
			"faces": {
				"north": {"uv": [1, 0, 1.25, 0.625], "texture": "#0"},
				"east": {"uv": [1, 0, 1.25, 0.625], "texture": "#0"},
				"south": {"uv": [1, 0, 1.25, 0.625], "texture": "#0"},
				"west": {"uv": [1, 0, 1.25, 0.625], "texture": "#0"},
				"up": {"uv": [1, 0, 1.25, 0.625], "texture": "#0"},
				"down": {"uv": [1, 0, 1.25, 0.625], "texture": "#0"}
			}
		},
		{
			"from": [7.83267, 8.43722, 9.86843],
			"to": [8.17588, 9.81062, 10.62575],
			"rotation": {"angle": 22.5, "axis": "x", "origin": [8.00427, 9.295, 10.34942]},
			"faces": {
				"north": {"uv": [4, 4, 4.689, 5.249], "texture": "#0"},
				"east": {"uv": [4, 4, 4.689, 5.249], "texture": "#0"},
				"south": {"uv": [4, 4, 4.689, 5.249], "texture": "#0"},
				"west": {"uv": [4, 4, 4.689, 5.249], "texture": "#0"},
				"up": {"uv": [4, 4, 4.689, 5.249], "texture": "#0"},
				"down": {"uv": [4, 4, 4.689, 5.249], "texture": "#0"}
			}
		},
		{
			"from": [7.86677, 9.64718, 10.10237],
			"to": [8.14177, 10.57451, 10.7579],
			"rotation": {"angle": 0, "axis": "x", "origin": [8.00427, 10.05968, 10.48157]},
			"faces": {
				"north": {"uv": [4, 4, 4.689, 5.249], "texture": "#0"},
				"east": {"uv": [4, 4, 4.689, 5.249], "texture": "#0"},
				"south": {"uv": [4, 4, 4.689, 5.249], "texture": "#0"},
				"west": {"uv": [4, 4, 4.689, 5.249], "texture": "#0"},
				"up": {"uv": [4, 4, 4.689, 5.249], "texture": "#0"},
				"down": {"uv": [4, 4, 4.689, 5.249], "texture": "#0"}
			}
		},
		{
			"from": [7.90088, 10.26593, 10.10237],
			"to": [8.10767, 10.84951, 10.6204],
			"rotation": {"angle": 0, "axis": "x", "origin": [8.00427, 10.05968, 10.48157]},
			"faces": {
				"north": {"uv": [4, 4, 4.689, 5.249], "texture": "#0"},
				"east": {"uv": [4, 4, 4.689, 5.249], "texture": "#0"},
				"south": {"uv": [4, 4, 4.689, 5.249], "texture": "#0"},
				"west": {"uv": [4, 4, 4.689, 5.249], "texture": "#0"},
				"up": {"uv": [4, 4, 4.689, 5.249], "texture": "#0"},
				"down": {"uv": [4, 4, 4.689, 5.249], "texture": "#0"}
			}
		},
		{
			"from": [7.93499, 10.60968, 10.10237],
			"to": [8.07356, 11.26201, 10.4829],
			"rotation": {"angle": -22.5, "axis": "x", "origin": [8.00427, 10.90147, 10.36139]},
			"faces": {
				"north": {"uv": [4, 4, 4.689, 5.249], "texture": "#0"},
				"east": {"uv": [4, 4, 4.689, 5.249], "texture": "#0"},
				"south": {"uv": [4, 4, 4.689, 5.249], "texture": "#0"},
				"west": {"uv": [4, 4, 4.689, 5.249], "texture": "#0"},
				"up": {"uv": [4, 4, 4.689, 5.249], "texture": "#0"},
				"down": {"uv": [4, 4, 4.689, 5.249], "texture": "#0"}
			}
		},
		{
			"from": [7.79856, 7.94177, 8.6535],
			"to": [8.20999, 9.11052, 10.0285],
			"rotation": {"angle": -22.5, "axis": "x", "origin": [8.00427, 8.90427, 9.066]},
			"faces": {
				"north": {"uv": [4, 4, 4.689, 5.249], "rotation": 270, "texture": "#0"},
				"east": {"uv": [4, 4, 4.689, 5.249], "rotation": 270, "texture": "#0"},
				"south": {"uv": [4, 4, 4.689, 5.249], "rotation": 270, "texture": "#0"},
				"west": {"uv": [4, 4, 4.689, 5.249], "rotation": 270, "texture": "#0"},
				"up": {"uv": [4, 4, 4.689, 5.249], "rotation": 270, "texture": "#0"},
				"down": {"uv": [4, 4, 4.689, 5.249], "rotation": 270, "texture": "#0"}
			}
		},
		{
			"from": [7.79856, 8.69802, 7.20975],
			"to": [8.20999, 9.24802, 8.6535],
			"rotation": {"angle": 22.5, "axis": "x", "origin": [8.00427, 9.04177, 7.691]},
			"faces": {
				"north": {"uv": [3, 4, 3.5, 5.313], "rotation": 90, "texture": "#0"},
				"east": {"uv": [3, 4, 3.5, 5.313], "rotation": 90, "texture": "#0"},
				"south": {"uv": [3, 4, 3.5, 5.313], "rotation": 90, "texture": "#0"},
				"west": {"uv": [3, 4, 3.5, 5.313], "rotation": 90, "texture": "#0"},
				"up": {"uv": [3, 4, 3.5, 5.313], "rotation": 90, "texture": "#0"},
				"down": {"uv": [3, 4, 3.5, 5.313], "rotation": 90, "texture": "#0"}
			}
		},
		{
			"from": [7.83267, 8.83445, 6.52118],
			"to": [8.17588, 9.45427, 7.00297],
			"rotation": {"angle": -45, "axis": "x", "origin": [8.00427, 9.66052, 6.79672]},
			"faces": {
				"north": {"uv": [3, 4, 3.5, 5.313], "rotation": 180, "texture": "#0"},
				"east": {"uv": [3, 4, 3.5, 5.313], "rotation": 180, "texture": "#0"},
				"south": {"uv": [3, 4, 3.5, 5.313], "rotation": 180, "texture": "#0"},
				"west": {"uv": [3, 4, 3.5, 5.313], "rotation": 180, "texture": "#0"},
				"up": {"uv": [3, 4, 3.5, 5.313], "rotation": 180, "texture": "#0"},
				"down": {"uv": [3, 4, 3.5, 5.313], "rotation": 180, "texture": "#0"}
			}
		},
		{
			"from": [7.90088, 8.69802, 6.21048],
			"to": [8.10767, 9.48891, 7.00297],
			"rotation": {"angle": -45, "axis": "x", "origin": [8.00427, 9.66052, 6.79672]},
			"faces": {
				"north": {"uv": [1, 4, 1.5, 5.313], "rotation": 180, "texture": "#0"},
				"east": {"uv": [1, 4, 1.5, 5.313], "rotation": 180, "texture": "#0"},
				"south": {"uv": [1, 4, 1.5, 5.313], "rotation": 180, "texture": "#0"},
				"west": {"uv": [1, 4, 1.5, 5.313], "rotation": 180, "texture": "#0"},
				"up": {"uv": [1, 4, 1.5, 5.313], "rotation": 180, "texture": "#0"},
				"down": {"uv": [1, 4, 1.5, 5.313], "rotation": 180, "texture": "#0"}
			}
		},
		{
			"from": [7.9691, 8.59569, 5.97012],
			"to": [8.03945, 9.42069, 6.21847],
			"rotation": {"angle": -45, "axis": "x", "origin": [8.00427, 9.66052, 6.79672]},
			"faces": {
				"north": {"uv": [1, 4, 1.5, 5.313], "rotation": 180, "texture": "#0"},
				"east": {"uv": [1, 4, 1.5, 5.313], "rotation": 180, "texture": "#0"},
				"south": {"uv": [1, 4, 1.5, 5.313], "rotation": 180, "texture": "#0"},
				"west": {"uv": [1, 4, 1.5, 5.313], "rotation": 180, "texture": "#0"},
				"up": {"uv": [1, 4, 1.5, 5.313], "rotation": 180, "texture": "#0"},
				"down": {"uv": [1, 4, 1.5, 5.313], "rotation": 180, "texture": "#0"}
			}
		},
		{
			"from": [7.86677, 9.08688, 6.45879],
			"to": [8.14177, 9.94972, 6.87182],
			"rotation": {"angle": -22.5, "axis": "x", "origin": [8.00427, 10.05231, 6.21843]},
			"faces": {
				"north": {"uv": [3, 4, 3.5, 5.313], "rotation": 180, "texture": "#0"},
				"east": {"uv": [3, 4, 3.5, 5.313], "rotation": 180, "texture": "#0"},
				"south": {"uv": [3, 4, 3.5, 5.313], "rotation": 180, "texture": "#0"},
				"west": {"uv": [3, 4, 3.5, 5.313], "rotation": 180, "texture": "#0"},
				"up": {"uv": [3, 4, 3.5, 5.313], "rotation": 180, "texture": "#0"},
				"down": {"uv": [3, 4, 3.5, 5.313], "rotation": 180, "texture": "#0"}
			}
		},
		{
			"from": [7.93499, 9.08688, 6.14914],
			"to": [8.07356, 9.94972, 6.45932],
			"rotation": {"angle": -22.5, "axis": "x", "origin": [8.00427, 10.05231, 6.21843]},
			"faces": {
				"north": {"uv": [1, 4, 1.5, 5.313], "rotation": 180, "texture": "#0"},
				"east": {"uv": [1, 4, 1.5, 5.313], "rotation": 180, "texture": "#0"},
				"south": {"uv": [1, 4, 1.5, 5.313], "rotation": 180, "texture": "#0"},
				"west": {"uv": [1, 4, 1.5, 5.313], "rotation": 180, "texture": "#0"},
				"up": {"uv": [1, 4, 1.5, 5.313], "rotation": 180, "texture": "#0"},
				"down": {"uv": [1, 4, 1.5, 5.313], "rotation": 180, "texture": "#0"}
			}
		},
		{
			"from": [7.9691, 8.91528, 5.94289],
			"to": [8.03945, 9.53722, 6.15234],
			"rotation": {"angle": -22.5, "axis": "x", "origin": [8.00427, 10.05231, 6.21843]},
			"faces": {
				"north": {"uv": [1, 4, 1.5, 5.313], "rotation": 180, "texture": "#0"},
				"east": {"uv": [1, 4, 1.5, 5.313], "rotation": 180, "texture": "#0"},
				"south": {"uv": [1, 4, 1.5, 5.313], "rotation": 180, "texture": "#0"},
				"west": {"uv": [1, 4, 1.5, 5.313], "rotation": 180, "texture": "#0"},
				"up": {"uv": [1, 4, 1.5, 5.313], "rotation": 180, "texture": "#0"},
				"down": {"uv": [1, 4, 1.5, 5.313], "rotation": 180, "texture": "#0"}
			}
		},
		{
			"from": [7.9691, 9.53403, 6.01164],
			"to": [8.03945, 9.88097, 6.15234],
			"rotation": {"angle": -22.5, "axis": "x", "origin": [8.00427, 10.05231, 6.21843]},
			"faces": {
				"north": {"uv": [1, 4, 1.5, 5.313], "rotation": 180, "texture": "#0"},
				"east": {"uv": [1, 4, 1.5, 5.313], "rotation": 180, "texture": "#0"},
				"south": {"uv": [1, 4, 1.5, 5.313], "rotation": 180, "texture": "#0"},
				"west": {"uv": [1, 4, 1.5, 5.313], "rotation": 180, "texture": "#0"},
				"up": {"uv": [1, 4, 1.5, 5.313], "rotation": 180, "texture": "#0"},
				"down": {"uv": [1, 4, 1.5, 5.313], "rotation": 180, "texture": "#0"}
			}
		},
		{
			"from": [7.90088, 10.01314, 6.49289],
			"to": [8.10767, 11.39347, 6.87182],
			"rotation": {"angle": 0, "axis": "x", "origin": [8.00427, 10.05231, 6.21843]},
			"faces": {
				"north": {"uv": [3, 4, 3.5, 5.313], "rotation": 180, "texture": "#0"},
				"east": {"uv": [3, 4, 3.5, 5.313], "rotation": 180, "texture": "#0"},
				"south": {"uv": [3, 4, 3.5, 5.313], "rotation": 180, "texture": "#0"},
				"west": {"uv": [3, 4, 3.5, 5.313], "rotation": 180, "texture": "#0"},
				"up": {"uv": [3, 4, 3.5, 5.313], "rotation": 180, "texture": "#0"},
				"down": {"uv": [3, 4, 3.5, 5.313], "rotation": 180, "texture": "#0"}
			}
		},
		{
			"from": [7.9691, 9.87564, 6.22003],
			"to": [8.03945, 10.80239, 6.49663],
			"rotation": {"angle": 0, "axis": "y", "origin": [8.00427, 10.05231, 6.21843]},
			"faces": {
				"north": {"uv": [1, 4, 1.5, 5.313], "rotation": 180, "texture": "#0"},
				"east": {"uv": [1, 4, 1.5, 5.313], "rotation": 180, "texture": "#0"},
				"south": {"uv": [1, 4, 1.5, 5.313], "rotation": 180, "texture": "#0"},
				"west": {"uv": [1, 4, 1.5, 5.313], "rotation": 180, "texture": "#0"},
				"up": {"uv": [1, 4, 1.5, 5.313], "rotation": 180, "texture": "#0"},
				"down": {"uv": [1, 4, 1.5, 5.313], "rotation": 180, "texture": "#0"}
			}
		},
		{
			"from": [7.86731, 8.35427, 7.2785],
			"to": [8.14124, 8.69802, 8.6535],
			"rotation": {"angle": 22.5, "axis": "x", "origin": [8.00427, 9.04177, 7.691]},
			"faces": {
				"north": {"uv": [1, 4, 1.5, 5.313], "rotation": 90, "texture": "#0"},
				"east": {"uv": [1, 4, 1.5, 5.313], "rotation": 90, "texture": "#0"},
				"south": {"uv": [1, 4, 1.5, 5.313], "rotation": 90, "texture": "#0"},
				"west": {"uv": [1, 4, 1.5, 5.313], "rotation": 90, "texture": "#0"},
				"up": {"uv": [1, 4, 1.5, 5.313], "rotation": 90, "texture": "#0"},
				"down": {"uv": [1, 4, 1.5, 5.313], "rotation": 90, "texture": "#0"}
			}
		},
		{
			"from": [7.93606, 8.07927, 7.2785],
			"to": [8.07249, 8.35427, 8.6535],
			"rotation": {"angle": 22.5, "axis": "x", "origin": [8.00427, 9.04177, 7.691]},
			"faces": {
				"north": {"uv": [1, 4, 1.5, 5.313], "rotation": 90, "texture": "#0"},
				"east": {"uv": [1, 4, 1.5, 5.313], "rotation": 90, "texture": "#0"},
				"south": {"uv": [1, 4, 1.5, 5.313], "rotation": 90, "texture": "#0"},
				"west": {"uv": [1, 4, 1.5, 5.313], "rotation": 90, "texture": "#0"},
				"up": {"uv": [1, 4, 1.5, 5.313], "rotation": 90, "texture": "#0"},
				"down": {"uv": [1, 4, 1.5, 5.313], "rotation": 90, "texture": "#0"}
			}
		},
		{
			"from": [7.93499, 11.0801, 6.73945],
			"to": [8.07356, 12.21847, 7.14629],
			"rotation": {"angle": 22.5, "axis": "x", "origin": [8.00427, 11.73456, 6.8545]},
			"faces": {
				"north": {"uv": [3, 4, 3.5, 5.313], "rotation": 180, "texture": "#0"},
				"east": {"uv": [3, 4, 3.5, 5.313], "rotation": 180, "texture": "#0"},
				"south": {"uv": [3, 4, 3.5, 5.313], "rotation": 180, "texture": "#0"},
				"west": {"uv": [3, 4, 3.5, 5.313], "rotation": 180, "texture": "#0"},
				"up": {"uv": [3, 4, 3.5, 5.313], "rotation": 180, "texture": "#0"},
				"down": {"uv": [3, 4, 3.5, 5.313], "rotation": 180, "texture": "#0"}
			}
		},
		{
			"from": [7.9691, 10.7925, 6.32057],
			"to": [8.03945, 11.14841, 6.49325],
			"rotation": {"angle": 0, "axis": "x", "origin": [8.00427, 11.34303, 6.43792]},
			"faces": {
				"north": {"uv": [1, 4, 1.5, 5.313], "rotation": 180, "texture": "#0"},
				"east": {"uv": [1, 4, 1.5, 5.313], "rotation": 180, "texture": "#0"},
				"south": {"uv": [1, 4, 1.5, 5.313], "rotation": 180, "texture": "#0"},
				"west": {"uv": [1, 4, 1.5, 5.313], "rotation": 180, "texture": "#0"},
				"up": {"uv": [1, 4, 1.5, 5.313], "rotation": 180, "texture": "#0"},
				"down": {"uv": [1, 4, 1.5, 5.313], "rotation": 180, "texture": "#0"}
			}
		},
		{
			"from": [7.9691, 12.21314, 6.91106],
			"to": [8.03945, 12.63097, 7.14682],
			"rotation": {"angle": 22.5, "axis": "x", "origin": [8.00427, 11.73456, 6.8545]},
			"faces": {
				"north": {"uv": [3, 4, 3.5, 5.313], "rotation": 180, "texture": "#0"},
				"east": {"uv": [3, 4, 3.5, 5.313], "rotation": 180, "texture": "#0"},
				"south": {"uv": [3, 4, 3.5, 5.313], "rotation": 180, "texture": "#0"},
				"west": {"uv": [3, 4, 3.5, 5.313], "rotation": 180, "texture": "#0"},
				"up": {"uv": [3, 4, 3.5, 5.313], "rotation": 180, "texture": "#0"},
				"down": {"uv": [3, 4, 3.5, 5.313], "rotation": 180, "texture": "#0"}
			}
		},
		{
			"from": [7.89177, 9.67302, 8.30999],
			"to": [8.11677, 10.68552, 8.72201],
			"rotation": {"angle": 0, "axis": "y", "origin": [16.25427, 17.56052, 16.766]},
			"faces": {
				"north": {"uv": [3, 1, 4, 1.75], "texture": "#1"},
				"east": {"uv": [3, 1, 4, 1.75], "texture": "#1"},
				"south": {"uv": [3, 1, 4, 1.75], "texture": "#1"},
				"west": {"uv": [3, 1, 4, 1.75], "texture": "#1"},
				"up": {"uv": [3, 1, 4, 1.75], "texture": "#1"},
				"down": {"uv": [3, 1, 4, 1.75], "texture": "#1"}
			}
		},
		{
			"from": [7.92278, 9.79802, 8.24749],
			"to": [8.08577, 10.56052, 8.78451],
			"rotation": {"angle": 0, "axis": "y", "origin": [16.25427, 17.56052, 16.766]},
			"faces": {
				"north": {"uv": [3, 1, 4, 1.75], "texture": "#1"},
				"east": {"uv": [3, 1, 4, 1.75], "texture": "#1"},
				"south": {"uv": [3, 1, 4, 1.75], "texture": "#1"},
				"west": {"uv": [3, 1, 4, 1.75], "texture": "#1"},
				"up": {"uv": [3, 1, 4, 1.75], "texture": "#1"},
				"down": {"uv": [3, 1, 4, 1.75], "texture": "#1"}
			}
		},
		{
			"from": [7.92278, 10.67302, 8.37249],
			"to": [8.08577, 10.81052, 8.65951],
			"rotation": {"angle": 0, "axis": "y", "origin": [16.25427, 17.56052, 16.766]},
			"faces": {
				"north": {"uv": [3, 1, 4, 1.75], "texture": "#1"},
				"east": {"uv": [3, 1, 4, 1.75], "texture": "#1"},
				"south": {"uv": [3, 1, 4, 1.75], "texture": "#1"},
				"west": {"uv": [3, 1, 4, 1.75], "texture": "#1"},
				"up": {"uv": [3, 1, 4, 1.75], "texture": "#1"},
				"down": {"uv": [3, 1, 4, 1.75], "texture": "#1"}
			}
		},
		{
			"from": [7.92278, 9.54802, 8.37249],
			"to": [8.08577, 9.68552, 8.65951],
			"rotation": {"angle": 0, "axis": "y", "origin": [16.25427, 16.31052, 16.766]},
			"faces": {
				"north": {"uv": [3, 1, 4, 1.75], "texture": "#1"},
				"east": {"uv": [3, 1, 4, 1.75], "texture": "#1"},
				"south": {"uv": [3, 1, 4, 1.75], "texture": "#1"},
				"west": {"uv": [3, 1, 4, 1.75], "texture": "#1"},
				"up": {"uv": [3, 1, 4, 1.75], "texture": "#1"},
				"down": {"uv": [3, 1, 4, 1.75], "texture": "#1"}
			}
		},
		{
			"from": [7.45427, -6.32698, 8.3785],
			"to": [8.55427, -4.76448, 8.6535],
			"rotation": {"angle": 0, "axis": "y", "origin": [16.25427, 2.93552, 16.766]},
			"faces": {
				"north": {"uv": [4, 0, 5, 0.625], "texture": "#0"},
				"east": {"uv": [4, 0, 5, 0.625], "texture": "#0"},
				"south": {"uv": [4, 0, 5, 0.625], "texture": "#0"},
				"west": {"uv": [4, 0, 5, 0.625], "texture": "#0"},
				"up": {"uv": [4, 0, 5, 0.625], "texture": "#0"},
				"down": {"uv": [4, 0, 5, 0.625], "texture": "#0"}
			}
		},
		{
			"from": [7.57831, -5.61381, 7.91241],
			"to": [8.36823, -4.67146, 8.37443],
			"rotation": {"angle": 45, "axis": "x", "origin": [8.00427, -5.54573, 8.516]},
			"faces": {
				"north": {"uv": [4, 0, 5, 0.625], "texture": "#0"},
				"east": {"uv": [4, 0, 5, 0.625], "texture": "#0"},
				"south": {"uv": [4, 0, 5, 0.625], "texture": "#0"},
				"west": {"uv": [4, 0, 5, 0.625], "texture": "#0"},
				"up": {"uv": [4, 0, 5, 0.625], "texture": "#0"},
				"down": {"uv": [4, 0, 5, 0.625], "texture": "#0"}
			}
		},
		{
			"from": [7.64032, -6.08377, 7.91241],
			"to": [8.30621, -5.42049, 8.37443],
			"rotation": {"angle": 45, "axis": "x", "origin": [8.00427, -6.17073, 8.516]},
			"faces": {
				"north": {"uv": [4, 0, 5, 0.625], "texture": "#0"},
				"east": {"uv": [4, 0, 5, 0.625], "texture": "#0"},
				"south": {"uv": [4, 0, 5, 0.625], "texture": "#0"},
				"west": {"uv": [4, 0, 5, 0.625], "texture": "#0"},
				"up": {"uv": [4, 0, 5, 0.625], "texture": "#0"},
				"down": {"uv": [4, 0, 5, 0.625], "texture": "#0"}
			}
		}
	],
	"gui_light": "front",
	"display": {
		"thirdperson_righthand": {
			"translation": [-0.25, 4.75, 2.25],
			"scale": [1.2, 1.2, -1.2]
		},
		"thirdperson_lefthand": {
			"translation": [-0.5, 4.75, 2.25],
			"scale": [1.2, 1.2, -1.2]
		},
		"firstperson_righthand": {
			"rotation": [-30, -2, 0],
			"translation": [-2, 6.5, 5],
			"scale": [1, 1, -1]
		},
		"firstperson_lefthand": {
			"rotation": [-30, -2, 0],
			"translation": [-2, 6.5, 5],
			"scale": [1, 1, -1]
		},
		"ground": {
			"translation": [0, 13.75, 0],
			"scale": [1.17, 1.17, 1.17]
		},
		"gui": {
			"rotation": [57, 43, -75],
			"translation": [3, 3.25, 0],
			"scale": [1.08, 1.08, 1.08]
		},
		"fixed": {
			"rotation": [90, -45, 90],
			"translation": [-3.25, 3.75, 0],
			"scale": [1.11, 1.11, 1.11]
		}
	},
	"groups": [0,
		{
			"name": "Center Core",
			"origin": [15.49998, 14.48518, -0.70462],
			"children": [1, 2, 3, 4, 5, 6, 7, 8, 9]
		},
		{
			"name": "Left Wing",
			"origin": [7.99998, 10.36332, 8.94474],
			"children": [10, 11, 12, 13, 14]
		},
		{
			"name": "Right Wing",
			"origin": [7.99998, 8.67268, 6.51712],
			"children": [15, 16, 17, 18, 19, 20, 21, 22, 23, 24, 25, 26, 27, 28, 29]
		},
		{
			"name": "Gem",
			"origin": [16.24998, 18.0587, 15.44383],
			"children": [30, 31, 32, 33]
		},
		{
			"name": "Staff End",
			"origin": [8, 8, 8],
			"children": [34, 35, 36]
		}
	]
}