{
	"credit": "Made with Blockbench",
	"textures": {
		"0": "block/arclight_fire",
		"5": "block/beacon",
		"8": "block/white_concrete_powder",
		"12": "block/iron_block",
		"13": "block/gold_block",
		"particle": "block/arclight_fire"
	},
	"elements": [
		{
			"from": [5.375, 9, 7.8375],
			"to": [10.8125, 32, 8.2375],
			"rotation": {"angle": 0, "axis": "y", "origin": [15.5625, 8, 15.4375]},
			"faces": {
				"north": {"uv": [2, 0, 13, 16], "texture": "#0"},
				"east": {"uv": [14, 0, 15.2, 16], "texture": "#0"},
				"south": {"uv": [2, 0, 14, 16], "texture": "#0"},
				"west": {"uv": [0, 0, 1.2, 16], "texture": "#0"},
				"up": {"uv": [0, 0, 0, 1.2], "texture": "#0"},
				"down": {"uv": [0, 0, 4, 1.2], "texture": "#0"}
			}
		},
		{
			"from": [7, 9, 7.4],
			"to": [9, 18, 8.6],
			"rotation": {"angle": 0, "axis": "y", "origin": [16, 8, 15]},
			"faces": {
				"north": {"uv": [6, 5, 8, 16], "texture": "#8"},
				"east": {"uv": [0, 0, 1.2, 9], "texture": "#8"},
				"south": {"uv": [0, 0, 2, 9], "texture": "#8"},
				"west": {"uv": [0, 0, 1.2, 9], "texture": "#8"},
				"up": {"uv": [0, 0, 2, 1.2], "texture": "#8"},
				"down": {"uv": [0, 0, 2, 1.2], "texture": "#8"}
			}
		},
		{
			"from": [7.1875, 0.625, 7.1875],
			"to": [8.8125, 7, 8.8125],
			"rotation": {"angle": 0, "axis": "y", "origin": [16, 8, 15]},
			"faces": {
				"north": {"uv": [5, 2, 8.625, 13.375], "texture": "#12"},
				"east": {"uv": [5, 2, 8.625, 13.375], "texture": "#12"},
				"south": {"uv": [5, 2, 8.625, 13.375], "texture": "#12"},
				"west": {"uv": [5, 2, 8.625, 13.375], "texture": "#12"},
				"up": {"uv": [5, 2, 8.625, 13.375], "texture": "#12"},
				"down": {"uv": [5, 2, 8.625, 13.375], "texture": "#12"}
			}
		},
		{
			"from": [7.5, 7.5, 6.3125],
			"to": [8.5, 8.5, 9.6875],
			"rotation": {"angle": 0, "axis": "y", "origin": [16, 6.5, 15]},
			"faces": {
				"north": {"uv": [5, 5, 11, 11], "texture": "#5"},
				"east": {"uv": [5, 5, 11, 11], "texture": "#5"},
				"south": {"uv": [5, 5, 11, 11], "texture": "#5"},
				"west": {"uv": [5, 5, 11, 11], "texture": "#5"},
				"up": {"uv": [5, 5, 11, 11], "texture": "#5"},
				"down": {"uv": [5, 5, 11, 11], "texture": "#5"}
			}
		},
		{
			"from": [7.5, 9, 6.5],
			"to": [8.5, 10, 9.5],
			"rotation": {"angle": 0, "axis": "y", "origin": [16, 8, 15]},
			"faces": {
				"north": {"uv": [0, 0, 1, 1], "texture": "#13"},
				"east": {"uv": [0, 0, 3, 1], "texture": "#13"},
				"south": {"uv": [0, 0, 1, 1], "texture": "#13"},
				"west": {"uv": [0, 0, 3, 1], "texture": "#13"},
				"up": {"uv": [0, 0, 1, 3], "texture": "#13"},
				"down": {"uv": [0, 0, 1, 3], "texture": "#13"}
			}
		},
		{
			"from": [7, 7, 6.5],
			"to": [9, 9, 9.5],
			"rotation": {"angle": 0, "axis": "y", "origin": [16, 8, 15]},
			"faces": {
				"north": {"uv": [0, 0, 2, 2], "texture": "#13"},
				"east": {"uv": [0, 0, 3, 2], "texture": "#13"},
				"south": {"uv": [0, 0, 2, 2], "texture": "#13"},
				"west": {"uv": [0, 0, 3, 2], "texture": "#13"},
				"up": {"uv": [0, 0, 2, 3], "texture": "#13"},
				"down": {"uv": [0, 0, 2, 3], "texture": "#13"}
			}
		},
		{
			"from": [7.0625, -0.5, 7],
			"to": [8.9375, 0.6875, 9],
			"rotation": {"angle": 0, "axis": "y", "origin": [16, -0.3125, 15]},
			"faces": {
				"north": {"uv": [1, 0, 4.875, 1.188], "texture": "#13"},
				"east": {"uv": [1, 0, 6, 1.188], "texture": "#13"},
				"south": {"uv": [1, 0, 5.875, 1.188], "texture": "#13"},
				"west": {"uv": [1, 0, 6, 1.188], "texture": "#13"},
				"up": {"uv": [0, 0, 1.875, 2], "texture": "#13"},
				"down": {"uv": [6, 6, 9.875, 10], "texture": "#13"}
			}
		},
		{
			"from": [8, 7, 7.4],
			"to": [12, 9, 8.6],
			"rotation": {"angle": 0, "axis": "y", "origin": [16, 8, 15]},
			"faces": {
				"north": {"uv": [0, 0, 16, 2], "texture": "#13"},
				"east": {"uv": [0, 0, 1.2, 2], "texture": "#13"},
				"south": {"uv": [0, 0, 16, 2], "texture": "#13"},
				"west": {"uv": [0, 0, 1.2, 2], "texture": "#13"},
				"up": {"uv": [0, 0, 4, 1.2], "texture": "#13"},
				"down": {"uv": [0, 0, 4, 1.2], "texture": "#13"}
			}
		},
		{
			"from": [12, 8, 7.4],
			"to": [14, 9, 8.6],
			"rotation": {"angle": 0, "axis": "y", "origin": [16, 8, 15]},
			"faces": {
				"north": {"uv": [0, 0, 2, 1], "texture": "#13"},
				"east": {"uv": [0, 0, 1.2, 1], "texture": "#13"},
				"south": {"uv": [0, 0, 2, 1], "texture": "#13"},
				"west": {"uv": [0, 0, 1.2, 1], "texture": "#13"},
				"up": {"uv": [0, 0, 2, 1.2], "texture": "#13"},
				"down": {"uv": [0, 0, 2, 1.2], "texture": "#13"}
			}
		},
		{
			"from": [2, 8, 7.4],
			"to": [4, 9, 8.6],
			"rotation": {"angle": 0, "axis": "y", "origin": [6, 8, 15]},
			"faces": {
				"north": {"uv": [0, 0, 2, 1], "texture": "#13"},
				"east": {"uv": [0, 0, 1.2, 1], "texture": "#13"},
				"south": {"uv": [0, 0, 2, 1], "texture": "#13"},
				"west": {"uv": [0, 0, 1.2, 1], "texture": "#13"},
				"up": {"uv": [0, 0, 2, 1.2], "texture": "#13"},
				"down": {"uv": [0, 0, 2, 1.2], "texture": "#13"}
			}
		},
		{
			"from": [4, 7, 7.4],
			"to": [8, 9, 8.6],
			"rotation": {"angle": 0, "axis": "y", "origin": [12, 8, 15]},
			"faces": {
				"north": {"uv": [0, 0, 4, 2], "texture": "#13"},
				"east": {"uv": [0, 0, 1.2, 2], "texture": "#13"},
				"south": {"uv": [0, 0, 4, 2], "texture": "#13"},
				"west": {"uv": [0, 0, 1.2, 2], "texture": "#13"},
				"up": {"uv": [0, 0, 4, 1.2], "texture": "#13"},
				"down": {"uv": [0, 0, 4, 1.2], "texture": "#13"}
			}
		},
		{
			"from": [5.5, 3, 7.5],
			"to": [7.5, 7, 8.5],
			"rotation": {"angle": -22.5, "axis": "z", "origin": [15.5, 5, 15]},
			"faces": {
				"north": {"uv": [0, 0, 2, 4], "texture": "#13"},
				"east": {"uv": [0, 0, 1, 4], "texture": "#13"},
				"south": {"uv": [0, 0, 2, 4], "texture": "#13"},
				"west": {"uv": [0, 0, 1, 4], "texture": "#13"},
				"up": {"uv": [0, 0, 2, 1], "texture": "#13"},
				"down": {"uv": [0, 0, 2, 1], "texture": "#13"}
			}
		},
		{
			"from": [8.5, 3, 7.5],
			"to": [10.5, 7, 8.5],
			"rotation": {"angle": 22.5, "axis": "z", "origin": [0.5, 5, 1]},
			"faces": {
				"north": {"uv": [0, 0, 2, 4], "texture": "#13"},
				"east": {"uv": [0, 0, 1, 4], "texture": "#13"},
				"south": {"uv": [0, 0, 2, 4], "texture": "#13"},
				"west": {"uv": [0, 0, 1, 4], "texture": "#13"},
				"up": {"uv": [0, 0, 2, 1], "rotation": 180, "texture": "#13"},
				"down": {"uv": [0, 0, 2, 1], "rotation": 180, "texture": "#13"}
			}
		}
	],
	"gui_light": "front",
	"display": {
		"thirdperson_righthand": {
			"rotation": [0, 90, 0],
			"translation": [0, 0.75, 2],
			"scale": [0.6, 0.6, 0.6]
		},
		"thirdperson_lefthand": {
			"rotation": [0, 90, 0],
			"translation": [0, 0.75, 2],
			"scale": [0.6, 0.6, 0.6]
		},
		"firstperson_righthand": {
			"rotation": [0, 90, 0],
			"translation": [1.25, 2, 1.25],
			"scale": [0.7, 0.7, 0.7]
		},
		"firstperson_lefthand": {
			"rotation": [0, 90, 0],
			"translation": [1.25, 2, 1.25],
			"scale": [0.7, 0.7, 0.7]
		},
		"ground": {
			"rotation": [-91, 0, -85.5],
			"translation": [-5.75, -2.25, 0],
			"scale": [0.6, 0.6, 0.6]
		},
		"gui": {
			"rotation": [0, -180, -43],
			"translation": [3, -4.25, 0],
			"scale": [0.7, 0.7, 0.7]
		},
		"fixed": {
			"rotation": [0, 0, -43],
			"translation": [-3.75, -4, 0],
			"scale": [0.7, 0.7, 0.7]
		}
	},
	"groups": [0, 1, 2, 3,
		{
			"name": "group",
			"origin": [0, 5, 1],
			"children": [4, 5, 6, 7, 8, 9, 10, 11, 12]
		}
	]
}