{
	"credit": "Made with Blockbench",
	"textures": {
		"0": "block/acacia_planks",
		"1": "block/iron_block",
		"2": "block/blackstone_top",
		"particle": "block/acacia_planks"
	},
	"elements": [
		{
			"from": [5.86538, 7.94411, 7.83654],
			"to": [19.49038, 8.35036, 8.08654],
			"rotation": {"angle": 0, "axis": "y", "origin": [-0.13462, 7.06911, 0.46154]},
			"faces": {
				"north": {"uv": [2, 6, 3, 7], "texture": "#2"},
				"east": {"uv": [2, 6, 3, 7], "texture": "#2"},
				"south": {"uv": [2, 6, 3, 7], "texture": "#2"},
				"west": {"uv": [2, 6, 3, 7], "texture": "#2"},
				"up": {"uv": [2, 6, 3, 7], "texture": "#2"},
				"down": {"uv": [2, 6, 3, 7], "texture": "#2"}
			}
		},
		{
			"from": [5.86538, 8.31911, 7.77404],
			"to": [19.61538, 8.72536, 8.14904],
			"rotation": {"angle": 0, "axis": "y", "origin": [-0.13462, 7.06911, 0.46154]},
			"faces": {
				"north": {"uv": [2, 4, 4.25, 4.5], "texture": "#2"},
				"east": {"uv": [2, 4, 4.25, 4.5], "texture": "#2"},
				"south": {"uv": [2, 4, 4.25, 4.5], "texture": "#2"},
				"west": {"uv": [2, 4, 4.25, 4.5], "texture": "#2"},
				"up": {"uv": [2, 4, 4.25, 4.5], "texture": "#2"},
				"down": {"uv": [2, 4, 4.25, 4.5], "texture": "#2"}
			}
		},
		{
			"from": [14.67788, 7.94411, 7.77404],
			"to": [18.49038, 8.31911, 8.14904],
			"rotation": {"angle": 0, "axis": "y", "origin": [-0.13462, 7.06911, 0.46154]},
			"faces": {
				"north": {"uv": [0, 0, 2, 2], "texture": "#0"},
				"east": {"uv": [0, 0, 2, 2], "texture": "#0"},
				"south": {"uv": [0, 0, 2, 2], "texture": "#0"},
				"west": {"uv": [1, 1, 3, 3], "texture": "#0"},
				"up": {"uv": [0, 0, 2, 2], "texture": "#0"},
				"down": {"uv": [0, 0, 2, 2], "texture": "#0"}
			}
		},
		{
			"from": [5.86538, 7.88161, 7.71154],
			"to": [14.67788, 8.50661, 8.21154],
			"rotation": {"angle": 0, "axis": "y", "origin": [-0.13462, 7.06911, 0.46154]},
			"faces": {
				"north": {"uv": [0, 0, 2, 2], "texture": "#0"},
				"east": {"uv": [0, 0, 2, 2], "texture": "#0"},
				"south": {"uv": [0, 0, 2, 2], "texture": "#0"},
				"west": {"uv": [1, 1, 3, 3], "texture": "#0"},
				"up": {"uv": [0, 0, 2, 2], "texture": "#0"},
				"down": {"uv": [0, 0, 2, 2], "texture": "#0"}
			}
		},
		{
			"from": [4.11538, 7.81911, 7.69592],
			"to": [11.86538, 8.69411, 8.22716],
			"rotation": {"angle": 0, "axis": "y", "origin": [-0.13462, 7.06911, 0.46154]},
			"faces": {
				"north": {"uv": [0, 0, 2, 2], "texture": "#0"},
				"east": {"uv": [0, 0, 2, 2], "texture": "#0"},
				"south": {"uv": [0, 0, 2, 2], "texture": "#0"},
				"west": {"uv": [1, 1, 3, 3], "texture": "#0"},
				"up": {"uv": [0, 0, 2, 2], "texture": "#0"},
				"down": {"uv": [0, 0, 2, 2], "texture": "#0"}
			}
		},
		{
			"from": [-1.19712, 6.81911, 7.69592],
			"to": [3.49038, 8.19411, 8.22716],
			"rotation": {"angle": 0, "axis": "y", "origin": [-0.13462, 7.06911, 0.46154]},
			"faces": {
				"north": {"uv": [0, 0, 2, 2], "texture": "#0"},
				"east": {"uv": [0, 0, 2, 2], "texture": "#0"},
				"south": {"uv": [0, 0, 2, 2], "texture": "#0"},
				"west": {"uv": [1, 1, 3, 3], "texture": "#0"},
				"up": {"uv": [0, 0, 2, 2], "texture": "#0"},
				"down": {"uv": [0, 0, 2, 2], "texture": "#0"}
			}
		},
		{
			"from": [-1.19712, 6.44411, 7.71154],
			"to": [1.30288, 6.81911, 8.21154],
			"rotation": {"angle": 0, "axis": "y", "origin": [-0.13462, 7.06911, 0.46154]},
			"faces": {
				"north": {"uv": [0, 0, 2, 2], "texture": "#0"},
				"east": {"uv": [0, 0, 2, 2], "texture": "#0"},
				"south": {"uv": [0, 0, 2, 2], "texture": "#0"},
				"west": {"uv": [1, 1, 3, 3], "texture": "#0"},
				"up": {"uv": [0, 0, 2, 2], "texture": "#0"},
				"down": {"uv": [0, 0, 2, 2], "texture": "#0"}
			}
		},
		{
			"from": [2.80288, 7.38161, 7.72717],
			"to": [5.11538, 8.31911, 8.19591],
			"rotation": {"angle": 22.5, "axis": "z", "origin": [3.99038, 7.38161, 7.96154]},
			"faces": {
				"north": {"uv": [0, 0, 2, 2], "texture": "#0"},
				"east": {"uv": [0, 0, 2, 2], "texture": "#0"},
				"south": {"uv": [0, 0, 2, 2], "texture": "#0"},
				"west": {"uv": [1, 1, 3, 3], "texture": "#0"},
				"up": {"uv": [0, 0, 2, 2], "texture": "#0"},
				"down": {"uv": [0, 0, 2, 2], "texture": "#0"}
			}
		},
		{
			"from": [4.99038, 7.56911, 7.89904],
			"to": [5.80288, 7.88161, 8.02404],
			"rotation": {"angle": 0, "axis": "y", "origin": [-0.13462, 7.19411, 0.46154]},
			"faces": {
				"north": {"uv": [0, 0, 1, 1], "texture": "#1"},
				"east": {"uv": [0, 0, 1, 1], "texture": "#1"},
				"south": {"uv": [0, 0, 1, 1], "texture": "#1"},
				"west": {"uv": [0, 0, 1, 1], "texture": "#1"},
				"up": {"uv": [0, 0, 1, 1], "texture": "#1"},
				"down": {"uv": [0, 0, 1, 1], "texture": "#1"}
			}
		},
		{
			"from": [4.74038, 8.06911, 8.14904],
			"to": [6.55288, 8.69411, 8.33654],
			"rotation": {"angle": 0, "axis": "y", "origin": [-0.13462, 7.06911, 0.46154]},
			"faces": {
				"north": {"uv": [0, 0, 1, 1], "texture": "#1"},
				"east": {"uv": [0, 0, 1, 1], "texture": "#1"},
				"south": {"uv": [0, 0, 1, 1], "texture": "#1"},
				"west": {"uv": [0, 0, 1, 1], "texture": "#1"},
				"up": {"uv": [0, 0, 1, 1], "texture": "#1"},
				"down": {"uv": [0, 0, 1, 1], "texture": "#1"}
			}
		},
		{
			"from": [5.42788, 8.31911, 8.08654],
			"to": [5.67788, 9.06911, 8.27404],
			"rotation": {"angle": 0, "axis": "y", "origin": [5.58004, 8.92611, 8.18029]},
			"faces": {
				"north": {"uv": [0, 0, 1, 1], "texture": "#1"},
				"east": {"uv": [0, 0, 1, 1], "texture": "#1"},
				"south": {"uv": [0, 0, 1, 1], "texture": "#1"},
				"west": {"uv": [0, 0, 1, 1], "texture": "#1"},
				"up": {"uv": [0, 0, 1, 1], "texture": "#1"},
				"down": {"uv": [0, 0, 1, 1], "texture": "#1"}
			}
		},
		{
			"from": [5.39135, 8.96334, 8.08654],
			"to": [5.64135, 9.33834, 8.27404],
			"rotation": {"angle": -22.5, "axis": "z", "origin": [5.58004, 8.92611, 8.18029]},
			"faces": {
				"north": {"uv": [0, 0, 1, 1], "texture": "#1"},
				"east": {"uv": [0, 0, 1, 1], "texture": "#1"},
				"south": {"uv": [0, 0, 1, 1], "texture": "#1"},
				"west": {"uv": [0, 0, 1, 1], "texture": "#1"},
				"up": {"uv": [0, 0, 1, 1], "texture": "#1"},
				"down": {"uv": [0, 0, 1, 1], "texture": "#1"}
			}
		},
		{
			"from": [4.95288, 8.31911, 8.02404],
			"to": [5.32788, 9.06911, 8.27404],
			"rotation": {"angle": 22.5, "axis": "z", "origin": [5.17163, 8.94411, 8.16466]},
			"faces": {
				"north": {"uv": [0, 0, 1, 1], "texture": "#1"},
				"east": {"uv": [0, 0, 1, 1], "texture": "#1"},
				"south": {"uv": [0, 0, 1, 1], "texture": "#1"},
				"west": {"uv": [0, 0, 1, 1], "texture": "#1"},
				"up": {"uv": [0, 0, 1, 1], "texture": "#1"},
				"down": {"uv": [0, 0, 1, 1], "texture": "#1"}
			}
		},
		{
			"from": [5.01538, 9.06911, 8.08654],
			"to": [5.39038, 9.31911, 8.27404],
			"rotation": {"angle": 22.5, "axis": "z", "origin": [5.17163, 8.94411, 8.16466]},
			"faces": {
				"north": {"uv": [0, 0, 1, 1], "texture": "#1"},
				"east": {"uv": [0, 0, 1, 1], "texture": "#1"},
				"south": {"uv": [0, 0, 1, 1], "texture": "#1"},
				"west": {"uv": [0, 0, 1, 1], "texture": "#1"},
				"up": {"uv": [0, 0, 1, 1], "texture": "#1"},
				"down": {"uv": [0, 0, 1, 1], "texture": "#1"}
			}
		}
	],
	"gui_light": "front",
	"display": {
		"thirdperson_righthand": {
			"rotation": [0, 90, 0],
			"translation": [-0.25, 0.5, -1],
			"scale": [1.07, 1.07, 1.07]
		},
		"thirdperson_lefthand": {
			"rotation": [0, -90, 0],
			"translation": [-0.25, 0.5, -1],
			"scale": [1.07, 1.07, 1.07]
		},
		"firstperson_righthand": {
			"rotation": [0, 90, 0],
			"translation": [-7, 7.5, 7.5],
			"scale": [0.39, 0.44, 0.51]
		},
		"firstperson_lefthand": {
			"rotation": [0, -90, 0],
			"translation": [-7, 7.5, 7.5],
			"scale": [0.39, 0.44, 0.51]
		},
		"ground": {
			"translation": [-0.25, 0, 0],
			"scale": [1.1, 1.1, 1.1]
		},
		"gui": {
			"rotation": [20, 147, 33],
			"translation": [0.75, -0.5, 0],
			"scale": [1.04, 1.15, 1.04]
		},
		"fixed": {
			"rotation": [-180, 0, -140],
			"translation": [2, -1.5, 0],
			"scale": [1.43, 1.43, 1.43]
		}
	}
}