{
  "parent": "minecraft:item/generated",
  "textures": {
    "layer0": "minecraft:item/arrow"
  },
  "overrides":
  [
    {"predicate": {"custom_model_data": 1},"model": "item/equipment_mod/steelarrow"},
    {"predicate": {"custom_model_data": 2},"model": "item/equipment_mod/electrumarrow"},
    {"predicate": {"custom_model_data": 3},"model": "item/equipment_mod/explosivearrow"},
    {"predicate": {"custom_model_data": 4},"model": "item/equipment_mod/blastarrow"},
    {"predicate": {"custom_model_data": 5},"model": "item/equipment_mod/radianiumarrow"},
    {"predicate": {"custom_model_data": 6},"model": "item/equipment_mod/bronzearrow"}
  ]
}