{
	"credit": "Made with Blockbench",
	"textures": {
		"0": "item/artyshell",
		"particle": "item/artyshell"
	},
	"elements": [
		{
			"name": "artyshell_0",
			"from": [0.89286, 7.5, 0.64286],
			"to": [2.89286, 8.5, 2.64286],
			"rotation": {"angle": 0, "axis": "y", "origin": [-0.10714, 7.5, -0.35714]},
			"faces": {
				"north": {"uv": [3, 1, 1, 2], "texture": "#0"},
				"east": {"uv": [2, 1, 3, 3], "rotation": 90, "texture": "#0"},
				"south": {"uv": [1, 2, 3, 3], "texture": "#0"},
				"west": {"uv": [1, 1, 2, 3], "rotation": 270, "texture": "#0"},
				"up": {"uv": [1, 1, 3, 3], "texture": "#0"},
				"down": {"uv": [1, 3, 3, 1], "texture": "#0"}
			}
		},
		{
			"name": "artyshell_1",
			"from": [2.89286, 7.5, 1.64286],
			"to": [4.89286, 8.5, 6.64286],
			"rotation": {"angle": 0, "axis": "y", "origin": [-0.10714, 7.5, -0.35714]},
			"faces": {
				"north": {"uv": [5, 2, 3, 3], "texture": "#0"},
				"east": {"uv": [4, 2, 5, 7], "rotation": 90, "texture": "#0"},
				"south": {"uv": [3, 6, 5, 7], "texture": "#0"},
				"west": {"uv": [3, 2, 4, 7], "rotation": 270, "texture": "#0"},
				"up": {"uv": [3, 2, 5, 7], "texture": "#0"},
				"down": {"uv": [3, 7, 5, 2], "texture": "#0"}
			}
		},
		{
			"name": "artyshell_2",
			"from": [1.89286, 7.5, 2.64286],
			"to": [2.89286, 8.5, 4.64286],
			"rotation": {"angle": 0, "axis": "y", "origin": [-0.10714, 7.5, -0.35714]},
			"faces": {
				"north": {"uv": [3, 3, 2, 4], "texture": "#0"},
				"east": {"uv": [2, 3, 3, 5], "rotation": 90, "texture": "#0"},
				"south": {"uv": [2, 4, 3, 5], "texture": "#0"},
				"west": {"uv": [2, 3, 3, 5], "rotation": 270, "texture": "#0"},
				"up": {"uv": [2, 3, 3, 5], "texture": "#0"},
				"down": {"uv": [2, 5, 3, 3], "texture": "#0"}
			}
		},
		{
			"name": "artyshell_3",
			"from": [4.89286, 7.5, 2.64286],
			"to": [6.89286, 8.5, 8.64286],
			"rotation": {"angle": 0, "axis": "y", "origin": [-0.10714, 7.5, -0.35714]},
			"faces": {
				"north": {"uv": [7, 3, 5, 4], "texture": "#0"},
				"east": {"uv": [6, 3, 7, 9], "rotation": 90, "texture": "#0"},
				"south": {"uv": [5, 8, 7, 9], "texture": "#0"},
				"west": {"uv": [5, 3, 6, 9], "rotation": 270, "texture": "#0"},
				"up": {"uv": [5, 3, 7, 9], "texture": "#0"},
				"down": {"uv": [5, 9, 7, 3], "texture": "#0"}
			}
		},
		{
			"name": "artyshell_4",
			"from": [6.89286, 7.5, 3.64286],
			"to": [7.89286, 8.5, 10.64286],
			"rotation": {"angle": 0, "axis": "y", "origin": [-0.10714, 7.5, -0.35714]},
			"faces": {
				"north": {"uv": [8, 4, 7, 5], "texture": "#0"},
				"east": {"uv": [7, 4, 8, 11], "rotation": 90, "texture": "#0"},
				"south": {"uv": [7, 10, 8, 11], "texture": "#0"},
				"west": {"uv": [7, 4, 8, 11], "rotation": 270, "texture": "#0"},
				"up": {"uv": [7, 4, 8, 11], "texture": "#0"},
				"down": {"uv": [7, 11, 8, 4], "texture": "#0"}
			}
		},
		{
			"name": "artyshell_5",
			"from": [7.89286, 7.5, 4.64286],
			"to": [8.89286, 8.5, 11.64286],
			"rotation": {"angle": 0, "axis": "y", "origin": [-0.10714, 7.5, -0.35714]},
			"faces": {
				"north": {"uv": [9, 5, 8, 6], "texture": "#0"},
				"east": {"uv": [8, 5, 9, 12], "rotation": 90, "texture": "#0"},
				"south": {"uv": [8, 11, 9, 12], "texture": "#0"},
				"west": {"uv": [8, 5, 9, 12], "rotation": 270, "texture": "#0"},
				"up": {"uv": [8, 5, 9, 12], "texture": "#0"},
				"down": {"uv": [8, 12, 9, 5], "texture": "#0"}
			}
		},
		{
			"name": "artyshell_6",
			"from": [8.89286, 7.5, 5.64286],
			"to": [9.89286, 8.5, 12.64286],
			"rotation": {"angle": 0, "axis": "y", "origin": [-0.10714, 7.5, -0.35714]},
			"faces": {
				"north": {"uv": [10, 6, 9, 7], "texture": "#0"},
				"east": {"uv": [9, 6, 10, 13], "rotation": 90, "texture": "#0"},
				"south": {"uv": [9, 12, 10, 13], "texture": "#0"},
				"west": {"uv": [9, 6, 10, 13], "rotation": 270, "texture": "#0"},
				"up": {"uv": [9, 6, 10, 13], "texture": "#0"},
				"down": {"uv": [9, 13, 10, 6], "texture": "#0"}
			}
		},
		{
			"name": "artyshell_7",
			"from": [3.89286, 7.5, 6.64286],
			"to": [4.89286, 8.5, 7.64286],
			"rotation": {"angle": 0, "axis": "y", "origin": [-0.10714, 7.5, -0.35714]},
			"faces": {
				"north": {"uv": [5, 7, 4, 8], "texture": "#0"},
				"east": {"uv": [4, 7, 5, 8], "rotation": 90, "texture": "#0"},
				"south": {"uv": [4, 7, 5, 8], "texture": "#0"},
				"west": {"uv": [4, 7, 5, 8], "rotation": 270, "texture": "#0"},
				"up": {"uv": [4, 7, 5, 8], "texture": "#0"},
				"down": {"uv": [4, 8, 5, 7], "texture": "#0"}
			}
		},
		{
			"name": "artyshell_8",
			"from": [9.89286, 7.5, 6.64286],
			"to": [10.89286, 8.5, 13.64286],
			"rotation": {"angle": 0, "axis": "y", "origin": [-0.10714, 7.5, -0.35714]},
			"faces": {
				"north": {"uv": [11, 7, 10, 8], "texture": "#0"},
				"east": {"uv": [10, 7, 11, 14], "rotation": 90, "texture": "#0"},
				"south": {"uv": [10, 13, 11, 14], "texture": "#0"},
				"west": {"uv": [10, 7, 11, 14], "rotation": 270, "texture": "#0"},
				"up": {"uv": [10, 7, 11, 14], "texture": "#0"},
				"down": {"uv": [10, 14, 11, 7], "texture": "#0"}
			}
		},
		{
			"name": "artyshell_9",
			"from": [10.89286, 7.5, 7.64286],
			"to": [11.89286, 8.5, 14.64286],
			"rotation": {"angle": 0, "axis": "y", "origin": [-0.10714, 7.5, -0.35714]},
			"faces": {
				"north": {"uv": [12, 8, 11, 9], "texture": "#0"},
				"east": {"uv": [11, 8, 12, 15], "rotation": 90, "texture": "#0"},
				"south": {"uv": [11, 14, 12, 15], "texture": "#0"},
				"west": {"uv": [11, 8, 12, 15], "rotation": 270, "texture": "#0"},
				"up": {"uv": [11, 8, 12, 15], "texture": "#0"},
				"down": {"uv": [11, 15, 12, 8], "texture": "#0"}
			}
		},
		{
			"name": "artyshell_10",
			"from": [5.89286, 7.5, 8.64286],
			"to": [6.89286, 8.5, 9.64286],
			"rotation": {"angle": 0, "axis": "y", "origin": [-0.10714, 7.5, -0.35714]},
			"faces": {
				"north": {"uv": [7, 9, 6, 10], "texture": "#0"},
				"east": {"uv": [6, 9, 7, 10], "rotation": 90, "texture": "#0"},
				"south": {"uv": [6, 9, 7, 10], "texture": "#0"},
				"west": {"uv": [6, 9, 7, 10], "rotation": 270, "texture": "#0"},
				"up": {"uv": [6, 9, 7, 10], "texture": "#0"},
				"down": {"uv": [6, 10, 7, 9], "texture": "#0"}
			}
		},
		{
			"name": "artyshell_11",
			"from": [11.89286, 7.5, 8.64286],
			"to": [12.89286, 8.5, 14.64286],
			"rotation": {"angle": 0, "axis": "y", "origin": [-0.10714, 7.5, -0.35714]},
			"faces": {
				"north": {"uv": [13, 9, 12, 10], "texture": "#0"},
				"east": {"uv": [12, 9, 13, 15], "rotation": 90, "texture": "#0"},
				"south": {"uv": [12, 14, 13, 15], "texture": "#0"},
				"west": {"uv": [12, 9, 13, 15], "rotation": 270, "texture": "#0"},
				"up": {"uv": [12, 9, 13, 15], "texture": "#0"},
				"down": {"uv": [12, 15, 13, 9], "texture": "#0"}
			}
		},
		{
			"name": "artyshell_12",
			"from": [12.89286, 7.5, 9.64286],
			"to": [13.89286, 8.5, 13.64286],
			"rotation": {"angle": 0, "axis": "y", "origin": [-0.10714, 7.5, -0.35714]},
			"faces": {
				"north": {"uv": [14, 10, 13, 11], "texture": "#0"},
				"east": {"uv": [13, 10, 14, 14], "rotation": 90, "texture": "#0"},
				"south": {"uv": [13, 13, 14, 14], "texture": "#0"},
				"west": {"uv": [13, 10, 14, 14], "rotation": 270, "texture": "#0"},
				"up": {"uv": [13, 10, 14, 14], "texture": "#0"},
				"down": {"uv": [13, 14, 14, 10], "texture": "#0"}
			}
		},
		{
			"name": "artyshell_13",
			"from": [13.89286, 7.5, 10.64286],
			"to": [14.89286, 8.5, 12.64286],
			"rotation": {"angle": 0, "axis": "y", "origin": [-0.10714, 7.5, -0.35714]},
			"faces": {
				"north": {"uv": [15, 11, 14, 12], "texture": "#0"},
				"east": {"uv": [14, 11, 15, 13], "rotation": 90, "texture": "#0"},
				"south": {"uv": [14, 12, 15, 13], "texture": "#0"},
				"west": {"uv": [14, 11, 15, 13], "rotation": 270, "texture": "#0"},
				"up": {"uv": [14, 11, 15, 13], "texture": "#0"},
				"down": {"uv": [14, 13, 15, 11], "texture": "#0"}
			}
		}
	],
	"gui_light": "front",
	"display": {
		"thirdperson_righthand": {
			"rotation": [140, 0, 90],
			"translation": [0, -0.75, 0.5],
			"scale": [0.6, 0.6, 0.6]
		},
		"thirdperson_lefthand": {
			"rotation": [140, 0, -90],
			"translation": [0, -0.75, 0.5],
			"scale": [0.6, 0.6, 0.6]
		},
		"firstperson_righthand": {
			"rotation": [69, 0, 90],
			"translation": [-2, 5.75, 4.5],
			"scale": [0.45, 0.45, 0.45]
		},
		"firstperson_lefthand": {
			"rotation": [69, 0, -90],
			"translation": [-2, 5.75, 4.5],
			"scale": [0.45, 0.45, 0.45]
		},
		"ground": {
			"rotation": [90, -45, 0],
			"translation": [0, 3, 0],
			"scale": [0.75, 0.75, 0.75]
		},
		"gui": {
			"rotation": [90, 0, 0],
			"translation": [0, -0.5, 0]
		},
		"fixed": {
			"rotation": [90, -90, 0],
			"translation": [-0.75, 0, -0.5]
		}
	},
	"groups": [
		{
			"name": "artyshell",
			"origin": [8, 8, 8],
			"color": 0,
			"children": [0, 1, 2, 3, 4, 5, 6, 7, 8, 9, 10, 11, 12, 13]
		}
	]
}