{
	"credit": "Made with Blockbench",
	"textures": {
		"0": "nc/axegrip",
		"particle": "nc/axegrip"
	},
	"elements": [
		{
			"name": "axegrip_0",
			"from": [7.5, 7.5, -0.75],
			"to": [11.5, 8.5, 12.25],
			"rotation": {"angle": 0, "axis": "y", "origin": [-0.5, 8.5, -0.75]},
			"faces": {
				"north": {"uv": [12, 1, 8, 0], "texture": "#0"},
				"east": {"uv": [12, 0, 11, 13], "rotation": 90, "texture": "#0"},
				"south": {"uv": [8, 13, 12, 12], "texture": "#0"},
				"west": {"uv": [9, 0, 8, 13], "rotation": 270, "texture": "#0"},
				"up": {"uv": [8, 0, 12, 13], "texture": "#0"},
				"down": {"uv": [8, 13, 12, 0], "texture": "#0"}
			}
		},
		{
			"name": "axegrip_1",
			"from": [6.5, 7.5, 0.25],
			"to": [7.5, 8.5, 15.25],
			"rotation": {"angle": 0, "axis": "y", "origin": [-0.5, 8.5, -0.75]},
			"faces": {
				"north": {"uv": [8, 2, 7, 1], "texture": "#0"},
				"east": {"uv": [8, 1, 7, 16], "rotation": 90, "texture": "#0"},
				"south": {"uv": [7, 16, 8, 15], "texture": "#0"},
				"west": {"uv": [8, 1, 7, 16], "rotation": 270, "texture": "#0"},
				"up": {"uv": [7, 1, 8, 16], "texture": "#0"},
				"down": {"uv": [7, 16, 8, 1], "texture": "#0"}
			}
		},
		{
			"name": "axegrip_2",
			"from": [11.5, 7.5, 0.25],
			"to": [12.5, 8.5, 2.25],
			"rotation": {"angle": 0, "axis": "y", "origin": [-0.5, 8.5, -0.75]},
			"faces": {
				"north": {"uv": [13, 2, 12, 1], "texture": "#0"},
				"east": {"uv": [13, 1, 12, 3], "rotation": 90, "texture": "#0"},
				"south": {"uv": [12, 3, 13, 2], "texture": "#0"},
				"west": {"uv": [13, 1, 12, 3], "rotation": 270, "texture": "#0"},
				"up": {"uv": [12, 1, 13, 3], "texture": "#0"},
				"down": {"uv": [12, 3, 13, 1], "texture": "#0"}
			}
		},
		{
			"name": "axegrip_3",
			"from": [5.5, 7.5, 8.25],
			"to": [6.5, 8.5, 15.25],
			"rotation": {"angle": 0, "axis": "y", "origin": [-0.5, 8.5, -0.75]},
			"faces": {
				"north": {"uv": [7, 10, 6, 9], "texture": "#0"},
				"east": {"uv": [7, 9, 6, 16], "rotation": 90, "texture": "#0"},
				"south": {"uv": [6, 16, 7, 15], "texture": "#0"},
				"west": {"uv": [7, 9, 6, 16], "rotation": 270, "texture": "#0"},
				"up": {"uv": [6, 9, 7, 16], "texture": "#0"},
				"down": {"uv": [6, 16, 7, 9], "texture": "#0"}
			}
		},
		{
			"name": "axegrip_4",
			"from": [4.5, 7.5, 9.25],
			"to": [5.5, 8.5, 15.25],
			"rotation": {"angle": 0, "axis": "y", "origin": [-0.5, 8.5, -0.75]},
			"faces": {
				"north": {"uv": [6, 11, 5, 10], "texture": "#0"},
				"east": {"uv": [6, 10, 5, 16], "rotation": 90, "texture": "#0"},
				"south": {"uv": [5, 16, 6, 15], "texture": "#0"},
				"west": {"uv": [6, 10, 5, 16], "rotation": 270, "texture": "#0"},
				"up": {"uv": [5, 10, 6, 16], "texture": "#0"},
				"down": {"uv": [5, 16, 6, 10], "texture": "#0"}
			}
		},
		{
			"name": "axegrip_5",
			"from": [3.5, 7.5, 11.25],
			"to": [4.5, 8.5, 14.25],
			"rotation": {"angle": 0, "axis": "y", "origin": [-0.5, 8.5, -0.75]},
			"faces": {
				"north": {"uv": [5, 13, 4, 12], "texture": "#0"},
				"east": {"uv": [5, 12, 4, 15], "rotation": 90, "texture": "#0"},
				"south": {"uv": [4, 15, 5, 14], "texture": "#0"},
				"west": {"uv": [5, 12, 4, 15], "rotation": 270, "texture": "#0"},
				"up": {"uv": [4, 12, 5, 15], "texture": "#0"},
				"down": {"uv": [4, 15, 5, 12], "texture": "#0"}
			}
		},
		{
			"name": "axegrip_6",
			"from": [7.5, 7.5, 12.25],
			"to": [10.5, 8.5, 14.25],
			"rotation": {"angle": 0, "axis": "y", "origin": [-0.5, 8.5, -0.75]},
			"faces": {
				"north": {"uv": [11, 14, 8, 13], "texture": "#0"},
				"east": {"uv": [11, 13, 10, 15], "rotation": 90, "texture": "#0"},
				"south": {"uv": [8, 15, 11, 14], "texture": "#0"},
				"west": {"uv": [9, 13, 8, 15], "rotation": 270, "texture": "#0"},
				"up": {"uv": [8, 13, 11, 15], "texture": "#0"},
				"down": {"uv": [8, 15, 11, 13], "texture": "#0"}
			}
		},
		{
			"name": "axegrip_7",
			"from": [7.5, 7.5, 14.25],
			"to": [8.5, 8.5, 15.25],
			"rotation": {"angle": 0, "axis": "y", "origin": [-0.5, 8.5, -0.75]},
			"faces": {
				"north": {"uv": [9, 16, 8, 15], "texture": "#0"},
				"east": {"uv": [9, 15, 8, 16], "rotation": 90, "texture": "#0"},
				"south": {"uv": [8, 16, 9, 15], "texture": "#0"},
				"west": {"uv": [9, 15, 8, 16], "rotation": 270, "texture": "#0"},
				"up": {"uv": [8, 15, 9, 16], "texture": "#0"},
				"down": {"uv": [8, 16, 9, 15], "texture": "#0"}
			}
		}
	],
	"gui_light": "front",
	"display": {
		"thirdperson_righthand": {
			"rotation": [93, 0, 88],
			"translation": [0, -2.5, 0.25],
			"scale": [0.38, 0.38, 0.38]
		},
		"thirdperson_lefthand": {
			"rotation": [93, 0, 88],
			"translation": [0, -2.5, 0.25],
			"scale": [0.38, 0.38, 0.38]
		},
		"firstperson_righthand": {
			"rotation": [99, 0, 90],
			"translation": [-1.25, 4.75, 3.5],
			"scale": [0.48, 0.48, 0.48]
		},
		"firstperson_lefthand": {
			"rotation": [90, 0, -90],
			"translation": [-1.25, 4.75, 3.5],
			"scale": [0.48, 0.48, 0.48]
		},
		"ground": {
			"rotation": [90, 0, 0],
			"scale": [0.45, 0.45, 0.45]
		},
		"gui": {
			"rotation": [90, 0, 0],
			"translation": [0, -0.75, 0],
			"scale": [0.94, 0.94, 0.94]
		},
		"fixed": {
			"rotation": [90, 0, 0],
			"translation": [0, -0.5, 0]
		}
	},
	"groups": [
		{
			"name": "axegrip",
			"origin": [7.5, 0.5, 7.25],
			"color": 0,
			"children": [0, 1, 2, 3, 4, 5, 6, 7]
		}
	]
}