{
	"credit": "Made with Blockbench",
	"textures": {
		"6": "block/bedrock",
		"particle": "block/iron_block"
	},
	"elements": [
		{
			"from": [6.75, 7.57292, 2.78125],
			"to": [9.25, 8.44792, 13.21875],
			"rotation": {"angle": 0, "axis": "y", "origin": [6.5, 7.57292, 2.71875]},
			"faces": {
				"north": {"uv": [3, 6, 7, 8], "texture": "#6"},
				"east": {"uv": [2, 2, 11, 3], "texture": "#6"},
				"south": {"uv": [2, 2, 6, 8], "texture": "#6"},
				"west": {"uv": [2, 0, 13, 2], "texture": "#6"},
				"up": {"uv": [0, 2, 7, 10], "texture": "#6"},
				"down": {"uv": [2, 2, 6, 8], "texture": "#6"}
			}
		},
		{
			"from": [6.5, 7.54167, 2.71875],
			"to": [9.5, 8.07292, 13.28125],
			"rotation": {"angle": 0, "axis": "y", "origin": [6.5, 7.57292, 2.71875]},
			"faces": {
				"north": {"uv": [3, 6, 7, 8], "texture": "#6"},
				"east": {"uv": [2, 2, 11, 3], "texture": "#6"},
				"south": {"uv": [2, 2, 6, 8], "texture": "#6"},
				"west": {"uv": [2, 0, 13, 2], "texture": "#6"},
				"up": {"uv": [0, 2, 7, 10], "texture": "#6"},
				"down": {"uv": [0, 2, 7, 10], "texture": "#6"}
			}
		},
		{
			"from": [7, 7.57292, 2.84375],
			"to": [9, 8.76042, 13.15625],
			"rotation": {"angle": 0, "axis": "y", "origin": [6.5, 7.57292, 2.71875]},
			"faces": {
				"north": {"uv": [3, 6, 7, 8], "texture": "#6"},
				"east": {"uv": [2, 2, 11, 3], "texture": "#6"},
				"south": {"uv": [2, 2, 6, 8], "texture": "#6"},
				"west": {"uv": [2, 0, 13, 2], "texture": "#6"},
				"up": {"uv": [0, 2, 7, 10], "texture": "#6"},
				"down": {"uv": [2, 2, 6, 8], "texture": "#6"}
			}
		}
	],
	"gui_light": "front",
	"display": {
		"thirdperson_righthand": {
			"rotation": [15, 44, 0],
			"translation": [0.5, 0.25, 0.5],
			"scale": [0.66, 0.66, 0.66]
		},
		"thirdperson_lefthand": {
			"rotation": [15, 44, 0],
			"translation": [0.5, 0.25, 0.5],
			"scale": [0.66, 0.66, 0.66]
		},
		"firstperson_righthand": {
			"rotation": [18, 133, 14],
			"translation": [0, 3.25, 2],
			"scale": [1.19, 1.19, 0.62]
		},
		"firstperson_lefthand": {
			"rotation": [18, 133, 14],
			"translation": [0, 3.25, 2],
			"scale": [1.19, 1.19, 0.62]
		},
		"ground": {
			"scale": [1, 1, 0.78]
		},
		"gui": {
			"rotation": [39, -29, 0],
			"scale": [2.01, 2.01, 2.01]
		},
		"fixed": {
			"rotation": [-90, 0, 0],
			"scale": [1.7, 1.7, 1.7]
		}
	},
	"groups": [
		{
			"name": "group",
			"origin": [6.5, 7.57292, 2.71875],
			"color": 0,
			"children": [0, 1, 2]
		}
	]
}