{
	"credit": "Made with Blockbench",
	"textures": {
		"0": "block/blue_wool",
		"1": "block/yellow_concrete_powder",
		"2": "block/iron_block",
		"particle": "block/blue_wool"
	},
	"elements": [
		{
			"from": [7.1875, -2.4375, 8.1875],
			"to": [8.6875, 3, 9.8125],
			"rotation": {"angle": 0, "axis": "y", "origin": [8, 0, 9]},
			"faces": {
				"north": {"uv": [0, 0, 1.5, 5.4375], "texture": "#0"},
				"east": {"uv": [0, 0, 1.625, 5.4375], "texture": "#0"},
				"south": {"uv": [0, 0, 1.5, 5.4375], "texture": "#0"},
				"west": {"uv": [0, 0, 1.625, 5.4375], "texture": "#0"},
				"up": {"uv": [0, 0, 1.5, 1.625], "texture": "#0"},
				"down": {"uv": [0, 0, 1.5, 1.625], "texture": "#0"}
			}
		},
		{
			"from": [7.5, 4.4375, 9.4375],
			"to": [8.5, 5.125, 10.625],
			"rotation": {"angle": 0, "axis": "y", "origin": [15, 14.8125, 14.625]},
			"faces": {
				"north": {"uv": [0, 0, 1, 0.6875], "texture": "#1"},
				"east": {"uv": [0, 0, 1.1875, 0.6875], "texture": "#1"},
				"south": {"uv": [0, 0, 1, 0.6875], "texture": "#1"},
				"west": {"uv": [0, 0, 1.1875, 0.6875], "texture": "#1"},
				"up": {"uv": [0, 0, 1, 1.1875], "texture": "#1"},
				"down": {"uv": [0, 0, 1, 1.1875], "texture": "#1"}
			}
		},
		{
			"from": [7, -3.375, 8],
			"to": [9, -2, 10],
			"rotation": {"angle": 0, "axis": "y", "origin": [8, -2.6875, 9]},
			"faces": {
				"north": {"uv": [0, 0, 2, 1.375], "texture": "#1"},
				"east": {"uv": [0, 0, 2, 1.375], "texture": "#1"},
				"south": {"uv": [0, 0, 2, 1.375], "texture": "#1"},
				"west": {"uv": [0, 0, 2, 1.375], "texture": "#1"},
				"up": {"uv": [0, 0, 2, 2], "texture": "#1"},
				"down": {"uv": [0, 0, 2, 2], "texture": "#1"}
			}
		},
		{
			"from": [7, 3, 8],
			"to": [9, 5, 10],
			"rotation": {"angle": 0, "axis": "y", "origin": [8, 4, 9]},
			"faces": {
				"north": {"uv": [0, 0, 2, 2], "texture": "#1"},
				"east": {"uv": [0, 0, 2, 2], "texture": "#1"},
				"south": {"uv": [0, 0, 2, 2], "texture": "#1"},
				"west": {"uv": [0, 0, 2, 2], "texture": "#1"},
				"up": {"uv": [0, 0, 2, 2], "texture": "#1"},
				"down": {"uv": [0, 0, 2, 2], "texture": "#1"}
			}
		},
		{
			"from": [7.125, 3.4375, 7.5],
			"to": [8.875, 4.1875, 10.4375],
			"rotation": {"angle": 0, "axis": "y", "origin": [15, 14, 16]},
			"faces": {
				"north": {"uv": [0, 0, 1.75, 0.75], "texture": "#2"},
				"east": {"uv": [0, 0, 2.9375, 0.75], "texture": "#2"},
				"south": {"uv": [0, 0, 1.75, 0.75], "texture": "#2"},
				"west": {"uv": [0, 0, 2.9375, 0.75], "texture": "#2"},
				"up": {"uv": [0, 0, 1.75, 2.9375], "texture": "#2"},
				"down": {"uv": [0, 0, 1.75, 2.9375], "texture": "#2"}
			}
		},
		{
			"from": [7.25, 3.1875, 10],
			"to": [8.75, 4.4375, 12],
			"rotation": {"angle": 0, "axis": "y", "origin": [15, 13.5625, 16]},
			"faces": {
				"north": {"uv": [0, 0, 1.5, 1.25], "texture": "#1"},
				"east": {"uv": [0, 0, 2, 1.25], "texture": "#1"},
				"south": {"uv": [0, 0, 1.5, 1.25], "texture": "#1"},
				"west": {"uv": [0, 0, 2, 1.25], "texture": "#1"},
				"up": {"uv": [0, 0, 1.5, 2], "texture": "#1"},
				"down": {"uv": [0, 0, 1.5, 2], "texture": "#1"}
			}
		},
		{
			"from": [7.25, 3.1875, 6],
			"to": [8.75, 4.4375, 8],
			"rotation": {"angle": 0, "axis": "y", "origin": [15, 13.5625, 12]},
			"faces": {
				"north": {"uv": [0, 0, 1.5, 1.25], "texture": "#1"},
				"east": {"uv": [0, 0, 2, 1.25], "texture": "#1"},
				"south": {"uv": [0, 0, 1.5, 1.25], "texture": "#1"},
				"west": {"uv": [0, 0, 2, 1.25], "texture": "#1"},
				"up": {"uv": [0, 0, 1.5, 2], "texture": "#1"},
				"down": {"uv": [0, 0, 1.5, 2], "texture": "#1"}
			}
		},
		{
			"from": [7.5, 3.1875, 12],
			"to": [8.5, 4.1875, 13.1875],
			"rotation": {"angle": 0, "axis": "y", "origin": [15, 13.5625, 17.1875]},
			"faces": {
				"north": {"uv": [0, 0, 1, 1], "texture": "#1"},
				"east": {"uv": [0, 0, 1.1875, 1], "texture": "#1"},
				"south": {"uv": [0, 0, 1, 1], "texture": "#1"},
				"west": {"uv": [0, 0, 1.1875, 1], "texture": "#1"},
				"up": {"uv": [0, 0, 1, 1.1875], "texture": "#1"},
				"down": {"uv": [0, 0, 1, 1.1875], "texture": "#1"}
			}
		},
		{
			"from": [7.5, 3.1875, 4.8125],
			"to": [8.5, 4.1875, 6],
			"rotation": {"angle": 0, "axis": "y", "origin": [15, 13.5625, 10]},
			"faces": {
				"north": {"uv": [0, 0, 1, 1], "texture": "#1"},
				"east": {"uv": [0, 0, 1.1875, 1], "texture": "#1"},
				"south": {"uv": [0, 0, 1, 1], "texture": "#1"},
				"west": {"uv": [0, 0, 1.1875, 1], "texture": "#1"},
				"up": {"uv": [0, 0, 1, 1.1875], "texture": "#1"},
				"down": {"uv": [0, 0, 1, 1.1875], "texture": "#1"}
			}
		},
		{
			"from": [7.5, 4.4375, 7.4375],
			"to": [8.5, 5.125, 8.625],
			"rotation": {"angle": 0, "axis": "y", "origin": [15, 14.8125, 12.625]},
			"faces": {
				"north": {"uv": [0, 0, 1, 0.6875], "texture": "#1"},
				"east": {"uv": [0, 0, 1.1875, 0.6875], "texture": "#1"},
				"south": {"uv": [0, 0, 1, 0.6875], "texture": "#1"},
				"west": {"uv": [0, 0, 1.1875, 0.6875], "texture": "#1"},
				"up": {"uv": [0, 0, 1, 1.1875], "texture": "#1"},
				"down": {"uv": [0, 0, 1, 1.1875], "texture": "#1"}
			}
		},
		{
			"from": [7.4375, 4.1875, 7.8125],
			"to": [8.5625, 21.5625, 10.1875],
			"rotation": {"angle": 0, "axis": "y", "origin": [8, 12.875, 9]},
			"faces": {
				"north": {"uv": [7, 1, 9.375, 15], "texture": "#2"},
				"east": {"uv": [1, 5, 14.375, 8], "rotation": 90, "texture": "#2"},
				"south": {"uv": [7, 1, 9.375, 15], "texture": "#2"},
				"west": {"uv": [1, 5, 14.375, 8], "rotation": 90, "texture": "#2"},
				"up": {"uv": [7, 13, 9.375, 15], "texture": "#2"},
				"down": {"uv": [7, 1, 9.375, 15], "texture": "#2"}
			}
		},
		{
			"from": [7.75, 4.1875, 6.8125],
			"to": [8.25, 21.5625, 11.1875],
			"rotation": {"angle": 0, "axis": "y", "origin": [15, 16, 16]},
			"faces": {
				"north": {"uv": [7, 1, 9.375, 15], "texture": "#2"},
				"east": {"uv": [1, 4, 14.375, 9], "rotation": 90, "texture": "#2"},
				"south": {"uv": [7, 1, 9.375, 15], "texture": "#2"},
				"west": {"uv": [1, 4, 14.375, 9], "rotation": 90, "texture": "#2"},
				"up": {"uv": [7, 13, 11.375, 15], "texture": "#2"},
				"down": {"uv": [7, 1, 9.375, 15], "texture": "#2"}
			}
		},
		{
			"from": [7.75, 21.5, 7.5],
			"to": [8.25, 23.1875, 10.625],
			"rotation": {"angle": 0, "axis": "y", "origin": [15, 16, 16]},
			"faces": {
				"north": {"uv": [8, 0, 9.125, 16], "texture": "#2"},
				"east": {"uv": [1, 5, 3.375, 8], "rotation": 90, "texture": "#2"},
				"south": {"uv": [8, 0, 9.125, 16], "texture": "#2"},
				"west": {"uv": [1, 5, 3.375, 8], "rotation": 90, "texture": "#2"},
				"up": {"uv": [7, 4, 8.125, 5.375], "texture": "#2"},
				"down": {"uv": [0, 0, 1.125, 2.375], "texture": "#2"}
			}
		},
		{
			"from": [7.875, 23.1875, 8.4375],
			"to": [8.125, 24.125, 9.8125],
			"rotation": {"angle": 0, "axis": "y", "origin": [15, 16, 16]},
			"faces": {
				"north": {"uv": [8, 0, 9.125, 16], "texture": "#2"},
				"east": {"uv": [1, 5, 3.375, 8], "rotation": 90, "texture": "#2"},
				"south": {"uv": [8, 0, 9.125, 16], "texture": "#2"},
				"west": {"uv": [1, 5, 3.375, 8], "rotation": 90, "texture": "#2"},
				"up": {"uv": [7, 4, 8.125, 5.375], "texture": "#2"},
				"down": {"uv": [0, 0, 1.125, 2.375], "texture": "#2"}
			}
		}
	],
	"gui_light": "front",
	"display": {
		"thirdperson_righthand": {
			"translation": [0, 3.5, 1],
			"scale": [0.6, 0.75, 0.75]
		},
		"thirdperson_lefthand": {
			"translation": [0, 3.5, 1],
			"scale": [0.6, 0.75, 0.75]
		},
		"firstperson_righthand": {
			"translation": [0.25, 5.25, 2],
			"scale": [0.6, 0.6, 0.6]
		},
		"firstperson_lefthand": {
			"translation": [0.25, 5.25, 2],
			"scale": [0.6, 0.6, 0.6]
		},
		"ground": {
			"rotation": [0, 0, -180],
			"translation": [0, 2.25, -0.75],
			"scale": [0.7, 0.7, 0.7]
		},
		"gui": {
			"rotation": [-90, 45, 90],
			"translation": [0.25, -2.25, 0],
			"scale": [0.7, 0.7, 0.7]
		},
		"fixed": {
			"rotation": [-90, 135, 90],
			"translation": [-1.75, -1.25, -1.25],
			"scale": [0.8, 0.8, 0.8]
		}
	},
	"groups": [0,
		{
			"name": "group",
			"origin": [15, 14.8125, 12.625],
			"children": [1, 2, 3, 4, 5, 6, 7, 8, 9]
		},
		{
			"name": "group",
			"origin": [15, 16, 16],
			"children": [10, 11, 12, 13]
		}
	]
}