{
	"credit": "Made with Blockbench",
	"textures": {
		"0": "item/bioepoxy",
		"particle": "item/bioepoxy"
	},
	"elements": [
		{
			"name": "bioepoxy_0",
			"from": [7, 7.5, 0.5],
			"to": [9, 8.5, 15.5],
			"rotation": {"angle": 0, "axis": "y", "origin": [0, 7.5, 0.5]},
			"faces": {
				"north": {"uv": [9, 0, 7, 1], "texture": "#0"},
				"east": {"uv": [8, 0, 9, 15], "rotation": 90, "texture": "#0"},
				"south": {"uv": [7, 14, 9, 15], "texture": "#0"},
				"west": {"uv": [7, 0, 8, 15], "rotation": 270, "texture": "#0"},
				"up": {"uv": [7, 0, 9, 15], "texture": "#0"},
				"down": {"uv": [7, 15, 9, 0], "texture": "#0"}
			}
		},
		{
			"name": "bioepoxy_1",
			"from": [5, 7.5, 1.5],
			"to": [7, 8.5, 14.5],
			"rotation": {"angle": 0, "axis": "y", "origin": [0, 7.5, 0.5]},
			"faces": {
				"north": {"uv": [7, 1, 5, 2], "texture": "#0"},
				"east": {"uv": [6, 1, 7, 14], "rotation": 90, "texture": "#0"},
				"south": {"uv": [5, 13, 7, 14], "texture": "#0"},
				"west": {"uv": [5, 1, 6, 14], "rotation": 270, "texture": "#0"},
				"up": {"uv": [5, 1, 7, 14], "texture": "#0"},
				"down": {"uv": [5, 14, 7, 1], "texture": "#0"}
			}
		},
		{
			"name": "bioepoxy_2",
			"from": [9, 7.5, 1.5],
			"to": [11, 8.5, 14.5],
			"rotation": {"angle": 0, "axis": "y", "origin": [0, 7.5, 0.5]},
			"faces": {
				"north": {"uv": [11, 1, 9, 2], "texture": "#0"},
				"east": {"uv": [10, 1, 11, 14], "rotation": 90, "texture": "#0"},
				"south": {"uv": [9, 13, 11, 14], "texture": "#0"},
				"west": {"uv": [9, 1, 10, 14], "rotation": 270, "texture": "#0"},
				"up": {"uv": [9, 1, 11, 14], "texture": "#0"},
				"down": {"uv": [9, 14, 11, 1], "texture": "#0"}
			}
		},
		{
			"name": "bioepoxy_3",
			"from": [3, 7.5, 2.5],
			"to": [5, 8.5, 13.5],
			"rotation": {"angle": 0, "axis": "y", "origin": [0, 7.5, 0.5]},
			"faces": {
				"north": {"uv": [5, 2, 3, 3], "texture": "#0"},
				"east": {"uv": [4, 2, 5, 13], "rotation": 90, "texture": "#0"},
				"south": {"uv": [3, 12, 5, 13], "texture": "#0"},
				"west": {"uv": [3, 2, 4, 13], "rotation": 270, "texture": "#0"},
				"up": {"uv": [3, 2, 5, 13], "texture": "#0"},
				"down": {"uv": [3, 13, 5, 2], "texture": "#0"}
			}
		},
		{
			"name": "bioepoxy_4",
			"from": [11, 7.5, 2.5],
			"to": [13, 8.5, 13.5],
			"rotation": {"angle": 0, "axis": "y", "origin": [0, 7.5, 0.5]},
			"faces": {
				"north": {"uv": [13, 2, 11, 3], "texture": "#0"},
				"east": {"uv": [12, 2, 13, 13], "rotation": 90, "texture": "#0"},
				"south": {"uv": [11, 12, 13, 13], "texture": "#0"},
				"west": {"uv": [11, 2, 12, 13], "rotation": 270, "texture": "#0"},
				"up": {"uv": [11, 2, 13, 13], "texture": "#0"},
				"down": {"uv": [11, 13, 13, 2], "texture": "#0"}
			}
		},
		{
			"name": "bioepoxy_5",
			"from": [1, 7.5, 3.5],
			"to": [3, 8.5, 12.5],
			"rotation": {"angle": 0, "axis": "y", "origin": [0, 7.5, 0.5]},
			"faces": {
				"north": {"uv": [3, 3, 1, 4], "texture": "#0"},
				"east": {"uv": [2, 3, 3, 12], "rotation": 90, "texture": "#0"},
				"south": {"uv": [1, 11, 3, 12], "texture": "#0"},
				"west": {"uv": [1, 3, 2, 12], "rotation": 270, "texture": "#0"},
				"up": {"uv": [1, 3, 3, 12], "texture": "#0"},
				"down": {"uv": [1, 12, 3, 3], "texture": "#0"}
			}
		},
		{
			"name": "bioepoxy_6",
			"from": [13, 7.5, 3.5],
			"to": [15, 8.5, 12.5],
			"rotation": {"angle": 0, "axis": "y", "origin": [0, 7.5, 0.5]},
			"faces": {
				"north": {"uv": [15, 3, 13, 4], "texture": "#0"},
				"east": {"uv": [14, 3, 15, 12], "rotation": 90, "texture": "#0"},
				"south": {"uv": [13, 11, 15, 12], "texture": "#0"},
				"west": {"uv": [13, 3, 14, 12], "rotation": 270, "texture": "#0"},
				"up": {"uv": [13, 3, 15, 12], "texture": "#0"},
				"down": {"uv": [13, 12, 15, 3], "texture": "#0"}
			}
		}
	],
	"gui_light": "front",
	"display": {
		"thirdperson_righthand": {
			"rotation": [91, -6, 9],
			"translation": [0, 1, 1.5],
			"scale": [0.24, 0.24, 0.24]
		},
		"thirdperson_lefthand": {
			"rotation": [91, -6, 9],
			"translation": [0, 1, 1.5],
			"scale": [0.24, 0.24, 0.24]
		},
		"firstperson_righthand": {
			"rotation": [62, -6, 69],
			"translation": [-1.25, 4.25, 3.25],
			"scale": [0.36, 0.36, 0.36]
		},
		"firstperson_lefthand": {
			"rotation": [62, -6, 69],
			"translation": [-1.25, 4.25, 3.25],
			"scale": [0.36, 0.36, 0.36]
		},
		"ground": {
			"rotation": [90, 0, 0],
			"translation": [0, 2.5, 0],
			"scale": [0.47, 0.47, 0.47]
		},
		"gui": {
			"rotation": [90, 0, 0],
			"translation": [0.25, 0, 0]
		},
		"fixed": {
			"rotation": [90, 0, 0],
			"translation": [0, -0.5, 0]
		}
	},
	"groups": [
		{
			"name": "bioepoxy",
			"origin": [8, 8, 8],
			"color": 0,
			"children": [0, 1, 2, 3, 4, 5, 6]
		}
	]
}