{
	"credit": "Made with Blockbench",
	"textures": {
		"0": "item/bionutrient",
		"particle": "item/bionutrient"
	},
	"elements": [
		{
			"name": "bionutrient_0",
			"from": [3, 7.5, 2.625],
			"to": [13, 8.5, 3.625],
			"rotation": {"angle": 0, "axis": "y", "origin": [0, 7.5, 0.625]},
			"faces": {
				"north": {"uv": [13, 2, 3, 3], "texture": "#0"},
				"east": {"uv": [12, 2, 13, 3], "rotation": 90, "texture": "#0"},
				"south": {"uv": [3, 2, 13, 3], "texture": "#0"},
				"west": {"uv": [3, 2, 4, 3], "rotation": 270, "texture": "#0"},
				"up": {"uv": [3, 2, 13, 3], "texture": "#0"},
				"down": {"uv": [3, 3, 13, 2], "texture": "#0"}
			}
		},
		{
			"name": "bionutrient_1",
			"from": [2, 7.5, 3.625],
			"to": [3, 8.5, 14.625],
			"rotation": {"angle": 0, "axis": "y", "origin": [0, 7.5, 0.625]},
			"faces": {
				"north": {"uv": [3, 3, 2, 4], "texture": "#0"},
				"east": {"uv": [2, 3, 3, 14], "rotation": 90, "texture": "#0"},
				"south": {"uv": [2, 13, 3, 14], "texture": "#0"},
				"west": {"uv": [2, 3, 3, 14], "rotation": 270, "texture": "#0"},
				"up": {"uv": [2, 3, 3, 14], "texture": "#0"},
				"down": {"uv": [2, 14, 3, 3], "texture": "#0"}
			}
		},
		{
			"name": "bionutrient_2",
			"from": [13, 7.5, 3.625],
			"to": [14, 8.5, 14.625],
			"rotation": {"angle": 0, "axis": "y", "origin": [0, 7.5, 0.625]},
			"faces": {
				"north": {"uv": [14, 3, 13, 4], "texture": "#0"},
				"east": {"uv": [13, 3, 14, 14], "rotation": 90, "texture": "#0"},
				"south": {"uv": [13, 13, 14, 14], "texture": "#0"},
				"west": {"uv": [13, 3, 14, 14], "rotation": 270, "texture": "#0"},
				"up": {"uv": [13, 3, 14, 14], "texture": "#0"},
				"down": {"uv": [13, 14, 14, 3], "texture": "#0"}
			}
		},
		{
			"name": "bionutrient_3",
			"from": [3, 7.5, 5.625],
			"to": [13, 8.5, 15.625],
			"rotation": {"angle": 0, "axis": "y", "origin": [0, 7.5, 0.625]},
			"faces": {
				"north": {"uv": [13, 5, 3, 6], "texture": "#0"},
				"east": {"uv": [12, 5, 13, 15], "rotation": 90, "texture": "#0"},
				"south": {"uv": [3, 14, 13, 15], "texture": "#0"},
				"west": {"uv": [3, 5, 4, 15], "rotation": 270, "texture": "#0"},
				"up": {"uv": [3, 5, 13, 15], "texture": "#0"},
				"down": {"uv": [3, 15, 13, 5], "texture": "#0"}
			}
		}
	],
	"gui_light": "front",
	"display": {
		"thirdperson_righthand": {
			"rotation": [91, 0, 9],
			"translation": [0, 1, 1.5],
			"scale": [0.24, 0.24, 0.24]
		},
		"thirdperson_lefthand": {
			"rotation": [91, 0, 9],
			"translation": [0, 1, 1.5],
			"scale": [0.24, 0.24, 0.24]
		},
		"firstperson_righthand": {
			"rotation": [62, -6, 69],
			"translation": [-1.25, 3.75, 3.25],
			"scale": [0.36, 0.36, 0.36]
		},
		"firstperson_lefthand": {
			"rotation": [62, -6, 69],
			"translation": [-1.25, 3.75, 3.25],
			"scale": [0.36, 0.36, 0.36]
		},
		"ground": {
			"rotation": [90, 0, 0],
			"translation": [0, 1.25, 0],
			"scale": [0.47, 0.47, 0.47]
		},
		"gui": {
			"rotation": [90, 0, 0],
			"translation": [0.25, 1, 0]
		},
		"fixed": {
			"rotation": [90, 0, 0],
			"translation": [0, 1, 0]
		}
	},
	"groups": [
		{
			"name": "bionutrient",
			"origin": [8, 8, 8],
			"color": 0,
			"children": [0, 1, 2, 3]
		}
	]
}