{
	"credit": "Made with Blockbench",
	"textures": {
		"1": "block/anvil",
		"2": "block/enchanting_table_bottom",
		"particle": "block/purple_glazed_terracotta"
	},
	"elements": [
		{
			"from": [7.64818, 2.01146, 7.68776],
			"to": [8.27318, 2.44896, 8.31276],
			"rotation": {"angle": 0, "axis": "y", "origin": [7.71068, 1.51146, 7.75026]},
			"faces": {
				"north": {"uv": [5, 1, 5.625, 1.4375], "texture": "#2"},
				"east": {"uv": [5, 1, 5.625, 1.4375], "texture": "#2"},
				"south": {"uv": [5, 1, 5.625, 1.4375], "texture": "#2"},
				"west": {"uv": [5, 1, 5.625, 1.4375], "texture": "#2"},
				"up": {"uv": [5, 1, 5.625, 1.4375], "texture": "#2"},
				"down": {"uv": [5, 1, 5.625, 1.4375], "texture": "#2"}
			}
		},
		{
			"from": [7.71068, 3.01146, 7.75026],
			"to": [8.21068, 4.88646, 8.25026],
			"rotation": {"angle": 0, "axis": "y", "origin": [7.71068, 1.51146, 7.75026]},
			"faces": {
				"north": {"uv": [4, 2, 5, 3], "texture": "#2"},
				"east": {"uv": [4, 2, 5, 3], "texture": "#2"},
				"south": {"uv": [4, 2, 5, 3], "texture": "#2"},
				"west": {"uv": [4, 2, 5, 3], "texture": "#2"},
				"up": {"uv": [4, 2, 5, 3], "texture": "#2"},
				"down": {"uv": [4, 2, 5, 3], "texture": "#2"}
			}
		},
		{
			"from": [7.77318, 2.44896, 7.81276],
			"to": [8.14818, 3.01146, 8.18776],
			"rotation": {"angle": 0, "axis": "y", "origin": [7.71068, 1.51146, 7.75026]},
			"faces": {
				"north": {"uv": [4, 4, 4.375, 4.5625], "texture": "#2"},
				"east": {"uv": [4, 4, 4.375, 4.5625], "texture": "#2"},
				"south": {"uv": [4, 4, 4.375, 4.5625], "texture": "#2"},
				"west": {"uv": [4, 4, 4.375, 4.5625], "texture": "#2"},
				"up": {"uv": [4, 4, 4.375, 4.5625], "texture": "#2"},
				"down": {"uv": [4, 4, 4.375, 4.5625], "texture": "#2"}
			}
		},
		{
			"from": [7.71068, 4.88646, 7.68776],
			"to": [8.21068, 5.58958, 8.31276],
			"rotation": {"angle": 0, "axis": "y", "origin": [7.71068, 1.51146, 7.75026]},
			"faces": {
				"north": {"uv": [9, 1, 9.5, 1.70313], "texture": "#2"},
				"east": {"uv": [9, 1, 9.5, 1.70313], "texture": "#2"},
				"south": {"uv": [9, 1, 9.5, 1.70313], "texture": "#2"},
				"west": {"uv": [9, 1, 9.5, 1.70313], "texture": "#2"},
				"up": {"uv": [9, 1, 9.5, 1.70313], "texture": "#2"},
				"down": {"uv": [9, 1, 9.5, 1.70313], "texture": "#2"}
			}
		},
		{
			"from": [7.21068, 5.51146, 7.93776],
			"to": [7.96068, 5.90208, 8.06276],
			"rotation": {"angle": 0, "axis": "y", "origin": [7.71068, 1.51146, 7.75026]},
			"faces": {
				"north": {"uv": [1, 0, 2, 1], "texture": "#2"},
				"east": {"uv": [1, 0, 2, 1], "texture": "#2"},
				"south": {"uv": [1, 0, 2, 1], "texture": "#2"},
				"west": {"uv": [1, 0, 2, 1], "texture": "#2"},
				"up": {"uv": [1, 0, 2, 1], "texture": "#2"},
				"down": {"uv": [1, 0, 2, 1], "texture": "#2"}
			}
		},
		{
			"from": [7.46068, 5.13646, 7.93776],
			"to": [7.96068, 5.51146, 8.06276],
			"rotation": {"angle": 0, "axis": "y", "origin": [7.71068, 1.51146, 7.75026]},
			"faces": {
				"north": {"uv": [1, 1, 1.5, 1.375], "texture": "#2"},
				"east": {"uv": [1, 1, 1.5, 1.375], "texture": "#2"},
				"south": {"uv": [1, 1, 1.5, 1.375], "texture": "#2"},
				"west": {"uv": [1, 1, 1.5, 1.375], "texture": "#2"},
				"up": {"uv": [1, 1, 1.5, 1.375], "texture": "#2"},
				"down": {"uv": [1, 1, 1.5, 1.375], "texture": "#2"}
			}
		},
		{
			"from": [7.07005, 5.90208, 7.95339],
			"to": [7.96068, 6.13646, 8.04714],
			"rotation": {"angle": 0, "axis": "y", "origin": [7.71068, 1.51146, 7.75026]},
			"faces": {
				"north": {"uv": [1, 0, 2, 1], "texture": "#2"},
				"east": {"uv": [1, 0, 2, 1], "texture": "#2"},
				"south": {"uv": [1, 0, 2, 1], "texture": "#2"},
				"west": {"uv": [1, 0, 2, 1], "texture": "#2"},
				"up": {"uv": [1, 0, 2, 1], "texture": "#2"},
				"down": {"uv": [1, 0, 2, 1], "texture": "#2"}
			}
		},
		{
			"from": [7.32005, 6.13646, 7.95339],
			"to": [7.96068, 6.63646, 8.04714],
			"rotation": {"angle": 0, "axis": "y", "origin": [7.71068, 1.51146, 7.75026]},
			"faces": {
				"north": {"uv": [1, 0, 2, 1], "texture": "#2"},
				"east": {"uv": [1, 0, 2, 1], "texture": "#2"},
				"south": {"uv": [1, 0, 2, 1], "texture": "#2"},
				"west": {"uv": [1, 0, 2, 1], "texture": "#2"},
				"up": {"uv": [1, 0, 2, 1], "texture": "#2"},
				"down": {"uv": [1, 0, 2, 1], "texture": "#2"}
			}
		},
		{
			"from": [7.24193, 6.63646, 7.95339],
			"to": [7.96068, 6.76146, 8.04714],
			"rotation": {"angle": 0, "axis": "y", "origin": [7.71068, 1.51146, 7.75026]},
			"faces": {
				"north": {"uv": [9, 11, 9.71875, 11.125], "texture": "#2"},
				"east": {"uv": [9, 11, 9.71875, 11.125], "texture": "#2"},
				"south": {"uv": [9, 11, 9.71875, 11.125], "texture": "#2"},
				"west": {"uv": [9, 11, 9.71875, 11.125], "texture": "#2"},
				"up": {"uv": [9, 11, 9.71875, 11.125], "texture": "#2"},
				"down": {"uv": [9, 11, 9.71875, 11.125], "texture": "#2"}
			}
		},
		{
			"from": [7.96068, 5.51146, 7.95339],
			"to": [8.6638, 5.90208, 8.04714],
			"rotation": {"angle": 0, "axis": "y", "origin": [7.71068, 1.51146, 7.75026]},
			"faces": {
				"north": {"uv": [1, 0, 2, 1], "texture": "#2"},
				"east": {"uv": [1, 0, 2, 1], "texture": "#2"},
				"south": {"uv": [1, 0, 2, 1], "texture": "#2"},
				"west": {"uv": [1, 0, 2, 1], "texture": "#2"},
				"up": {"uv": [1, 0, 2, 1], "texture": "#2"},
				"down": {"uv": [1, 0, 2, 1], "texture": "#2"}
			}
		},
		{
			"from": [8.19505, 5.74583, 7.93776],
			"to": [8.38255, 5.99583, 8.04714],
			"rotation": {"angle": 0, "axis": "y", "origin": [7.71068, 1.51146, 7.75026]},
			"faces": {
				"north": {"uv": [2, 1, 2.1875, 1.25], "texture": "#1"},
				"east": {"uv": [2, 1, 2.1875, 1.25], "texture": "#1"},
				"south": {"uv": [2, 1, 2.1875, 1.25], "texture": "#1"},
				"west": {"uv": [2, 1, 2.1875, 1.25], "texture": "#1"},
				"up": {"uv": [2, 1, 2.1875, 1.25], "texture": "#1"},
				"down": {"uv": [2, 1, 2.1875, 1.25], "texture": "#1"}
			}
		},
		{
			"from": [7.96068, 5.90208, 7.96901],
			"to": [8.39818, 6.76146, 8.03151],
			"rotation": {"angle": 0, "axis": "y", "origin": [7.71068, 1.51146, 7.75026]},
			"faces": {
				"north": {"uv": [4, 4, 5, 5], "texture": "#2"},
				"east": {"uv": [1, 0, 2, 1], "texture": "#2"},
				"south": {"uv": [1, 0, 2, 1], "texture": "#2"},
				"west": {"uv": [1, 0, 2, 1], "texture": "#2"},
				"up": {"uv": [1, 0, 2, 1], "texture": "#2"},
				"down": {"uv": [1, 0, 2, 1], "texture": "#2"}
			}
		},
		{
			"from": [8.6013, 5.80833, 7.96901],
			"to": [8.80443, 6.13646, 8.03151],
			"rotation": {"angle": 0, "axis": "y", "origin": [7.71068, 1.51146, 7.75026]},
			"faces": {
				"north": {"uv": [1, 0, 2, 1], "texture": "#2"},
				"east": {"uv": [1, 0, 2, 1], "texture": "#2"},
				"south": {"uv": [1, 0, 2, 1], "texture": "#2"},
				"west": {"uv": [1, 0, 2, 1], "texture": "#2"},
				"up": {"uv": [1, 0, 2, 1], "texture": "#2"},
				"down": {"uv": [1, 0, 2, 1], "texture": "#2"}
			}
		},
		{
			"from": [8.50755, 5.83958, 7.98464],
			"to": [8.71068, 5.99583, 8.01589],
			"rotation": {"angle": 0, "axis": "y", "origin": [7.71068, 1.51146, 7.75026]},
			"faces": {
				"north": {"uv": [1, 0, 2, 1], "texture": "#2"},
				"east": {"uv": [1, 0, 2, 1], "texture": "#2"},
				"south": {"uv": [1, 0, 2, 1], "texture": "#2"},
				"west": {"uv": [1, 0, 2, 1], "texture": "#2"},
				"up": {"uv": [1, 0, 2, 1], "texture": "#2"},
				"down": {"uv": [1, 0, 2, 1], "texture": "#2"}
			}
		},
		{
			"from": [6.6638, 6.44896, 7.90651],
			"to": [7.11693, 6.69896, 8.09401],
			"rotation": {"angle": 45, "axis": "z", "origin": [8.17943, 6.6599, 8.00026]},
			"faces": {
				"north": {"uv": [0, 0, 0.45313, 0.25], "texture": "#1"},
				"east": {"uv": [0, 0, 0.1875, 0.25], "texture": "#1"},
				"south": {"uv": [0, 0, 0.45313, 0.25], "texture": "#1"},
				"west": {"uv": [0, 0, 0.1875, 0.25], "texture": "#1"},
				"up": {"uv": [0, 0, 0.45313, 0.1875], "texture": "#1"},
				"down": {"uv": [0, 0, 0.45313, 0.1875], "texture": "#1"}
			}
		},
		{
			"from": [6.8513, 6.55833, 7.92214],
			"to": [8.50755, 6.71458, 8.07839],
			"rotation": {"angle": 45, "axis": "z", "origin": [8.17943, 6.6599, 8.00026]},
			"faces": {
				"north": {"uv": [0, 0, 1.65625, 0.15625], "texture": "#1"},
				"east": {"uv": [0, 0, 0.15625, 0.15625], "texture": "#1"},
				"south": {"uv": [0, 0, 1.65625, 0.15625], "texture": "#1"},
				"west": {"uv": [0, 0, 0.15625, 0.15625], "texture": "#1"},
				"up": {"uv": [0, 0, 1.65625, 0.15625], "texture": "#1"},
				"down": {"uv": [0, 0, 1.65625, 0.15625], "texture": "#1"}
			}
		},
		{
			"from": [7.4138, 6.76146, 7.96901],
			"to": [8.33568, 7.51146, 8.03151],
			"rotation": {"angle": 0, "axis": "y", "origin": [7.71068, 1.51146, 7.75026]},
			"faces": {
				"north": {"uv": [9, 11, 9.92188, 11.75], "texture": "#2"},
				"east": {"uv": [9, 11, 9.92188, 11.75], "texture": "#2"},
				"south": {"uv": [9, 11, 9.92188, 11.75], "texture": "#2"},
				"west": {"uv": [9, 11, 9.92188, 11.75], "texture": "#2"},
				"up": {"uv": [9, 11, 9.92188, 11.75], "texture": "#2"},
				"down": {"uv": [9, 11, 9.92188, 11.75], "texture": "#2"}
			}
		},
		{
			"from": [7.67943, 7.51146, 7.96901],
			"to": [8.42943, 8.26146, 8.03151],
			"rotation": {"angle": 0, "axis": "y", "origin": [7.71068, 1.51146, 7.75026]},
			"faces": {
				"north": {"uv": [9, 11, 9.75, 11.75], "texture": "#2"},
				"east": {"uv": [9, 11, 9.75, 11.75], "texture": "#2"},
				"south": {"uv": [9, 11, 9.75, 11.75], "texture": "#2"},
				"west": {"uv": [9, 11, 9.75, 11.75], "texture": "#2"},
				"up": {"uv": [9, 11, 9.75, 11.75], "texture": "#2"},
				"down": {"uv": [9, 11, 9.75, 11.75], "texture": "#2"}
			}
		},
		{
			"from": [7.89818, 8.26146, 7.96901],
			"to": [8.58568, 9.01146, 8.03151],
			"rotation": {"angle": 0, "axis": "y", "origin": [7.71068, 1.51146, 7.75026]},
			"faces": {
				"north": {"uv": [9, 11, 9.6875, 11.75], "texture": "#2"},
				"east": {"uv": [9, 11, 9.6875, 11.75], "texture": "#2"},
				"south": {"uv": [9, 11, 9.6875, 11.75], "texture": "#2"},
				"west": {"uv": [9, 11, 9.6875, 11.75], "texture": "#2"},
				"up": {"uv": [9, 11, 9.6875, 11.75], "texture": "#2"},
				"down": {"uv": [9, 11, 9.6875, 11.75], "texture": "#2"}
			}
		},
		{
			"from": [8.0388, 9.01146, 7.96901],
			"to": [8.82005, 10.44896, 8.03151],
			"rotation": {"angle": 0, "axis": "y", "origin": [7.71068, 1.51146, 7.75026]},
			"faces": {
				"north": {"uv": [9, 11, 9.78125, 12.4375], "texture": "#2"},
				"east": {"uv": [9, 11, 9.78125, 12.4375], "texture": "#2"},
				"south": {"uv": [9, 11, 9.78125, 12.4375], "texture": "#2"},
				"west": {"uv": [9, 11, 9.78125, 12.4375], "texture": "#2"},
				"up": {"uv": [9, 11, 9.78125, 12.4375], "texture": "#2"},
				"down": {"uv": [9, 11, 9.78125, 12.4375], "texture": "#2"}
			}
		},
		{
			"from": [7.99193, 14.60521, 7.96901],
			"to": [8.21068, 14.98021, 8.03151],
			"rotation": {"angle": 0, "axis": "y", "origin": [7.71068, 1.51146, 7.75026]},
			"faces": {
				"north": {"uv": [9, 11, 9.21875, 11.375], "texture": "#2"},
				"east": {"uv": [9, 11, 9.21875, 11.375], "texture": "#2"},
				"south": {"uv": [9, 11, 9.21875, 11.375], "texture": "#2"},
				"west": {"uv": [9, 11, 9.21875, 11.375], "texture": "#2"},
				"up": {"uv": [9, 11, 9.21875, 11.375], "texture": "#2"},
				"down": {"uv": [9, 11, 9.21875, 11.375], "texture": "#2"}
			}
		},
		{
			"from": [7.71068, 14.33958, 7.96901],
			"to": [8.21068, 14.60521, 8.03151],
			"rotation": {"angle": 0, "axis": "y", "origin": [7.71068, 1.51146, 7.75026]},
			"faces": {
				"north": {"uv": [9, 11, 9.5, 11.26563], "texture": "#2"},
				"east": {"uv": [9, 11, 9.5, 11.26563], "texture": "#2"},
				"south": {"uv": [9, 11, 9.5, 11.26563], "texture": "#2"},
				"west": {"uv": [9, 11, 9.5, 11.26563], "texture": "#2"},
				"up": {"uv": [9, 11, 9.5, 11.26563], "texture": "#2"},
				"down": {"uv": [9, 11, 9.5, 11.26563], "texture": "#2"}
			}
		},
		{
			"from": [7.6013, 14.07396, 7.96901],
			"to": [8.30443, 14.33958, 8.03151],
			"rotation": {"angle": 0, "axis": "y", "origin": [7.71068, 1.51146, 7.75026]},
			"faces": {
				"north": {"uv": [9, 11, 9.70313, 11.26563], "texture": "#2"},
				"east": {"uv": [9, 11, 9.70313, 11.26563], "texture": "#2"},
				"south": {"uv": [9, 11, 9.70313, 11.26563], "texture": "#2"},
				"west": {"uv": [9, 11, 9.70313, 11.26563], "texture": "#2"},
				"up": {"uv": [9, 11, 9.70313, 11.26563], "texture": "#2"},
				"down": {"uv": [9, 11, 9.70313, 11.26563], "texture": "#2"}
			}
		},
		{
			"from": [7.42943, 12.98021, 7.96901],
			"to": [8.2263, 14.07396, 8.03151],
			"rotation": {"angle": 0, "axis": "y", "origin": [7.71068, 1.51146, 7.75026]},
			"faces": {
				"north": {"uv": [9, 11, 9.79688, 12.09375], "texture": "#2"},
				"east": {"uv": [9, 11, 9.79688, 12.09375], "texture": "#2"},
				"south": {"uv": [9, 11, 9.79688, 12.09375], "texture": "#2"},
				"west": {"uv": [9, 11, 9.79688, 12.09375], "texture": "#2"},
				"up": {"uv": [9, 11, 9.79688, 12.09375], "texture": "#2"},
				"down": {"uv": [9, 11, 9.79688, 12.09375], "texture": "#2"}
			}
		},
		{
			"from": [8.64818, 10.44896, 7.96901],
			"to": [8.74193, 10.96458, 8.03151],
			"rotation": {"angle": 0, "axis": "y", "origin": [7.71068, 1.51146, 7.75026]},
			"faces": {
				"north": {"uv": [9, 11, 9.09375, 11.51563], "texture": "#2"},
				"east": {"uv": [9, 11, 9.09375, 11.51563], "texture": "#2"},
				"south": {"uv": [9, 11, 9.09375, 11.51563], "texture": "#2"},
				"west": {"uv": [9, 11, 9.09375, 11.51563], "texture": "#2"},
				"up": {"uv": [9, 11, 9.09375, 11.51563], "texture": "#2"},
				"down": {"uv": [9, 11, 9.09375, 11.51563], "texture": "#2"}
			}
		},
		{
			"from": [7.52318, 7.51146, 7.96901],
			"to": [7.67943, 7.93333, 8.03151],
			"rotation": {"angle": 0, "axis": "y", "origin": [7.71068, 1.51146, 7.75026]},
			"faces": {
				"north": {"uv": [9, 11, 9.15625, 11.42188], "texture": "#2"},
				"east": {"uv": [9, 11, 9.15625, 11.42188], "texture": "#2"},
				"south": {"uv": [9, 11, 9.15625, 11.42188], "texture": "#2"},
				"west": {"uv": [9, 11, 9.15625, 11.42188], "texture": "#2"},
				"up": {"uv": [9, 11, 9.15625, 11.42188], "texture": "#2"},
				"down": {"uv": [9, 11, 9.15625, 11.42188], "texture": "#2"}
			}
		},
		{
			"from": [8.57005, 8.54271, 7.96901],
			"to": [8.7263, 9.01146, 8.03151],
			"rotation": {"angle": 0, "axis": "y", "origin": [7.71068, 1.51146, 7.75026]},
			"faces": {
				"north": {"uv": [9, 11, 9.15625, 11.46875], "texture": "#2"},
				"east": {"uv": [9, 11, 9.15625, 11.46875], "texture": "#2"},
				"south": {"uv": [9, 11, 9.15625, 11.46875], "texture": "#2"},
				"west": {"uv": [9, 11, 9.15625, 11.46875], "texture": "#2"},
				"up": {"uv": [9, 11, 9.15625, 11.46875], "texture": "#2"},
				"down": {"uv": [9, 11, 9.15625, 11.46875], "texture": "#2"}
			}
		},
		{
			"from": [7.69505, 11.13646, 7.96901],
			"to": [7.88255, 11.88646, 8.03151],
			"rotation": {"angle": 0, "axis": "y", "origin": [7.71068, 1.51146, 7.75026]},
			"faces": {
				"north": {"uv": [9, 11, 9.1875, 11.75], "texture": "#2"},
				"east": {"uv": [9, 11, 9.1875, 11.75], "texture": "#2"},
				"south": {"uv": [9, 11, 9.1875, 11.75], "texture": "#2"},
				"west": {"uv": [9, 11, 9.1875, 11.75], "texture": "#2"},
				"up": {"uv": [9, 11, 9.1875, 11.75], "texture": "#2"},
				"down": {"uv": [9, 11, 9.1875, 11.75], "texture": "#2"}
			}
		},
		{
			"from": [7.57005, 11.88646, 7.96901],
			"to": [8.42943, 12.98021, 8.03151],
			"rotation": {"angle": 0, "axis": "y", "origin": [7.71068, 1.51146, 7.75026]},
			"faces": {
				"north": {"uv": [9, 11, 9.85938, 12.09375], "texture": "#2"},
				"east": {"uv": [9, 11, 9.85938, 12.09375], "texture": "#2"},
				"south": {"uv": [9, 11, 9.85938, 12.09375], "texture": "#2"},
				"west": {"uv": [9, 11, 9.85938, 12.09375], "texture": "#2"},
				"up": {"uv": [9, 11, 9.85938, 12.09375], "texture": "#2"},
				"down": {"uv": [9, 11, 9.85938, 12.09375], "texture": "#2"}
			}
		},
		{
			"from": [7.88255, 10.44896, 7.96901],
			"to": [8.64818, 11.88646, 8.03151],
			"rotation": {"angle": 0, "axis": "y", "origin": [7.71068, 1.51146, 7.75026]},
			"faces": {
				"north": {"uv": [9, 11, 9.76563, 12.4375], "texture": "#2"},
				"east": {"uv": [9, 11, 9.76563, 12.4375], "texture": "#2"},
				"south": {"uv": [9, 11, 9.76563, 12.4375], "texture": "#2"},
				"west": {"uv": [9, 11, 9.76563, 12.4375], "texture": "#2"},
				"up": {"uv": [9, 11, 9.76563, 12.4375], "texture": "#2"},
				"down": {"uv": [9, 11, 9.76563, 12.4375], "texture": "#2"}
			}
		}
	],
	"gui_light": "front",
	"display": {
		"thirdperson_righthand": {
			"rotation": [0, 90, 0],
			"translation": [0, 4, 1.25],
			"scale": [1.55, 1.55, 1.55]
		},
		"thirdperson_lefthand": {
			"rotation": [0, 90, 0],
			"translation": [0, 4, 1.25],
			"scale": [1.55, 1.55, 1.55]
		},
		"firstperson_righthand": {
			"rotation": [0, 90, 0],
			"translation": [-2.25, 6.5, 4],
			"scale": [1.05, 1.05, 1.05]
		},
		"firstperson_lefthand": {
			"rotation": [0, 90, 0],
			"translation": [-2.25, 6.5, 4],
			"scale": [1.05, 1.05, 1.05]
		},
		"ground": {
			"rotation": [-180, 0, 0],
			"translation": [0, 1, 0],
			"scale": [1.43, 1.43, 1.43]
		},
		"gui": {
			"rotation": [-39, 1, -39],
			"translation": [-0.25, -0.5, 0],
			"scale": [-1.84, 1.84, 1.84]
		},
		"fixed": {
			"rotation": [0, 0, 45],
			"scale": [1.5, 1.5, 1.5]
		}
	},
	"groups": [
		{
			"name": "group",
			"origin": [0, 0, 0],
			"color": 0,
			"children": [0, 1, 2]
		}, 3, 4, 5, 6, 7, 8, 9, 10, 11, 12, 13, 14, 15,
		{
			"name": "group",
			"origin": [0, 0, 0],
			"color": 0,
			"children": [16, 17, 18, 19, 20, 21, 22, 23, 24, 25, 26, 27, 28, 29]
		}
	]
}