{
    "parent": "item/generated",
    "textures": {
        "layer0": "item/black_dye"
    },
    "overrides":
	[
    {"predicate": {"custom_model_data": 1},"model": "item/equipment_mod/aluminiumstock"},
    {"predicate": {"custom_model_data": 2},"model": "item/equipment_mod/taredge"},
    {"predicate": {"custom_model_data": 3},"model": "item/equipment_mod/echorocky"},
    {"predicate": {"custom_model_data": 4},"model": "item/equipment_mod/echowarden"},
    {"predicate": {"custom_model_data": 5},"model": "item/equipment_mod/echobark"},
    {"predicate": {"custom_model_data": 6},"model": "item/equipment_mod/echomarineink"},
    {"predicate": {"custom_model_data": 7},"model": "item/equipment_mod/echopebble"},
    {"predicate": {"custom_model_data": 8},"model": "item/equipment_mod/echogemcut"},
    {"predicate": {"custom_model_data": 20},"model": "item/giantbelt"},
    {"predicate": {"custom_model_data": 21},"model": "item/carboniumchunk"},
    {"predicate": {"custom_model_data": 22},"model": "item/graphene"},
    {"predicate": {"custom_model_data": 30},"model": "item/blackpill"}
	]
}
