{
	"credit": "Made with Blockbench",
	"textures": {
		"1": "block/gray_concrete_powder",
		"2": "block/andesite",
		"3": "block/emerald_block",
		"particle": "block/emerald_block"
	},
	"elements": [
		{
			"from": [7.49995, -0.06399, 7.51042],
			"to": [8.49995, 4.62351, 8.51042],
			"rotation": {"angle": 0, "axis": "y", "origin": [15.49995, 8.62351, 15.51042]},
			"faces": {
				"north": {"uv": [3, 0, 5, 5.313], "texture": "#1"},
				"east": {"uv": [3, 0, 5, 5.313], "texture": "#1"},
				"south": {"uv": [3, 0, 5, 5.313], "texture": "#1"},
				"west": {"uv": [3, 0, 5, 5.313], "texture": "#1"},
				"up": {"uv": [3, 0, 5, 5.313], "texture": "#1"},
				"down": {"uv": [3, 0, 5, 5.313], "texture": "#1"}
			}
		},
		{
			"from": [7.37495, 4.99851, 7.51042],
			"to": [8.62495, 5.74851, 8.26042],
			"rotation": {"angle": -45, "axis": "x", "origin": [7.99995, 5.49851, 8.01042]},
			"faces": {
				"north": {"uv": [4, 4, 11.75, 11.75], "texture": "#3"},
				"east": {"uv": [4, 4, 11.75, 11.75], "texture": "#3"},
				"south": {"uv": [4, 4, 11.75, 11.75], "texture": "#3"},
				"west": {"uv": [4, 4, 11.75, 11.75], "texture": "#3"},
				"up": {"uv": [4, 4, 11.75, 11.75], "texture": "#3"},
				"down": {"uv": [4, 4, 11.75, 11.75], "texture": "#3"}
			}
		},
		{
			"from": [7.96798, 21.37351, 7.63542],
			"to": [8.03193, 22.18601, 8.26042],
			"rotation": {"angle": 0, "axis": "y", "origin": [15.49995, 29.37351, 15.51042]},
			"faces": {
				"north": {"uv": [3, 1, 5.625, 1.813], "texture": "#2"},
				"east": {"uv": [3, 1, 5.625, 1.813], "texture": "#2"},
				"south": {"uv": [3, 1, 5.625, 1.813], "texture": "#2"},
				"west": {"uv": [3, 1, 5.625, 1.813], "texture": "#2"},
				"up": {"uv": [3, 1, 5.625, 1.813], "texture": "#2"},
				"down": {"uv": [3, 1, 5.625, 1.813], "texture": "#2"}
			}
		},
		{
			"from": [7.74995, 5.99851, 7.32292],
			"to": [8.24995, 6.68601, 8.69792],
			"rotation": {"angle": 0, "axis": "y", "origin": [15.49995, 13.99851, 15.51042]},
			"faces": {
				"north": {"uv": [3, 1, 5.625, 1.813], "texture": "#2"},
				"east": {"uv": [3, 1, 5.625, 1.813], "texture": "#2"},
				"south": {"uv": [3, 1, 5.625, 1.813], "texture": "#2"},
				"west": {"uv": [3, 1, 5.625, 1.813], "texture": "#2"},
				"up": {"uv": [3, 1, 5.625, 1.813], "texture": "#2"},
				"down": {"uv": [3, 1, 5.625, 1.813], "texture": "#2"}
			}
		},
		{
			"from": [7.78096, 6.68601, 6.76042],
			"to": [8.21895, 9.68601, 9.26042],
			"rotation": {"angle": 0, "axis": "y", "origin": [15.49995, 14.68601, 15.51042]},
			"faces": {
				"north": {"uv": [3, 1, 5.625, 1.813], "texture": "#2"},
				"east": {"uv": [3, 1, 5.625, 1.813], "texture": "#2"},
				"south": {"uv": [3, 1, 5.625, 1.813], "texture": "#2"},
				"west": {"uv": [3, 1, 5.625, 1.813], "texture": "#2"},
				"up": {"uv": [3, 1, 5.625, 1.813], "texture": "#2"},
				"down": {"uv": [3, 1, 5.625, 1.813], "texture": "#2"}
			}
		},
		{
			"from": [7.84346, 9.68601, 6.94792],
			"to": [8.15645, 12.43601, 9.07292],
			"rotation": {"angle": 0, "axis": "y", "origin": [15.49995, 17.68601, 15.51042]},
			"faces": {
				"north": {"uv": [3, 1, 5.625, 1.813], "texture": "#2"},
				"east": {"uv": [3, 1, 5.625, 1.813], "texture": "#2"},
				"south": {"uv": [3, 1, 5.625, 1.813], "texture": "#2"},
				"west": {"uv": [3, 1, 5.625, 1.813], "texture": "#2"},
				"up": {"uv": [3, 1, 5.625, 1.813], "texture": "#2"},
				"down": {"uv": [3, 1, 5.625, 1.813], "texture": "#2"}
			}
		},
		{
			"from": [7.84346, 12.43601, 7.07292],
			"to": [8.15645, 18.87351, 8.94792],
			"rotation": {"angle": 0, "axis": "y", "origin": [15.49995, 20.43601, 15.51042]},
			"faces": {
				"north": {"uv": [3, 1, 5.625, 1.813], "texture": "#2"},
				"east": {"uv": [3, 1, 5.625, 1.813], "texture": "#2"},
				"south": {"uv": [3, 1, 5.625, 1.813], "texture": "#2"},
				"west": {"uv": [3, 1, 5.625, 1.813], "texture": "#2"},
				"up": {"uv": [3, 1, 5.625, 1.813], "texture": "#2"},
				"down": {"uv": [3, 1, 5.625, 1.813], "texture": "#2"}
			}
		},
		{
			"from": [7.90596, 18.87351, 7.26042],
			"to": [8.09395, 20.24851, 8.76042],
			"rotation": {"angle": 0, "axis": "y", "origin": [15.49995, 26.87351, 15.51042]},
			"faces": {
				"north": {"uv": [3, 1, 5.625, 1.813], "texture": "#2"},
				"east": {"uv": [3, 1, 5.625, 1.813], "texture": "#2"},
				"south": {"uv": [3, 1, 5.625, 1.813], "texture": "#2"},
				"west": {"uv": [3, 1, 5.625, 1.813], "texture": "#2"},
				"up": {"uv": [3, 1, 5.625, 1.813], "texture": "#2"},
				"down": {"uv": [3, 1, 5.625, 1.813], "texture": "#2"}
			}
		},
		{
			"from": [7.93697, 20.24851, 7.44792],
			"to": [8.06294, 21.37351, 8.51042],
			"rotation": {"angle": 0, "axis": "y", "origin": [15.49995, 28.24851, 15.51042]},
			"faces": {
				"north": {"uv": [3, 1, 5.625, 1.813], "texture": "#2"},
				"east": {"uv": [3, 1, 5.625, 1.813], "texture": "#2"},
				"south": {"uv": [3, 1, 5.625, 1.813], "texture": "#2"},
				"west": {"uv": [3, 1, 5.625, 1.813], "texture": "#2"},
				"up": {"uv": [3, 1, 5.625, 1.813], "texture": "#2"},
				"down": {"uv": [3, 1, 5.625, 1.813], "texture": "#2"}
			}
		},
		{
			"from": [7.68745, 4.81101, 8.69792],
			"to": [8.31245, 5.93601, 9.26042],
			"rotation": {"angle": 0, "axis": "y", "origin": [8.00005, 5.21101, 10.54167]},
			"faces": {
				"north": {"uv": [0, 0, 0.563, 1.125], "texture": "#2"},
				"east": {"uv": [0, 0, 0.563, 1.125], "texture": "#2"},
				"south": {"uv": [0, 0, 0.563, 1.125], "texture": "#2"},
				"west": {"uv": [0, 0, 0.563, 1.125], "texture": "#2"},
				"up": {"uv": [0, 0, 0.563, 1.125], "texture": "#2"},
				"down": {"uv": [0, 0, 0.563, 1.125], "texture": "#2"}
			}
		},
		{
			"from": [7.81245, 4.68601, 9.26042],
			"to": [8.18745, 5.68601, 10.26042],
			"rotation": {"angle": 0, "axis": "y", "origin": [8.00005, 5.21101, 10.54167]},
			"faces": {
				"north": {"uv": [0, 0, 0.563, 1.125], "texture": "#2"},
				"east": {"uv": [0, 0, 0.563, 1.125], "texture": "#2"},
				"south": {"uv": [0, 0, 0.563, 1.125], "texture": "#2"},
				"west": {"uv": [0, 0, 0.563, 1.125], "texture": "#2"},
				"up": {"uv": [0, 0, 0.563, 1.125], "texture": "#2"},
				"down": {"uv": [0, 0, 0.563, 1.125], "texture": "#2"}
			}
		},
		{
			"from": [7.87495, 4.56101, 10.26042],
			"to": [8.12495, 5.31101, 11.26042],
			"rotation": {"angle": 0, "axis": "y", "origin": [8.00005, 5.21101, 10.54167]},
			"faces": {
				"north": {"uv": [0, 0, 0.563, 1.125], "texture": "#2"},
				"east": {"uv": [0, 0, 0.563, 1.125], "texture": "#2"},
				"south": {"uv": [0, 0, 0.563, 1.125], "texture": "#2"},
				"west": {"uv": [0, 0, 0.563, 1.125], "texture": "#2"},
				"up": {"uv": [0, 0, 0.563, 1.125], "texture": "#2"},
				"down": {"uv": [0, 0, 0.563, 1.125], "texture": "#2"}
			}
		},
		{
			"from": [7.90645, 4.68601, 11.26042],
			"to": [8.09395, 5.43601, 11.69792],
			"rotation": {"angle": 0, "axis": "y", "origin": [8.00005, 5.21101, 10.54167]},
			"faces": {
				"north": {"uv": [0, 0, 0.563, 1.125], "texture": "#2"},
				"east": {"uv": [0, 0, 0.563, 1.125], "texture": "#2"},
				"south": {"uv": [0, 0, 0.563, 1.125], "texture": "#2"},
				"west": {"uv": [0, 0, 0.563, 1.125], "texture": "#2"},
				"up": {"uv": [0, 0, 0.563, 1.125], "texture": "#2"},
				"down": {"uv": [0, 0, 0.563, 1.125], "texture": "#2"}
			}
		},
		{
			"from": [7.93745, 5.12351, 11.51042],
			"to": [8.06294, 5.87351, 11.94792],
			"rotation": {"angle": 0, "axis": "y", "origin": [8.00005, 5.21101, 10.54167]},
			"faces": {
				"north": {"uv": [0, 0, 0.563, 1.125], "texture": "#2"},
				"east": {"uv": [0, 0, 0.563, 1.125], "texture": "#2"},
				"south": {"uv": [0, 0, 0.563, 1.125], "texture": "#2"},
				"west": {"uv": [0, 0, 0.563, 1.125], "texture": "#2"},
				"up": {"uv": [0, 0, 0.563, 1.125], "texture": "#2"},
				"down": {"uv": [0, 0, 0.563, 1.125], "texture": "#2"}
			}
		},
		{
			"from": [7.68745, 4.81101, 6.76042],
			"to": [8.31245, 5.93601, 7.32292],
			"rotation": {"angle": 0, "axis": "y", "origin": [14.49995, 12.62351, 15.51042]},
			"faces": {
				"north": {"uv": [0, 0, 0.563, 1.125], "texture": "#2"},
				"east": {"uv": [0, 0, 0.563, 1.125], "texture": "#2"},
				"south": {"uv": [0, 0, 0.563, 1.125], "texture": "#2"},
				"west": {"uv": [0, 0, 0.563, 1.125], "texture": "#2"},
				"up": {"uv": [0, 0, 0.563, 1.125], "texture": "#2"},
				"down": {"uv": [0, 0, 0.563, 1.125], "texture": "#2"}
			}
		},
		{
			"from": [7.81245, 4.68601, 5.76042],
			"to": [8.18745, 5.68601, 6.76042],
			"rotation": {"angle": 0, "axis": "y", "origin": [14.49995, 12.62351, 15.51042]},
			"faces": {
				"north": {"uv": [0, 0, 0.563, 1.125], "texture": "#2"},
				"east": {"uv": [0, 0, 0.563, 1.125], "texture": "#2"},
				"south": {"uv": [0, 0, 0.563, 1.125], "texture": "#2"},
				"west": {"uv": [0, 0, 0.563, 1.125], "texture": "#2"},
				"up": {"uv": [0, 0, 0.563, 1.125], "texture": "#2"},
				"down": {"uv": [0, 0, 0.563, 1.125], "texture": "#2"}
			}
		},
		{
			"from": [7.87495, 4.56101, 4.76042],
			"to": [8.12495, 5.31101, 5.76042],
			"rotation": {"angle": 0, "axis": "y", "origin": [14.49995, 12.62351, 14.51042]},
			"faces": {
				"north": {"uv": [0, 0, 0.563, 1.125], "texture": "#2"},
				"east": {"uv": [0, 0, 0.563, 1.125], "texture": "#2"},
				"south": {"uv": [0, 0, 0.563, 1.125], "texture": "#2"},
				"west": {"uv": [0, 0, 0.563, 1.125], "texture": "#2"},
				"up": {"uv": [0, 0, 0.563, 1.125], "texture": "#2"},
				"down": {"uv": [0, 0, 0.563, 1.125], "texture": "#2"}
			}
		},
		{
			"from": [7.90645, 4.68601, 4.32292],
			"to": [8.09395, 5.43601, 4.76042],
			"rotation": {"angle": 0, "axis": "y", "origin": [14.49995, 12.74851, 13.51042]},
			"faces": {
				"north": {"uv": [0, 0, 0.563, 1.125], "texture": "#2"},
				"east": {"uv": [0, 0, 0.563, 1.125], "texture": "#2"},
				"south": {"uv": [0, 0, 0.563, 1.125], "texture": "#2"},
				"west": {"uv": [0, 0, 0.563, 1.125], "texture": "#2"},
				"up": {"uv": [0, 0, 0.563, 1.125], "texture": "#2"},
				"down": {"uv": [0, 0, 0.563, 1.125], "texture": "#2"}
			}
		},
		{
			"from": [7.93745, 5.12351, 4.07292],
			"to": [8.06294, 5.87351, 4.51042],
			"rotation": {"angle": 0, "axis": "y", "origin": [14.49995, 13.18601, 13.07292]},
			"faces": {
				"north": {"uv": [0, 0, 0.563, 1.125], "texture": "#2"},
				"east": {"uv": [0, 0, 0.563, 1.125], "texture": "#2"},
				"south": {"uv": [0, 0, 0.563, 1.125], "texture": "#2"},
				"west": {"uv": [0, 0, 0.563, 1.125], "texture": "#2"},
				"up": {"uv": [0, 0, 0.563, 1.125], "texture": "#2"},
				"down": {"uv": [0, 0, 0.563, 1.125], "texture": "#2"}
			}
		},
		{
			"from": [7.49995, 4.62351, 7.32292],
			"to": [8.49995, 5.99851, 8.69792],
			"rotation": {"angle": 0, "axis": "y", "origin": [15.49995, 12.62351, 15.51042]},
			"faces": {
				"north": {"uv": [0, 0, 0.563, 1.125], "texture": "#2"},
				"east": {"uv": [0, 0, 0.563, 1.125], "texture": "#2"},
				"south": {"uv": [0, 0, 0.563, 1.125], "texture": "#2"},
				"west": {"uv": [0, 0, 0.563, 1.125], "texture": "#2"},
				"up": {"uv": [0, 0, 0.563, 1.125], "texture": "#2"},
				"down": {"uv": [0, 0, 0.563, 1.125], "texture": "#2"}
			}
		},
		{
			"from": [7.43745, -0.87649, 7.44792],
			"to": [8.56245, -0.06399, 8.57292],
			"rotation": {"angle": 0, "axis": "y", "origin": [15.49995, 6.56101, 15.51042]},
			"faces": {
				"north": {"uv": [0, 0, 0.563, 1.125], "texture": "#2"},
				"east": {"uv": [0, 0, 0.563, 1.125], "texture": "#2"},
				"south": {"uv": [0, 0, 0.563, 1.125], "texture": "#2"},
				"west": {"uv": [0, 0, 0.563, 1.125], "texture": "#2"},
				"up": {"uv": [0, 0, 0.563, 1.125], "texture": "#2"},
				"down": {"uv": [0, 0, 0.563, 1.125], "texture": "#2"}
			}
		}
	],
	"gui_light": "front",
	"display": {
		"thirdperson_righthand": {
			"translation": [-0.25, 3.5, 1.5],
			"scale": [0.97, 0.97, 0.97]
		},
		"firstperson_righthand": {
			"rotation": [2, 0, -4],
			"translation": [0, 4.75, 2.75],
			"scale": [0.82, 0.82, 0.82]
		},
		"firstperson_lefthand": {
			"rotation": [2, 0, -4],
			"translation": [0, 4.75, 2.75],
			"scale": [0.82, 0.82, 0.82]
		},
		"ground": {
			"rotation": [0, 0, -180],
			"scale": [0.82, 0.82, 0.82]
		},
		"gui": {
			"rotation": [-90, -45, -90],
			"translation": [-1.5, -2, 0],
			"scale": [0.9, 0.9, 0.9]
		},
		"fixed": {
			"rotation": [-90, -135, -90],
			"translation": [1.75, -1.75, 0]
		}
	},
	"groups": [0, 1,
		{
			"name": "group",
			"origin": [8, 27.625, 8],
			"children": [2, 3, 4, 5, 6, 7, 8]
		},
		{
			"name": "group",
			"origin": [0.5, 4.875, 0.5],
			"children": [9, 10, 11, 12, 13, 14, 15, 16, 17, 18, 19, 20]
		}
	]
}