{
	"credit": "Made with Blockbench",
	"textures": {
		"0": "block/orange_concrete_powder",
		"1": "block/yellow_concrete_powder",
		"2": "block/acacia_log_top",
		"particle": "block/orange_concrete_powder"
	},
	"elements": [
		{
			"from": [7.5, -4.4375, 7.5],
			"to": [8.5, 8.5625, 8.5],
			"rotation": {"angle": 0, "axis": "y", "origin": [15.5, 3.5625, 15.5]},
			"faces": {
				"north": {"uv": [1, 2, 2, 15], "texture": "#2"},
				"east": {"uv": [1, 2, 2, 15], "texture": "#2"},
				"south": {"uv": [1, 2, 2, 15], "texture": "#2"},
				"west": {"uv": [1, 2, 2, 15], "texture": "#2"},
				"up": {"uv": [1, 2, 2, 15], "texture": "#2"},
				"down": {"uv": [1, 2, 2, 15], "texture": "#2"}
			}
		},
		{
			"from": [7.4375, -5.375, 7.4375],
			"to": [8.5625, -4.375, 8.5625],
			"rotation": {"angle": 0, "axis": "y", "origin": [15.5, 2.625, 15.5]},
			"faces": {
				"north": {"uv": [2, 0, 3.125, 1], "texture": "#0"},
				"east": {"uv": [2, 0, 3.125, 1], "texture": "#0"},
				"south": {"uv": [2, 0, 3.125, 1], "texture": "#0"},
				"west": {"uv": [2, 0, 3.125, 1], "texture": "#0"},
				"up": {"uv": [2, 0, 3.125, 1], "texture": "#0"},
				"down": {"uv": [2, 0, 3.125, 1], "texture": "#0"}
			}
		},
		{
			"from": [7.4375, 8.4375, 7.4375],
			"to": [8.5625, 9.4375, 8.5625],
			"rotation": {"angle": 0, "axis": "y", "origin": [15.5, 16.4375, 15.5]},
			"faces": {
				"north": {"uv": [2, 0, 3.125, 1], "texture": "#0"},
				"east": {"uv": [2, 0, 3.125, 1], "texture": "#0"},
				"south": {"uv": [2, 0, 3.125, 1], "texture": "#0"},
				"west": {"uv": [2, 0, 3.125, 1], "texture": "#0"},
				"up": {"uv": [2, 0, 3.125, 1], "texture": "#0"},
				"down": {"uv": [2, 0, 3.125, 1], "texture": "#0"}
			}
		},
		{
			"from": [7.3125, 9.4375, 7.3125],
			"to": [8.6875, 10.4375, 8.6875],
			"rotation": {"angle": 0, "axis": "y", "origin": [15.5, 17.4375, 15.5]},
			"faces": {
				"north": {"uv": [2, 0, 3.125, 1], "texture": "#0"},
				"east": {"uv": [2, 0, 3.125, 1], "texture": "#0"},
				"south": {"uv": [2, 0, 3.125, 1], "texture": "#0"},
				"west": {"uv": [2, 0, 3.125, 1], "texture": "#0"},
				"up": {"uv": [2, 0, 3.125, 1], "texture": "#0"},
				"down": {"uv": [2, 0, 3.125, 1], "texture": "#0"}
			}
		},
		{
			"from": [7.1875, 10.4375, 7.1875],
			"to": [8.8125, 12.4375, 8.8125],
			"rotation": {"angle": 0, "axis": "y", "origin": [15.5, 18.4375, 15.5]},
			"faces": {
				"north": {"uv": [2, 2, 2.625, 3], "texture": "#1"},
				"east": {"uv": [2, 2, 2.625, 3], "texture": "#1"},
				"south": {"uv": [2, 2, 2.625, 3], "texture": "#1"},
				"west": {"uv": [2, 2, 2.625, 3], "texture": "#1"},
				"up": {"uv": [2, 2, 2.625, 3], "texture": "#1"},
				"down": {"uv": [2, 2, 2.625, 3], "texture": "#1"}
			}
		},
		{
			"from": [7.1875, 10.4375, 7.1875],
			"to": [8.8125, 12.375, 8.8125],
			"rotation": {"angle": -45, "axis": "y", "origin": [8, 11.4375, 8]},
			"faces": {
				"north": {"uv": [2, 2, 2.625, 3], "texture": "#1"},
				"east": {"uv": [2, 2, 2.625, 3], "texture": "#1"},
				"south": {"uv": [2, 2, 2.625, 3], "texture": "#1"},
				"west": {"uv": [2, 2, 2.625, 3], "texture": "#1"},
				"up": {"uv": [2, 2, 2.625, 3], "texture": "#1"},
				"down": {"uv": [2, 2, 2.625, 3], "texture": "#1"}
			}
		},
		{
			"from": [7.3125, 12.375, 7.3125],
			"to": [8.6875, 12.75, 8.6875],
			"rotation": {"angle": 0, "axis": "y", "origin": [15.5, 20.375, 15.5]},
			"faces": {
				"north": {"uv": [2, 2, 2.625, 3], "texture": "#1"},
				"east": {"uv": [2, 2, 2.625, 3], "texture": "#1"},
				"south": {"uv": [2, 2, 2.625, 3], "texture": "#1"},
				"west": {"uv": [2, 2, 2.625, 3], "texture": "#1"},
				"up": {"uv": [2, 2, 2.625, 3], "texture": "#1"},
				"down": {"uv": [2, 2, 2.625, 3], "texture": "#1"}
			}
		},
		{
			"from": [7.3125, 12.375, 7.3125],
			"to": [8.6875, 12.6875, 8.6875],
			"rotation": {"angle": -45, "axis": "y", "origin": [8, 13.375, 8]},
			"faces": {
				"north": {"uv": [2, 2, 2.625, 3], "texture": "#1"},
				"east": {"uv": [2, 2, 2.625, 3], "texture": "#1"},
				"south": {"uv": [2, 2, 2.625, 3], "texture": "#1"},
				"west": {"uv": [2, 2, 2.625, 3], "texture": "#1"},
				"up": {"uv": [2, 2, 2.625, 3], "texture": "#1"},
				"down": {"uv": [2, 2, 2.625, 3], "texture": "#1"}
			}
		}
	],
	"gui_light": "front",
	"display": {
		"thirdperson_righthand": {
			"translation": [-0.5, 3, 1.25]
		},
		"thirdperson_lefthand": {
			"translation": [-0.5, 3, 1.25]
		},
		"firstperson_righthand": {
			"rotation": [9, 3, 0],
			"translation": [-1, 6.25, 3.5]
		},
		"firstperson_lefthand": {
			"rotation": [9, 3, 0],
			"translation": [-1, 6.25, 3.5]
		},
		"ground": {
			"translation": [0, 8.25, 0],
			"scale": [0.8, 0.8, 0.8]
		},
		"gui": {
			"rotation": [0, -125, -62],
			"translation": [-3, 2, 0],
			"scale": [1.38, 1.38, 1.38]
		},
		"fixed": {
			"rotation": [0, 0, 45],
			"translation": [-4, 4, 0],
			"scale": [1.29, 1.29, 1.29]
		}
	}
}