{
	"credit": "Made with Blockbench",
	"textures": {
		"1": "block/iron_block",
		"2": "block/redstone_block"
	},
	"elements": [
		{
			"from": [7.875, 6.7788, 7.3125],
			"to": [8.125, 9.6538, 8.6875],
			"rotation": {"angle": 0, "axis": "y", "origin": [15.5, 11.5288, 15.5]},
			"faces": {
				"north": {"uv": [1, 3, 1.25, 3.875], "texture": "#1"},
				"east": {"uv": [1, 2, 3.25, 4.875], "rotation": 90, "texture": "#1"},
				"south": {"uv": [1, 3, 1.25, 3.875], "texture": "#1"},
				"west": {"uv": [1, 2, 3.25, 4.875], "rotation": 90, "texture": "#1"},
				"up": {"uv": [1, 3, 1.25, 3.875], "texture": "#1"},
				"down": {"uv": [1, 3, 1.25, 3.875], "texture": "#1"}
			}
		},
		{
			"from": [7.9375, 9.6538, 7.375],
			"to": [8.0625, 11.4663, 8.625],
			"rotation": {"angle": 0, "axis": "y", "origin": [15.5, 11.5288, 15.5]},
			"faces": {
				"north": {"uv": [1, 3, 1.25, 3.875], "texture": "#1"},
				"east": {"uv": [1, 2, 3.25, 4.875], "rotation": 90, "texture": "#1"},
				"south": {"uv": [1, 3, 1.25, 3.875], "texture": "#1"},
				"west": {"uv": [1, 2, 3.25, 4.875], "rotation": 90, "texture": "#1"},
				"up": {"uv": [1, 3, 1.25, 3.875], "texture": "#1"},
				"down": {"uv": [1, 3, 1.25, 3.875], "texture": "#1"}
			}
		},
		{
			"from": [7.9375, 11.4663, 7.4375],
			"to": [8.0625, 12.5288, 8.5625],
			"rotation": {"angle": 0, "axis": "y", "origin": [15.5, 13.3413, 15.5]},
			"faces": {
				"north": {"uv": [1, 3, 1.25, 3.875], "texture": "#1"},
				"east": {"uv": [1, 2, 3.25, 4.875], "rotation": 90, "texture": "#1"},
				"south": {"uv": [1, 3, 1.25, 3.875], "texture": "#1"},
				"west": {"uv": [1, 2, 3.25, 4.875], "rotation": 90, "texture": "#1"},
				"up": {"uv": [1, 3, 1.25, 3.875], "texture": "#1"},
				"down": {"uv": [1, 3, 1.25, 3.875], "texture": "#1"}
			}
		},
		{
			"from": [7.9375, 12.5288, 7.5625],
			"to": [8.0625, 12.8413, 8.4375],
			"rotation": {"angle": 0, "axis": "y", "origin": [15.5, 13.3413, 15.5]},
			"faces": {
				"north": {"uv": [1, 3, 1.25, 3.875], "texture": "#1"},
				"east": {"uv": [1, 2, 3.25, 4.875], "rotation": 90, "texture": "#1"},
				"south": {"uv": [1, 3, 1.25, 3.875], "texture": "#1"},
				"west": {"uv": [1, 2, 3.25, 4.875], "rotation": 90, "texture": "#1"},
				"up": {"uv": [1, 3, 1.25, 3.875], "texture": "#1"},
				"down": {"uv": [1, 3, 1.25, 3.875], "texture": "#1"}
			}
		},
		{
			"from": [7.9375, 12.8413, 7.75],
			"to": [8.0625, 13.1538, 8.25],
			"rotation": {"angle": 0, "axis": "y", "origin": [15.5, 13.6538, 15.5]},
			"faces": {
				"north": {"uv": [1, 3, 1.25, 3.875], "texture": "#1"},
				"east": {"uv": [1, 2, 3.25, 4.875], "rotation": 90, "texture": "#1"},
				"south": {"uv": [1, 3, 1.25, 3.875], "texture": "#1"},
				"west": {"uv": [1, 2, 3.25, 4.875], "rotation": 90, "texture": "#1"},
				"up": {"uv": [1, 3, 1.25, 3.875], "texture": "#1"},
				"down": {"uv": [1, 3, 1.25, 3.875], "texture": "#1"}
			}
		},
		{
			"from": [7.875, 4.2163, 7.125],
			"to": [8.125, 6.7788, 8.875],
			"rotation": {"angle": 0, "axis": "y", "origin": [15.5, 11.5288, 15.5]},
			"faces": {
				"north": {"uv": [1, 3, 1.25, 3.875], "texture": "#1"},
				"east": {"uv": [1, 2, 3.25, 4.875], "rotation": 90, "texture": "#1"},
				"south": {"uv": [1, 3, 1.25, 3.875], "texture": "#1"},
				"west": {"uv": [1, 2, 3.25, 4.875], "rotation": 90, "texture": "#1"},
				"up": {"uv": [1, 3, 1.25, 3.875], "texture": "#1"},
				"down": {"uv": [1, 3, 1.25, 3.875], "texture": "#1"}
			}
		},
		{
			"from": [7.71851, 1.2788, 7.71851],
			"to": [8.28149, 4.0288, 8.28149],
			"rotation": {"angle": 0, "axis": "y", "origin": [15.5, 9.0288, 15.5]},
			"faces": {
				"north": {"uv": [3, 0, 3.75, 0.313], "texture": "#1"},
				"east": {"uv": [3, 0, 3.75, 0.313], "texture": "#1"},
				"south": {"uv": [3, 0, 3.75, 0.313], "texture": "#1"},
				"west": {"uv": [3, 0, 3.75, 0.313], "texture": "#1"},
				"up": {"uv": [3, 0, 3.75, 0.313], "texture": "#1"},
				"down": {"uv": [3, 0, 3.75, 0.313], "texture": "#1"}
			}
		},
		{
			"from": [7.625, 1.2163, 7.625],
			"to": [8.375, 1.5288, 8.375],
			"rotation": {"angle": 0, "axis": "y", "origin": [15.5, 9.3413, 15.5]},
			"faces": {
				"north": {"uv": [3, 0, 3.75, 0.313], "texture": "#1"},
				"east": {"uv": [3, 0, 3.75, 0.313], "texture": "#1"},
				"south": {"uv": [3, 0, 3.75, 0.313], "texture": "#1"},
				"west": {"uv": [3, 0, 3.75, 0.313], "texture": "#1"},
				"up": {"uv": [3, 0, 3.75, 0.313], "texture": "#1"},
				"down": {"uv": [3, 0, 3.75, 0.313], "texture": "#1"}
			}
		},
		{
			"from": [7.625, 0.9038, 7.75],
			"to": [8.375, 1.2163, 8.25],
			"rotation": {"angle": 0, "axis": "y", "origin": [15.5, 9.0288, 15.5]},
			"faces": {
				"north": {"uv": [3, 0, 3.75, 0.313], "texture": "#1"},
				"east": {"uv": [3, 0, 3.75, 0.313], "texture": "#1"},
				"south": {"uv": [3, 0, 3.75, 0.313], "texture": "#1"},
				"west": {"uv": [3, 0, 3.75, 0.313], "texture": "#1"},
				"up": {"uv": [3, 0, 3.75, 0.313], "texture": "#1"},
				"down": {"uv": [3, 0, 3.75, 0.313], "texture": "#1"}
			}
		},
		{
			"from": [7.84351, 4.8413, 7.0625],
			"to": [8.15649, 4.9663, 8],
			"rotation": {"angle": 22.5, "axis": "x", "origin": [8, 4.9038, 7.53125]},
			"faces": {
				"north": {"uv": [2, 0, 2.313, 0.125], "texture": "#2"},
				"east": {"uv": [2, 0, 2.313, 0.125], "texture": "#2"},
				"south": {"uv": [2, 0, 2.313, 0.125], "texture": "#2"},
				"west": {"uv": [2, 0, 2.313, 0.125], "texture": "#2"},
				"up": {"uv": [2, 0, 2.313, 0.125], "texture": "#2"},
				"down": {"uv": [2, 0, 2.313, 0.125], "texture": "#2"}
			}
		},
		{
			"from": [7.84351, 5.6538, 7.0625],
			"to": [8.15649, 5.7788, 8],
			"rotation": {"angle": 22.5, "axis": "x", "origin": [8, 5.7163, 7.53125]},
			"faces": {
				"north": {"uv": [2, 0, 2.313, 0.125], "texture": "#2"},
				"east": {"uv": [2, 0, 2.313, 0.125], "texture": "#2"},
				"south": {"uv": [2, 0, 2.313, 0.125], "texture": "#2"},
				"west": {"uv": [2, 0, 2.313, 0.125], "texture": "#2"},
				"up": {"uv": [2, 0, 2.313, 0.125], "texture": "#2"},
				"down": {"uv": [2, 0, 2.313, 0.125], "texture": "#2"}
			}
		},
		{
			"from": [7.84351, 6.4038, 7.0625],
			"to": [8.15649, 6.5288, 8],
			"rotation": {"angle": 22.5, "axis": "x", "origin": [8, 6.4663, 7.53125]},
			"faces": {
				"north": {"uv": [2, 0, 2.313, 0.125], "texture": "#2"},
				"east": {"uv": [2, 0, 2.313, 0.125], "texture": "#2"},
				"south": {"uv": [2, 0, 2.313, 0.125], "texture": "#2"},
				"west": {"uv": [2, 0, 2.313, 0.125], "texture": "#2"},
				"up": {"uv": [2, 0, 2.313, 0.125], "texture": "#2"},
				"down": {"uv": [2, 0, 2.313, 0.125], "texture": "#2"}
			}
		},
		{
			"from": [7.84351, 7.2163, 7.25],
			"to": [8.15649, 7.3413, 8],
			"rotation": {"angle": 22.5, "axis": "x", "origin": [8, 7.2788, 7.53125]},
			"faces": {
				"north": {"uv": [2, 0, 2.313, 0.125], "texture": "#2"},
				"east": {"uv": [2, 0, 2.313, 0.125], "texture": "#2"},
				"south": {"uv": [2, 0, 2.313, 0.125], "texture": "#2"},
				"west": {"uv": [2, 0, 2.313, 0.125], "texture": "#2"},
				"up": {"uv": [2, 0, 2.313, 0.125], "texture": "#2"},
				"down": {"uv": [2, 0, 2.313, 0.125], "texture": "#2"}
			}
		},
		{
			"from": [7.84351, 7.9038, 7.25],
			"to": [8.15649, 8.0288, 8],
			"rotation": {"angle": 22.5, "axis": "x", "origin": [8, 7.9663, 7.53125]},
			"faces": {
				"north": {"uv": [2, 0, 2.313, 0.125], "texture": "#2"},
				"east": {"uv": [2, 0, 2.313, 0.125], "texture": "#2"},
				"south": {"uv": [2, 0, 2.313, 0.125], "texture": "#2"},
				"west": {"uv": [2, 0, 2.313, 0.125], "texture": "#2"},
				"up": {"uv": [2, 0, 2.313, 0.125], "texture": "#2"},
				"down": {"uv": [2, 0, 2.313, 0.125], "texture": "#2"}
			}
		},
		{
			"from": [7.84351, 8.5288, 7.25],
			"to": [8.15649, 8.6538, 8],
			"rotation": {"angle": 22.5, "axis": "x", "origin": [8, 8.5913, 7.53125]},
			"faces": {
				"north": {"uv": [2, 0, 2.313, 0.125], "texture": "#2"},
				"east": {"uv": [2, 0, 2.313, 0.125], "texture": "#2"},
				"south": {"uv": [2, 0, 2.313, 0.125], "texture": "#2"},
				"west": {"uv": [2, 0, 2.313, 0.125], "texture": "#2"},
				"up": {"uv": [2, 0, 2.313, 0.125], "texture": "#2"},
				"down": {"uv": [2, 0, 2.313, 0.125], "texture": "#2"}
			}
		},
		{
			"from": [7.84351, 9.2163, 7.25],
			"to": [8.15649, 9.3413, 8],
			"rotation": {"angle": 22.5, "axis": "x", "origin": [8, 9.2788, 7.53125]},
			"faces": {
				"north": {"uv": [2, 0, 2.313, 0.125], "texture": "#2"},
				"east": {"uv": [2, 0, 2.313, 0.125], "texture": "#2"},
				"south": {"uv": [2, 0, 2.313, 0.125], "texture": "#2"},
				"west": {"uv": [2, 0, 2.313, 0.125], "texture": "#2"},
				"up": {"uv": [2, 0, 2.313, 0.125], "texture": "#2"},
				"down": {"uv": [2, 0, 2.313, 0.125], "texture": "#2"}
			}
		},
		{
			"from": [7.90552, 10.0288, 7.34351],
			"to": [8.09448, 10.1538, 8],
			"rotation": {"angle": 22.5, "axis": "x", "origin": [8, 10.0913, 7.53125]},
			"faces": {
				"north": {"uv": [2, 0, 2.313, 0.125], "texture": "#2"},
				"east": {"uv": [2, 0, 2.313, 0.125], "texture": "#2"},
				"south": {"uv": [2, 0, 2.313, 0.125], "texture": "#2"},
				"west": {"uv": [2, 0, 2.313, 0.125], "texture": "#2"},
				"up": {"uv": [2, 0, 2.313, 0.125], "texture": "#2"},
				"down": {"uv": [2, 0, 2.313, 0.125], "texture": "#2"}
			}
		},
		{
			"from": [7.90552, 10.6538, 7.34351],
			"to": [8.09448, 10.7788, 8],
			"rotation": {"angle": 22.5, "axis": "x", "origin": [8, 10.7163, 7.53125]},
			"faces": {
				"north": {"uv": [2, 0, 2.313, 0.125], "texture": "#2"},
				"east": {"uv": [2, 0, 2.313, 0.125], "texture": "#2"},
				"south": {"uv": [2, 0, 2.313, 0.125], "texture": "#2"},
				"west": {"uv": [2, 0, 2.313, 0.125], "texture": "#2"},
				"up": {"uv": [2, 0, 2.313, 0.125], "texture": "#2"},
				"down": {"uv": [2, 0, 2.313, 0.125], "texture": "#2"}
			}
		},
		{
			"from": [7.90552, 11.2788, 7.34351],
			"to": [8.09448, 11.4038, 8],
			"rotation": {"angle": 22.5, "axis": "x", "origin": [8, 11.3413, 7.53125]},
			"faces": {
				"north": {"uv": [2, 0, 2.313, 0.125], "texture": "#2"},
				"east": {"uv": [2, 0, 2.313, 0.125], "texture": "#2"},
				"south": {"uv": [2, 0, 2.313, 0.125], "texture": "#2"},
				"west": {"uv": [2, 0, 2.313, 0.125], "texture": "#2"},
				"up": {"uv": [2, 0, 2.313, 0.125], "texture": "#2"},
				"down": {"uv": [2, 0, 2.313, 0.125], "texture": "#2"}
			}
		},
		{
			"from": [7.90552, 11.9038, 7.40601],
			"to": [8.09448, 12.0288, 8],
			"rotation": {"angle": 22.5, "axis": "x", "origin": [8, 11.9663, 7.53125]},
			"faces": {
				"north": {"uv": [2, 0, 2.313, 0.125], "texture": "#2"},
				"east": {"uv": [2, 0, 2.313, 0.125], "texture": "#2"},
				"south": {"uv": [2, 0, 2.313, 0.125], "texture": "#2"},
				"west": {"uv": [2, 0, 2.313, 0.125], "texture": "#2"},
				"up": {"uv": [2, 0, 2.313, 0.125], "texture": "#2"},
				"down": {"uv": [2, 0, 2.313, 0.125], "texture": "#2"}
			}
		},
		{
			"from": [7.90552, 12.4663, 7.49903],
			"to": [8.09448, 12.5913, 8],
			"rotation": {"angle": 22.5, "axis": "x", "origin": [8, 12.5288, 7.53125]},
			"faces": {
				"north": {"uv": [2, 0, 2.313, 0.125], "texture": "#2"},
				"east": {"uv": [2, 0, 2.313, 0.125], "texture": "#2"},
				"south": {"uv": [2, 0, 2.313, 0.125], "texture": "#2"},
				"west": {"uv": [2, 0, 2.313, 0.125], "texture": "#2"},
				"up": {"uv": [2, 0, 2.313, 0.125], "texture": "#2"},
				"down": {"uv": [2, 0, 2.313, 0.125], "texture": "#2"}
			}
		},
		{
			"from": [7.83963, 4.5288, 7.93702],
			"to": [8.16037, 4.7788, 8.06298],
			"rotation": {"angle": 0, "axis": "y", "origin": [15.5, 12.2788, 15.5]},
			"faces": {
				"north": {"uv": [2, 0, 2.313, 0.125], "texture": "#2"},
				"east": {"uv": [2, 0, 2.313, 0.125], "texture": "#2"},
				"south": {"uv": [2, 0, 2.313, 0.125], "texture": "#2"},
				"west": {"uv": [2, 0, 2.313, 0.125], "texture": "#2"},
				"up": {"uv": [2, 0, 2.313, 0.125], "texture": "#2"},
				"down": {"uv": [2, 0, 2.313, 0.125], "texture": "#2"}
			}
		},
		{
			"from": [7.83963, 5.3413, 7.93702],
			"to": [8.16037, 5.5913, 8.06298],
			"rotation": {"angle": 0, "axis": "y", "origin": [15.5, 13.0913, 15.5]},
			"faces": {
				"north": {"uv": [2, 0, 2.313, 0.125], "texture": "#2"},
				"east": {"uv": [2, 0, 2.313, 0.125], "texture": "#2"},
				"south": {"uv": [2, 0, 2.313, 0.125], "texture": "#2"},
				"west": {"uv": [2, 0, 2.313, 0.125], "texture": "#2"},
				"up": {"uv": [2, 0, 2.313, 0.125], "texture": "#2"},
				"down": {"uv": [2, 0, 2.313, 0.125], "texture": "#2"}
			}
		},
		{
			"from": [7.83963, 6.0913, 7.93702],
			"to": [8.16037, 6.3413, 8.06298],
			"rotation": {"angle": 0, "axis": "y", "origin": [15.5, 13.8413, 15.5]},
			"faces": {
				"north": {"uv": [2, 0, 2.313, 0.125], "texture": "#2"},
				"east": {"uv": [2, 0, 2.313, 0.125], "texture": "#2"},
				"south": {"uv": [2, 0, 2.313, 0.125], "texture": "#2"},
				"west": {"uv": [2, 0, 2.313, 0.125], "texture": "#2"},
				"up": {"uv": [2, 0, 2.313, 0.125], "texture": "#2"},
				"down": {"uv": [2, 0, 2.313, 0.125], "texture": "#2"}
			}
		},
		{
			"from": [7.83963, 6.9038, 7.93702],
			"to": [8.16037, 7.1538, 8.06298],
			"rotation": {"angle": 0, "axis": "y", "origin": [15.5, 14.6538, 15.5]},
			"faces": {
				"north": {"uv": [2, 0, 2.313, 0.125], "texture": "#2"},
				"east": {"uv": [2, 0, 2.313, 0.125], "texture": "#2"},
				"south": {"uv": [2, 0, 2.313, 0.125], "texture": "#2"},
				"west": {"uv": [2, 0, 2.313, 0.125], "texture": "#2"},
				"up": {"uv": [2, 0, 2.313, 0.125], "texture": "#2"},
				"down": {"uv": [2, 0, 2.313, 0.125], "texture": "#2"}
			}
		},
		{
			"from": [7.83963, 7.5913, 7.93702],
			"to": [8.16037, 7.8413, 8.06298],
			"rotation": {"angle": 0, "axis": "y", "origin": [15.5, 15.3413, 15.5]},
			"faces": {
				"north": {"uv": [2, 0, 2.313, 0.125], "texture": "#2"},
				"east": {"uv": [2, 0, 2.313, 0.125], "texture": "#2"},
				"south": {"uv": [2, 0, 2.313, 0.125], "texture": "#2"},
				"west": {"uv": [2, 0, 2.313, 0.125], "texture": "#2"},
				"up": {"uv": [2, 0, 2.313, 0.125], "texture": "#2"},
				"down": {"uv": [2, 0, 2.313, 0.125], "texture": "#2"}
			}
		},
		{
			"from": [7.83963, 8.2163, 7.93702],
			"to": [8.16037, 8.4663, 8.06298],
			"rotation": {"angle": 0, "axis": "y", "origin": [15.5, 15.9663, 15.5]},
			"faces": {
				"north": {"uv": [2, 0, 2.313, 0.125], "texture": "#2"},
				"east": {"uv": [2, 0, 2.313, 0.125], "texture": "#2"},
				"south": {"uv": [2, 0, 2.313, 0.125], "texture": "#2"},
				"west": {"uv": [2, 0, 2.313, 0.125], "texture": "#2"},
				"up": {"uv": [2, 0, 2.313, 0.125], "texture": "#2"},
				"down": {"uv": [2, 0, 2.313, 0.125], "texture": "#2"}
			}
		},
		{
			"from": [7.83963, 8.9038, 7.93702],
			"to": [8.16037, 9.1538, 8.06298],
			"rotation": {"angle": 0, "axis": "y", "origin": [15.5, 16.6538, 15.5]},
			"faces": {
				"north": {"uv": [2, 0, 2.313, 0.125], "texture": "#2"},
				"east": {"uv": [2, 0, 2.313, 0.125], "texture": "#2"},
				"south": {"uv": [2, 0, 2.313, 0.125], "texture": "#2"},
				"west": {"uv": [2, 0, 2.313, 0.125], "texture": "#2"},
				"up": {"uv": [2, 0, 2.313, 0.125], "texture": "#2"},
				"down": {"uv": [2, 0, 2.313, 0.125], "texture": "#2"}
			}
		},
		{
			"from": [7.90165, 9.7163, 7.93702],
			"to": [8.09835, 9.9663, 8.06298],
			"rotation": {"angle": 0, "axis": "y", "origin": [15.5, 17.4663, 15.5]},
			"faces": {
				"north": {"uv": [2, 0, 2.313, 0.125], "texture": "#2"},
				"east": {"uv": [2, 0, 2.313, 0.125], "texture": "#2"},
				"south": {"uv": [2, 0, 2.313, 0.125], "texture": "#2"},
				"west": {"uv": [2, 0, 2.313, 0.125], "texture": "#2"},
				"up": {"uv": [2, 0, 2.313, 0.125], "texture": "#2"},
				"down": {"uv": [2, 0, 2.313, 0.125], "texture": "#2"}
			}
		},
		{
			"from": [7.90165, 10.3413, 7.93702],
			"to": [8.09835, 10.5913, 8.06298],
			"rotation": {"angle": 0, "axis": "y", "origin": [15.5, 18.0913, 15.5]},
			"faces": {
				"north": {"uv": [2, 0, 2.313, 0.125], "texture": "#2"},
				"east": {"uv": [2, 0, 2.313, 0.125], "texture": "#2"},
				"south": {"uv": [2, 0, 2.313, 0.125], "texture": "#2"},
				"west": {"uv": [2, 0, 2.313, 0.125], "texture": "#2"},
				"up": {"uv": [2, 0, 2.313, 0.125], "texture": "#2"},
				"down": {"uv": [2, 0, 2.313, 0.125], "texture": "#2"}
			}
		},
		{
			"from": [7.90165, 10.9663, 7.93702],
			"to": [8.09835, 11.2163, 8.06298],
			"rotation": {"angle": 0, "axis": "y", "origin": [15.5, 18.7163, 15.5]},
			"faces": {
				"north": {"uv": [2, 0, 2.313, 0.125], "texture": "#2"},
				"east": {"uv": [2, 0, 2.313, 0.125], "texture": "#2"},
				"south": {"uv": [2, 0, 2.313, 0.125], "texture": "#2"},
				"west": {"uv": [2, 0, 2.313, 0.125], "texture": "#2"},
				"up": {"uv": [2, 0, 2.313, 0.125], "texture": "#2"},
				"down": {"uv": [2, 0, 2.313, 0.125], "texture": "#2"}
			}
		},
		{
			"from": [7.90165, 11.5913, 7.93702],
			"to": [8.09835, 11.8413, 8.06298],
			"rotation": {"angle": 0, "axis": "y", "origin": [15.5, 19.3413, 15.5]},
			"faces": {
				"north": {"uv": [2, 0, 2.313, 0.125], "texture": "#2"},
				"east": {"uv": [2, 0, 2.313, 0.125], "texture": "#2"},
				"south": {"uv": [2, 0, 2.313, 0.125], "texture": "#2"},
				"west": {"uv": [2, 0, 2.313, 0.125], "texture": "#2"},
				"up": {"uv": [2, 0, 2.313, 0.125], "texture": "#2"},
				"down": {"uv": [2, 0, 2.313, 0.125], "texture": "#2"}
			}
		},
		{
			"from": [7.90165, 12.1538, 7.93702],
			"to": [8.09835, 12.4038, 8.06298],
			"rotation": {"angle": 0, "axis": "y", "origin": [15.5, 19.9038, 15.5]},
			"faces": {
				"north": {"uv": [2, 0, 2.313, 0.125], "texture": "#2"},
				"east": {"uv": [2, 0, 2.313, 0.125], "texture": "#2"},
				"south": {"uv": [2, 0, 2.313, 0.125], "texture": "#2"},
				"west": {"uv": [2, 0, 2.313, 0.125], "texture": "#2"},
				"up": {"uv": [2, 0, 2.313, 0.125], "texture": "#2"},
				"down": {"uv": [2, 0, 2.313, 0.125], "texture": "#2"}
			}
		},
		{
			"from": [7.84351, 4.8413, 8],
			"to": [8.15649, 4.9663, 8.9375],
			"rotation": {"angle": -22.5, "axis": "x", "origin": [8, 4.9038, 8.46875]},
			"faces": {
				"north": {"uv": [2, 0, 2.313, 0.125], "texture": "#2"},
				"east": {"uv": [2, 0, 2.313, 0.125], "texture": "#2"},
				"south": {"uv": [2, 0, 2.313, 0.125], "texture": "#2"},
				"west": {"uv": [2, 0, 2.313, 0.125], "texture": "#2"},
				"up": {"uv": [2, 0, 2.313, 0.125], "texture": "#2"},
				"down": {"uv": [2, 0, 2.313, 0.125], "texture": "#2"}
			}
		},
		{
			"from": [7.84351, 5.6538, 8],
			"to": [8.15649, 5.7788, 8.9375],
			"rotation": {"angle": -22.5, "axis": "x", "origin": [8, 5.7163, 8.46875]},
			"faces": {
				"north": {"uv": [2, 0, 2.313, 0.125], "texture": "#2"},
				"east": {"uv": [2, 0, 2.313, 0.125], "texture": "#2"},
				"south": {"uv": [2, 0, 2.313, 0.125], "texture": "#2"},
				"west": {"uv": [2, 0, 2.313, 0.125], "texture": "#2"},
				"up": {"uv": [2, 0, 2.313, 0.125], "texture": "#2"},
				"down": {"uv": [2, 0, 2.313, 0.125], "texture": "#2"}
			}
		},
		{
			"from": [7.84351, 6.4038, 8],
			"to": [8.15649, 6.5288, 8.9375],
			"rotation": {"angle": -22.5, "axis": "x", "origin": [8, 6.4663, 8.46875]},
			"faces": {
				"north": {"uv": [2, 0, 2.313, 0.125], "texture": "#2"},
				"east": {"uv": [2, 0, 2.313, 0.125], "texture": "#2"},
				"south": {"uv": [2, 0, 2.313, 0.125], "texture": "#2"},
				"west": {"uv": [2, 0, 2.313, 0.125], "texture": "#2"},
				"up": {"uv": [2, 0, 2.313, 0.125], "texture": "#2"},
				"down": {"uv": [2, 0, 2.313, 0.125], "texture": "#2"}
			}
		},
		{
			"from": [7.84351, 7.2163, 8],
			"to": [8.15649, 7.3413, 8.75],
			"rotation": {"angle": -22.5, "axis": "x", "origin": [8, 7.2788, 8.46875]},
			"faces": {
				"north": {"uv": [2, 0, 2.313, 0.125], "texture": "#2"},
				"east": {"uv": [2, 0, 2.313, 0.125], "texture": "#2"},
				"south": {"uv": [2, 0, 2.313, 0.125], "texture": "#2"},
				"west": {"uv": [2, 0, 2.313, 0.125], "texture": "#2"},
				"up": {"uv": [2, 0, 2.313, 0.125], "texture": "#2"},
				"down": {"uv": [2, 0, 2.313, 0.125], "texture": "#2"}
			}
		},
		{
			"from": [7.84351, 7.9038, 8],
			"to": [8.15649, 8.0288, 8.75],
			"rotation": {"angle": -22.5, "axis": "x", "origin": [8, 7.9663, 8.46875]},
			"faces": {
				"north": {"uv": [2, 0, 2.313, 0.125], "texture": "#2"},
				"east": {"uv": [2, 0, 2.313, 0.125], "texture": "#2"},
				"south": {"uv": [2, 0, 2.313, 0.125], "texture": "#2"},
				"west": {"uv": [2, 0, 2.313, 0.125], "texture": "#2"},
				"up": {"uv": [2, 0, 2.313, 0.125], "texture": "#2"},
				"down": {"uv": [2, 0, 2.313, 0.125], "texture": "#2"}
			}
		},
		{
			"from": [7.84351, 8.5288, 8],
			"to": [8.15649, 8.6538, 8.75],
			"rotation": {"angle": -22.5, "axis": "x", "origin": [8, 8.5913, 8.46875]},
			"faces": {
				"north": {"uv": [2, 0, 2.313, 0.125], "texture": "#2"},
				"east": {"uv": [2, 0, 2.313, 0.125], "texture": "#2"},
				"south": {"uv": [2, 0, 2.313, 0.125], "texture": "#2"},
				"west": {"uv": [2, 0, 2.313, 0.125], "texture": "#2"},
				"up": {"uv": [2, 0, 2.313, 0.125], "texture": "#2"},
				"down": {"uv": [2, 0, 2.313, 0.125], "texture": "#2"}
			}
		},
		{
			"from": [7.84351, 9.2163, 8],
			"to": [8.15649, 9.3413, 8.75],
			"rotation": {"angle": -22.5, "axis": "x", "origin": [8, 9.2788, 8.46875]},
			"faces": {
				"north": {"uv": [2, 0, 2.313, 0.125], "texture": "#2"},
				"east": {"uv": [2, 0, 2.313, 0.125], "texture": "#2"},
				"south": {"uv": [2, 0, 2.313, 0.125], "texture": "#2"},
				"west": {"uv": [2, 0, 2.313, 0.125], "texture": "#2"},
				"up": {"uv": [2, 0, 2.313, 0.125], "texture": "#2"},
				"down": {"uv": [2, 0, 2.313, 0.125], "texture": "#2"}
			}
		},
		{
			"from": [7.90552, 10.0288, 8],
			"to": [8.09448, 10.1538, 8.65649],
			"rotation": {"angle": -22.5, "axis": "x", "origin": [8, 10.0913, 8.46875]},
			"faces": {
				"north": {"uv": [2, 0, 2.313, 0.125], "texture": "#2"},
				"east": {"uv": [2, 0, 2.313, 0.125], "texture": "#2"},
				"south": {"uv": [2, 0, 2.313, 0.125], "texture": "#2"},
				"west": {"uv": [2, 0, 2.313, 0.125], "texture": "#2"},
				"up": {"uv": [2, 0, 2.313, 0.125], "texture": "#2"},
				"down": {"uv": [2, 0, 2.313, 0.125], "texture": "#2"}
			}
		},
		{
			"from": [7.90552, 10.6538, 8],
			"to": [8.09448, 10.7788, 8.65649],
			"rotation": {"angle": -22.5, "axis": "x", "origin": [8, 10.7163, 8.46875]},
			"faces": {
				"north": {"uv": [2, 0, 2.313, 0.125], "texture": "#2"},
				"east": {"uv": [2, 0, 2.313, 0.125], "texture": "#2"},
				"south": {"uv": [2, 0, 2.313, 0.125], "texture": "#2"},
				"west": {"uv": [2, 0, 2.313, 0.125], "texture": "#2"},
				"up": {"uv": [2, 0, 2.313, 0.125], "texture": "#2"},
				"down": {"uv": [2, 0, 2.313, 0.125], "texture": "#2"}
			}
		},
		{
			"from": [7.90552, 11.2788, 8],
			"to": [8.09448, 11.4038, 8.65649],
			"rotation": {"angle": -22.5, "axis": "x", "origin": [8, 11.3413, 8.46875]},
			"faces": {
				"north": {"uv": [2, 0, 2.313, 0.125], "texture": "#2"},
				"east": {"uv": [2, 0, 2.313, 0.125], "texture": "#2"},
				"south": {"uv": [2, 0, 2.313, 0.125], "texture": "#2"},
				"west": {"uv": [2, 0, 2.313, 0.125], "texture": "#2"},
				"up": {"uv": [2, 0, 2.313, 0.125], "texture": "#2"},
				"down": {"uv": [2, 0, 2.313, 0.125], "texture": "#2"}
			}
		},
		{
			"from": [7.90552, 11.9038, 8],
			"to": [8.09448, 12.0288, 8.59399],
			"rotation": {"angle": -22.5, "axis": "x", "origin": [8, 11.9663, 8.46875]},
			"faces": {
				"north": {"uv": [2, 0, 2.313, 0.125], "texture": "#2"},
				"east": {"uv": [2, 0, 2.313, 0.125], "texture": "#2"},
				"south": {"uv": [2, 0, 2.313, 0.125], "texture": "#2"},
				"west": {"uv": [2, 0, 2.313, 0.125], "texture": "#2"},
				"up": {"uv": [2, 0, 2.313, 0.125], "texture": "#2"},
				"down": {"uv": [2, 0, 2.313, 0.125], "texture": "#2"}
			}
		},
		{
			"from": [7.90552, 12.4663, 8],
			"to": [8.09448, 12.5913, 8.50097],
			"rotation": {"angle": -22.5, "axis": "x", "origin": [8, 12.5288, 8.46875]},
			"faces": {
				"north": {"uv": [2, 0, 2.313, 0.125], "texture": "#2"},
				"east": {"uv": [2, 0, 2.313, 0.125], "texture": "#2"},
				"south": {"uv": [2, 0, 2.313, 0.125], "texture": "#2"},
				"west": {"uv": [2, 0, 2.313, 0.125], "texture": "#2"},
				"up": {"uv": [2, 0, 2.313, 0.125], "texture": "#2"},
				"down": {"uv": [2, 0, 2.313, 0.125], "texture": "#2"}
			}
		},
		{
			"from": [7.3125, 3.5913, 7.875],
			"to": [8.6875, 4.0288, 8.125],
			"rotation": {"angle": 0, "axis": "y", "origin": [15.5, 11.5288, 15.5]},
			"faces": {
				"north": {"uv": [1, 0, 2.375, 0.25], "texture": "#1"},
				"east": {"uv": [1, 0, 2.375, 0.25], "texture": "#1"},
				"south": {"uv": [1, 0, 2.375, 0.25], "texture": "#1"},
				"west": {"uv": [1, 0, 2.375, 0.25], "texture": "#1"},
				"up": {"uv": [1, 0, 2.375, 0.25], "texture": "#1"},
				"down": {"uv": [1, 0, 2.375, 0.25], "texture": "#1"}
			}
		},
		{
			"from": [7.375, 3.7788, 7.625],
			"to": [8.625, 4.0913, 8.375],
			"rotation": {"angle": 0, "axis": "y", "origin": [15.5, 11.5288, 15.5]},
			"faces": {
				"north": {"uv": [1, 0, 2.375, 0.25], "texture": "#1"},
				"east": {"uv": [1, 0, 2.375, 0.25], "texture": "#1"},
				"south": {"uv": [1, 0, 2.375, 0.25], "texture": "#1"},
				"west": {"uv": [1, 0, 2.375, 0.25], "texture": "#1"},
				"up": {"uv": [1, 0, 2.375, 0.25], "texture": "#1"},
				"down": {"uv": [1, 0, 2.375, 0.25], "texture": "#1"}
			}
		},
		{
			"from": [7.8125, 3.9663, 6.625],
			"to": [8.1875, 4.4038, 6.875],
			"rotation": {"angle": 0, "axis": "y", "origin": [15.5, 11.5288, 13.0625]},
			"faces": {
				"north": {"uv": [1, 0, 2.375, 0.25], "texture": "#1"},
				"east": {"uv": [1, 0, 2.375, 0.25], "texture": "#1"},
				"south": {"uv": [1, 0, 2.375, 0.25], "texture": "#1"},
				"west": {"uv": [1, 0, 2.375, 0.25], "texture": "#1"},
				"up": {"uv": [1, 0, 2.375, 0.25], "texture": "#1"},
				"down": {"uv": [1, 0, 2.375, 0.25], "texture": "#1"}
			}
		},
		{
			"from": [7.8125, 3.9663, 9.125],
			"to": [8.1875, 4.4038, 9.375],
			"rotation": {"angle": 0, "axis": "y", "origin": [15.5, 11.5288, 15.5]},
			"faces": {
				"north": {"uv": [1, 0, 2.375, 0.25], "texture": "#1"},
				"east": {"uv": [1, 0, 2.375, 0.25], "texture": "#1"},
				"south": {"uv": [1, 0, 2.375, 0.25], "texture": "#1"},
				"west": {"uv": [1, 0, 2.375, 0.25], "texture": "#1"},
				"up": {"uv": [1, 0, 2.375, 0.25], "texture": "#1"},
				"down": {"uv": [1, 0, 2.375, 0.25], "texture": "#1"}
			}
		},
		{
			"from": [7.625, 3.9038, 6.75],
			"to": [8.375, 4.1538, 9.25],
			"rotation": {"angle": 0, "axis": "y", "origin": [15.5, 11.5288, 15.5]},
			"faces": {
				"north": {"uv": [1, 0, 2.375, 0.25], "texture": "#1"},
				"east": {"uv": [1, 0, 2.375, 0.25], "texture": "#1"},
				"south": {"uv": [1, 0, 2.375, 0.25], "texture": "#1"},
				"west": {"uv": [1, 0, 2.375, 0.25], "texture": "#1"},
				"up": {"uv": [1, 0, 2.375, 0.25], "texture": "#1"},
				"down": {"uv": [1, 0, 2.375, 0.25], "texture": "#1"}
			}
		},
		{
			"from": [7.5, 3.8413, 7],
			"to": [8.5, 4.2163, 9],
			"rotation": {"angle": 0, "axis": "y", "origin": [15.5, 11.5288, 15.5]},
			"faces": {
				"north": {"uv": [1, 0, 2.375, 0.25], "texture": "#1"},
				"east": {"uv": [1, 0, 2.375, 0.25], "texture": "#1"},
				"south": {"uv": [1, 0, 2.375, 0.25], "texture": "#1"},
				"west": {"uv": [1, 0, 2.375, 0.25], "texture": "#1"},
				"up": {"uv": [1, 0, 2.375, 0.25], "texture": "#1"},
				"down": {"uv": [1, 0, 2.375, 0.25], "texture": "#1"}
			}
		}
	],
	"gui_light": "front",
	"display": {
		"thirdperson_righthand": {
			"translation": [0, 6.5, 1],
			"scale": [1.53, 1.53, 1.53]
		},
		"thirdperson_lefthand": {
			"translation": [0, 6.5, 1],
			"scale": [1.53, 1.53, 1.53]
		},
		"firstperson_righthand": {
			"rotation": [3, 0, -2],
			"translation": [-3, 7.75, 6],
			"scale": [0.87, 0.87, 0.87]
		},
		"firstperson_lefthand": {
			"rotation": [3, 0, -2],
			"translation": [-3, 7.75, 6],
			"scale": [0.87, 0.87, 0.87]
		},
		"ground": {
			"rotation": [0, 0, -180],
			"translation": [0, -0.75, 0]
		},
		"gui": {
			"rotation": [54, -49, 93],
			"translation": [-1, 0.5, 0],
			"scale": [1.77, 1.77, 1.77]
		},
		"fixed": {
			"rotation": [90, -45, 90],
			"translation": [-1.25, 1.25, 0],
			"scale": [1.92, 1.92, 1.92]
		}
	},
	"groups": [
		{
			"name": "group",
			"origin": [8, 10.5, 8],
			"color": 0,
			"children": [0, 1, 2, 3, 4, 5]
		},
		{
			"name": "group",
			"origin": [8, 8, 8],
			"color": 0,
			"children": [6, 7, 8]
		},
		{
			"name": "group",
			"origin": [8, 10.5, 8],
			"color": 0,
			"children": [9, 10, 11, 12, 13, 14, 15, 16, 17, 18, 19, 20,
				{
					"name": "group",
					"origin": [8, 10.5, 8],
					"color": 0,
					"children": [21, 22, 23, 24, 25, 26, 27, 28, 29, 30, 31, 32]
				},
				{
					"name": "group",
					"origin": [8, 10.5, 8],
					"color": 0,
					"children": [33, 34, 35, 36, 37, 38, 39, 40, 41, 42, 43, 44]
				}
			]
		},
		{
			"name": "group",
			"origin": [8, 10.5, 8],
			"color": 0,
			"children": [45, 46, 47, 48, 49, 50]
		}
	]
}