{
	"credit": "Made with Blockbench",
	"textures": {
		"0": "block/iron_block",
		"1": "block/anvil",
		"2": "block/blue_concrete",
		"particle": "block/iron_block"
	},
	"elements": [
		{
			"from": [7.625, 9.04688, 7.625],
			"to": [8.375, 9.42188, 8.375],
			"rotation": {"angle": 0, "axis": "y", "origin": [0.75, 6.42188, 4.75]},
			"faces": {
				"north": {"uv": [7, 0.5, 7.75, 1.25], "texture": "#1"},
				"east": {"uv": [7, 0.5, 7.75, 1.25], "texture": "#1"},
				"south": {"uv": [7, 0.5, 7.75, 1.25], "texture": "#1"},
				"west": {"uv": [7, 0.5, 7.75, 1.25], "texture": "#1"},
				"up": {"uv": [7, 0.5, 7.75, 1.25], "texture": "#1"},
				"down": {"uv": [7, 0.5, 7.75, 1.25], "texture": "#1"}
			}
		},
		{
			"from": [7.875, 9.54688, 7.875],
			"to": [8.125, 10.29688, 8.125],
			"rotation": {"angle": 0, "axis": "y", "origin": [0.75, 6.42188, 4.75]},
			"faces": {
				"north": {"uv": [0, 0, 0.25, 0.75], "texture": "#0"},
				"east": {"uv": [0, 0, 0.25, 0.75], "texture": "#0"},
				"south": {"uv": [0, 0, 0.25, 0.75], "texture": "#0"},
				"west": {"uv": [0, 0, 0.25, 0.75], "texture": "#0"},
				"up": {"uv": [0, 0, 0.25, 0.25], "texture": "#0"},
				"down": {"uv": [0, 0, 0.25, 0.25], "texture": "#0"}
			}
		},
		{
			"from": [7.625, 10.29688, 7.75],
			"to": [8.375, 10.42188, 8.25],
			"rotation": {"angle": 0, "axis": "y", "origin": [0.75, 6.42188, 4.75]},
			"faces": {
				"north": {"uv": [0, 0, 0.75, 0.125], "texture": "#0"},
				"east": {"uv": [0, 0, 0.5, 0.125], "texture": "#0"},
				"south": {"uv": [0, 0, 0.75, 0.125], "texture": "#0"},
				"west": {"uv": [0, 0, 0.5, 0.125], "texture": "#0"},
				"up": {"uv": [0, 0, 0.75, 0.5], "texture": "#0"},
				"down": {"uv": [0, 0, 0.75, 0.5], "texture": "#0"}
			}
		},
		{
			"from": [7.875, 5.54688, 7.875],
			"to": [8.125, 6.79688, 8.125],
			"rotation": {"angle": 0, "axis": "y", "origin": [0.75, 6.42188, 4.75]},
			"faces": {
				"north": {"uv": [0, 0, 0.25, 1.25], "texture": "#0"},
				"east": {"uv": [0, 0, 0.25, 1.25], "texture": "#0"},
				"south": {"uv": [0, 0, 0.25, 1.25], "texture": "#0"},
				"west": {"uv": [0, 0, 0.25, 1.25], "texture": "#0"},
				"up": {"uv": [0, 0, 0.25, 0.25], "texture": "#0"},
				"down": {"uv": [0, 0, 0.25, 0.25], "texture": "#0"}
			}
		},
		{
			"from": [7.9375, 4.29688, 7.9375],
			"to": [8.0625, 5.54688, 8.0625],
			"rotation": {"angle": 0, "axis": "y", "origin": [0.75, 6.42188, 4.75]},
			"faces": {
				"north": {"uv": [0, 0, 0.125, 1.25], "texture": "#0"},
				"east": {"uv": [0, 0, 0.125, 1.25], "texture": "#0"},
				"south": {"uv": [0, 0, 0.125, 1.25], "texture": "#0"},
				"west": {"uv": [0, 0, 0.125, 1.25], "texture": "#0"},
				"up": {"uv": [0, 0, 0.125, 0.125], "texture": "#0"},
				"down": {"uv": [0, 0, 0.125, 0.125], "texture": "#0"}
			}
		},
		{
			"from": [7.75, 6.54688, 7.75],
			"to": [8.25, 6.92188, 8.25],
			"rotation": {"angle": 0, "axis": "y", "origin": [0.75, 6.42188, 4.75]},
			"faces": {
				"north": {"uv": [6.5, 1, 8, 1.875], "texture": "#1"},
				"east": {"uv": [6.5, 1, 8, 1.875], "texture": "#1"},
				"south": {"uv": [6.5, 1, 8, 1.875], "texture": "#1"},
				"west": {"uv": [6.5, 1, 8, 1.875], "texture": "#1"},
				"up": {"uv": [6.5, 1, 8, 1.875], "texture": "#1"},
				"down": {"uv": [6.5, 1, 8, 1.875], "texture": "#1"}
			}
		},
		{
			"from": [7.75, 9.42188, 7.75],
			"to": [8.25, 9.54688, 8.25],
			"rotation": {"angle": 0, "axis": "y", "origin": [0.75, 6.42188, 4.75]},
			"faces": {
				"north": {"uv": [0, 0, 0.5, 0.125], "texture": "#1"},
				"east": {"uv": [0, 0, 0.5, 0.125], "texture": "#1"},
				"south": {"uv": [0, 0, 0.5, 0.125], "texture": "#1"},
				"west": {"uv": [0, 0, 16, 16], "texture": "#1"},
				"up": {"uv": [0, 0, 0.5, 0.5], "texture": "#1"},
				"down": {"uv": [0, 0, 0.5, 0.5], "texture": "#1"}
			}
		},
		{
			"from": [7.625, 6.92188, 7.625],
			"to": [8.375, 9.04688, 8.375],
			"rotation": {"angle": 0, "axis": "y", "origin": [0.75, 6.42188, 4.75]},
			"faces": {
				"north": {"uv": [0, 6, 0.75, 8.125], "texture": "#2"},
				"east": {"uv": [0, 6, 0.75, 8.125], "texture": "#2"},
				"south": {"uv": [0, 6, 0.75, 8.125], "texture": "#2"},
				"west": {"uv": [0, 6, 0.75, 8.125], "texture": "#2"},
				"up": {"uv": [0, 6, 0.75, 8.125], "texture": "#2"},
				"down": {"uv": [0, 6, 0.75, 8.125], "texture": "#2"}
			}
		}
	],
	"display": {
		"thirdperson_righthand": {
			"translation": [0, -2.25, 0],
			"scale": [1.29, 1.29, 1.29]
		},
		"thirdperson_lefthand": {
			"translation": [0, -2.25, 0],
			"scale": [1.29, 1.29, 1.29]
		},
		"firstperson_righthand": {
			"rotation": [0, 1, -44],
			"translation": [0.25, 5.5, 3.25]
		},
		"firstperson_lefthand": {
			"rotation": [0, 1, -44],
			"translation": [0.25, 5.5, 3.25]
		},
		"ground": {
			"translation": [0, 2, 0]
		},
		"gui": {
			"rotation": [-11, 15, -41],
			"translation": [0.25, 1.25, 0],
			"scale": [2.68, 2.68, 2.68]
		},
		"fixed": {
			"translation": [0, 1.25, 0],
			"scale": [2.15, 2.15, 2.15]
		}
	}
}