{
	"credit": "Made with Blockbench",
	"textures": {
		"0": "block/blue_glazed_terracotta",
		"1": "block/black_concrete_powder",
		"2": "block/yellow_glazed_terracotta",
		"particle": "block/blue_glazed_terracotta"
	},
	"elements": [
		{
			"from": [7.125, 1.5, 7.58203],
			"to": [8.9375, 3.5, 8.70703],
			"rotation": {"angle": 0, "axis": "y", "origin": [8, 2.80469, 8]},
			"faces": {
				"north": {"uv": [8.25, 0, 9.75, 1.25], "texture": "#0"},
				"east": {"uv": [8.25, 0, 9.75, 1.25], "texture": "#0"},
				"south": {"uv": [8.25, 0, 9.75, 1.25], "texture": "#0"},
				"west": {"uv": [8.25, 0, 9.75, 1.25], "texture": "#0"},
				"up": {"uv": [8.25, 0, 9.75, 1.25], "texture": "#0"},
				"down": {"uv": [8.25, 0, 9.75, 1.25], "texture": "#0"}
			}
		},
		{
			"from": [7.15625, 0, 7.64453],
			"to": [8.90625, 2, 8.70703],
			"rotation": {"angle": 0, "axis": "y", "origin": [8, 2.80469, 8]},
			"faces": {
				"north": {"uv": [8.25, 0, 9.75, 1.25], "texture": "#0"},
				"east": {"uv": [8.25, 0, 9.75, 1.25], "texture": "#0"},
				"south": {"uv": [8.25, 0, 9.75, 1.25], "texture": "#0"},
				"west": {"uv": [8.25, 0, 9.75, 1.25], "texture": "#0"},
				"up": {"uv": [8.25, 0, 9.75, 1.25], "texture": "#0"},
				"down": {"uv": [8.25, 0, 9.75, 1.25], "texture": "#0"}
			}
		},
		{
			"from": [7.3125, 3.5, 7.89453],
			"to": [7.75, 4.25, 8.33203],
			"rotation": {"angle": 0, "axis": "y", "origin": [8, 2.80469, 8]},
			"faces": {
				"north": {"uv": [6.125, 0, 6.75, 0.625], "texture": "#1"},
				"east": {"uv": [6.125, 0, 6.75, 0.625], "texture": "#1"},
				"south": {"uv": [6.125, 0, 6.75, 0.625], "texture": "#1"},
				"west": {"uv": [6.125, 0, 6.75, 0.625], "texture": "#1"},
				"up": {"uv": [6.125, 0, 6.75, 0.625], "texture": "#1"},
				"down": {"uv": [6.125, 0, 6.75, 0.625], "texture": "#1"}
			}
		},
		{
			"from": [7.01563, 1.90625, 7.89453],
			"to": [7.48438, 3.03125, 8.33203],
			"rotation": {"angle": 0, "axis": "y", "origin": [8, 2.80469, 8]},
			"faces": {
				"north": {"uv": [1.25, 0, 1.875, 0.625], "texture": "#1"},
				"east": {"uv": [1.25, 0, 1.875, 0.625], "texture": "#1"},
				"south": {"uv": [1.25, 0, 1.875, 0.625], "texture": "#1"},
				"west": {"uv": [1.25, 0, 1.875, 0.625], "texture": "#1"},
				"up": {"uv": [1.25, 0, 1.875, 0.625], "texture": "#1"},
				"down": {"uv": [1.25, 0, 1.875, 0.625], "texture": "#1"}
			}
		},
		{
			"from": [8.51563, 2.46875, 7.89453],
			"to": [8.98438, 3.03125, 8.33203],
			"rotation": {"angle": 0, "axis": "y", "origin": [8, 2.80469, 8]},
			"faces": {
				"north": {"uv": [1.25, 0, 1.875, 0.625], "texture": "#1"},
				"east": {"uv": [1.25, 0, 1.875, 0.625], "texture": "#1"},
				"south": {"uv": [1.25, 0, 1.875, 0.625], "texture": "#1"},
				"west": {"uv": [1.25, 0, 1.875, 0.625], "texture": "#1"},
				"up": {"uv": [1.25, 0, 1.875, 0.625], "texture": "#1"},
				"down": {"uv": [1.25, 0, 1.875, 0.625], "texture": "#1"}
			}
		},
		{
			"from": [8.51563, 1.71875, 7.89453],
			"to": [8.98438, 2.28125, 8.33203],
			"rotation": {"angle": 0, "axis": "y", "origin": [8, 2.80469, 8]},
			"faces": {
				"north": {"uv": [1.25, 0, 1.875, 0.625], "texture": "#1"},
				"east": {"uv": [1.25, 0, 1.875, 0.625], "texture": "#1"},
				"south": {"uv": [1.25, 0, 1.875, 0.625], "texture": "#1"},
				"west": {"uv": [1.25, 0, 1.875, 0.625], "texture": "#1"},
				"up": {"uv": [1.25, 0, 1.875, 0.625], "texture": "#1"},
				"down": {"uv": [1.25, 0, 1.875, 0.625], "texture": "#1"}
			}
		},
		{
			"from": [7.35938, 2.28125, 8.31641],
			"to": [8.67188, 3.03125, 8.75391],
			"rotation": {"angle": 0, "axis": "y", "origin": [8, 2.80469, 8]},
			"faces": {
				"north": {"uv": [14.125, 1.125, 14.75, 1.75], "rotation": 180, "texture": "#2"},
				"east": {"uv": [14.125, 1.125, 14.75, 1.75], "rotation": 180, "texture": "#2"},
				"south": {"uv": [14.125, 1.125, 14.75, 1.75], "rotation": 180, "texture": "#2"},
				"west": {"uv": [14.125, 1.125, 14.75, 1.75], "rotation": 180, "texture": "#2"},
				"up": {"uv": [14.125, 1.125, 14.75, 1.75], "rotation": 180, "texture": "#2"},
				"down": {"uv": [14.125, 1.125, 14.75, 1.75], "rotation": 180, "texture": "#2"}
			}
		},
		{
			"from": [7.67188, 1.89063, 8.31641],
			"to": [8.35938, 2.07813, 8.75391],
			"rotation": {"angle": 0, "axis": "y", "origin": [8, 2.80469, 8]},
			"faces": {
				"north": {"uv": [15.125, 1.125, 16, 1.875], "rotation": 180, "texture": "#1"},
				"east": {"uv": [15.125, 1.125, 16, 1.875], "rotation": 180, "texture": "#1"},
				"south": {"uv": [15.125, 1.125, 16, 1.875], "rotation": 180, "texture": "#1"},
				"west": {"uv": [15.125, 1.125, 16, 1.875], "rotation": 180, "texture": "#1"},
				"up": {"uv": [15.125, 1.125, 16, 1.875], "rotation": 180, "texture": "#1"},
				"down": {"uv": [15.125, 1.125, 16, 1.875], "rotation": 180, "texture": "#1"}
			}
		},
		{
			"from": [7.67188, 2.57813, 7.44141],
			"to": [8.35938, 2.95313, 7.94141],
			"rotation": {"angle": 0, "axis": "y", "origin": [8, 2.80469, 8]},
			"faces": {
				"north": {"uv": [15.125, 1.125, 16, 1.875], "rotation": 180, "texture": "#1"},
				"east": {"uv": [15.125, 1.125, 16, 1.875], "rotation": 180, "texture": "#1"},
				"south": {"uv": [15.125, 1.125, 16, 1.875], "rotation": 180, "texture": "#1"},
				"west": {"uv": [15.125, 1.125, 16, 1.875], "rotation": 180, "texture": "#1"},
				"up": {"uv": [15.125, 1.125, 16, 1.875], "rotation": 180, "texture": "#1"},
				"down": {"uv": [15.125, 1.125, 16, 1.875], "rotation": 180, "texture": "#1"}
			}
		},
		{
			"from": [7.67188, 1.25, 7.41016],
			"to": [8.35938, 2.75, 7.51953],
			"rotation": {"angle": 0, "axis": "y", "origin": [8, 2.80469, 8]},
			"faces": {
				"north": {"uv": [15.125, 1.125, 16, 1.875], "rotation": 180, "texture": "#1"},
				"east": {"uv": [15.125, 1.125, 16, 1.875], "rotation": 180, "texture": "#1"},
				"south": {"uv": [15.125, 1.125, 16, 1.875], "rotation": 180, "texture": "#1"},
				"west": {"uv": [15.125, 1.125, 16, 1.875], "rotation": 180, "texture": "#1"},
				"up": {"uv": [15.125, 1.125, 16, 1.875], "rotation": 180, "texture": "#1"},
				"down": {"uv": [15.125, 1.125, 16, 1.875], "rotation": 180, "texture": "#1"}
			}
		},
		{
			"from": [7.67188, 0.875, 7.44141],
			"to": [8.35938, 1.34375, 7.55078],
			"rotation": {"angle": 0, "axis": "y", "origin": [8, 2.80469, 8]},
			"faces": {
				"north": {"uv": [15.125, 1.125, 16, 1.875], "rotation": 180, "texture": "#1"},
				"east": {"uv": [15.125, 1.125, 16, 1.875], "rotation": 180, "texture": "#1"},
				"south": {"uv": [15.125, 1.125, 16, 1.875], "rotation": 180, "texture": "#1"},
				"west": {"uv": [15.125, 1.125, 16, 1.875], "rotation": 180, "texture": "#1"},
				"up": {"uv": [15.125, 1.125, 16, 1.875], "rotation": 180, "texture": "#1"},
				"down": {"uv": [15.125, 1.125, 16, 1.875], "rotation": 180, "texture": "#1"}
			}
		},
		{
			"from": [8.35938, 1.76563, 8.31641],
			"to": [8.67188, 2.01563, 8.75391],
			"rotation": {"angle": 0, "axis": "y", "origin": [8, 2.80469, 8]},
			"faces": {
				"north": {"uv": [15.125, 1.125, 16, 1.875], "rotation": 180, "texture": "#1"},
				"east": {"uv": [15.125, 1.125, 16, 1.875], "rotation": 180, "texture": "#1"},
				"south": {"uv": [15.125, 1.125, 16, 1.875], "rotation": 180, "texture": "#1"},
				"west": {"uv": [15.125, 1.125, 16, 1.875], "rotation": 180, "texture": "#1"},
				"up": {"uv": [15.125, 1.125, 16, 1.875], "rotation": 180, "texture": "#1"},
				"down": {"uv": [15.125, 1.125, 16, 1.875], "rotation": 180, "texture": "#1"}
			}
		},
		{
			"from": [7.67188, 1.32813, 8.31641],
			"to": [8.35938, 1.51563, 8.75391],
			"rotation": {"angle": 0, "axis": "y", "origin": [8, 2.80469, 8]},
			"faces": {
				"north": {"uv": [15.125, 1.125, 16, 1.875], "rotation": 180, "texture": "#1"},
				"east": {"uv": [15.125, 1.125, 16, 1.875], "rotation": 180, "texture": "#1"},
				"south": {"uv": [15.125, 1.125, 16, 1.875], "rotation": 180, "texture": "#1"},
				"west": {"uv": [15.125, 1.125, 16, 1.875], "rotation": 180, "texture": "#1"},
				"up": {"uv": [15.125, 1.125, 16, 1.875], "rotation": 180, "texture": "#1"},
				"down": {"uv": [15.125, 1.125, 16, 1.875], "rotation": 180, "texture": "#1"}
			}
		},
		{
			"from": [7.42188, 1.01563, 8.31641],
			"to": [8.60938, 1.07813, 8.72266],
			"rotation": {"angle": 0, "axis": "y", "origin": [8, 2.80469, 8]},
			"faces": {
				"north": {"uv": [15.375, 0, 16, 0.625], "rotation": 180, "texture": "#1"},
				"east": {"uv": [15.375, 0, 16, 0.625], "rotation": 180, "texture": "#1"},
				"south": {"uv": [15.375, 0, 16, 0.625], "rotation": 180, "texture": "#1"},
				"west": {"uv": [15.375, 0, 16, 0.625], "rotation": 180, "texture": "#1"},
				"up": {"uv": [15.375, 0, 16, 0.625], "rotation": 180, "texture": "#1"},
				"down": {"uv": [15.375, 0, 16, 0.625], "rotation": 180, "texture": "#1"}
			}
		},
		{
			"from": [7.42188, 0.76563, 8.31641],
			"to": [8.60938, 0.82813, 8.72266],
			"rotation": {"angle": 0, "axis": "y", "origin": [8, 2.80469, 8]},
			"faces": {
				"north": {"uv": [15.375, 0, 16, 0.625], "rotation": 180, "texture": "#1"},
				"east": {"uv": [15.375, 0, 16, 0.625], "rotation": 180, "texture": "#1"},
				"south": {"uv": [15.375, 0, 16, 0.625], "rotation": 180, "texture": "#1"},
				"west": {"uv": [15.375, 0, 16, 0.625], "rotation": 180, "texture": "#1"},
				"up": {"uv": [15.375, 0, 16, 0.625], "rotation": 180, "texture": "#1"},
				"down": {"uv": [15.375, 0, 16, 0.625], "rotation": 180, "texture": "#1"}
			}
		},
		{
			"from": [7.42188, 0.51563, 8.31641],
			"to": [8.60938, 0.57813, 8.72266],
			"rotation": {"angle": 0, "axis": "y", "origin": [8, 2.80469, 8]},
			"faces": {
				"north": {"uv": [15.375, 0, 16, 0.625], "rotation": 180, "texture": "#1"},
				"east": {"uv": [15.375, 0, 16, 0.625], "rotation": 180, "texture": "#1"},
				"south": {"uv": [15.375, 0, 16, 0.625], "rotation": 180, "texture": "#1"},
				"west": {"uv": [15.375, 0, 16, 0.625], "rotation": 180, "texture": "#1"},
				"up": {"uv": [15.375, 0, 16, 0.625], "rotation": 180, "texture": "#1"},
				"down": {"uv": [15.375, 0, 16, 0.625], "rotation": 180, "texture": "#1"}
			}
		},
		{
			"from": [7.42188, 0.26563, 8.31641],
			"to": [8.60938, 0.32813, 8.72266],
			"rotation": {"angle": 0, "axis": "y", "origin": [8, 2.80469, 8]},
			"faces": {
				"north": {"uv": [15.375, 0, 16, 0.625], "rotation": 180, "texture": "#1"},
				"east": {"uv": [15.375, 0, 16, 0.625], "rotation": 180, "texture": "#1"},
				"south": {"uv": [15.375, 0, 16, 0.625], "rotation": 180, "texture": "#1"},
				"west": {"uv": [15.375, 0, 16, 0.625], "rotation": 180, "texture": "#1"},
				"up": {"uv": [15.375, 0, 16, 0.625], "rotation": 180, "texture": "#1"},
				"down": {"uv": [15.375, 0, 16, 0.625], "rotation": 180, "texture": "#1"}
			}
		},
		{
			"from": [8.35938, 1.39063, 8.31641],
			"to": [8.67188, 1.64063, 8.75391],
			"rotation": {"angle": 0, "axis": "y", "origin": [8, 2.80469, 8]},
			"faces": {
				"north": {"uv": [15.125, 1.125, 16, 1.875], "rotation": 180, "texture": "#1"},
				"east": {"uv": [15.125, 1.125, 16, 1.875], "rotation": 180, "texture": "#1"},
				"south": {"uv": [15.125, 1.125, 16, 1.875], "rotation": 180, "texture": "#1"},
				"west": {"uv": [15.125, 1.125, 16, 1.875], "rotation": 180, "texture": "#1"},
				"up": {"uv": [15.125, 1.125, 16, 1.875], "rotation": 180, "texture": "#1"},
				"down": {"uv": [15.125, 1.125, 16, 1.875], "rotation": 180, "texture": "#1"}
			}
		},
		{
			"from": [7.35938, 1.76563, 8.31641],
			"to": [7.67188, 2.01563, 8.75391],
			"rotation": {"angle": 0, "axis": "y", "origin": [8, 2.80469, 8]},
			"faces": {
				"north": {"uv": [15.125, 1.125, 16, 1.875], "rotation": 180, "texture": "#1"},
				"east": {"uv": [15.125, 1.125, 16, 1.875], "rotation": 180, "texture": "#1"},
				"south": {"uv": [15.125, 1.125, 16, 1.875], "rotation": 180, "texture": "#1"},
				"west": {"uv": [15.125, 1.125, 16, 1.875], "rotation": 180, "texture": "#1"},
				"up": {"uv": [15.125, 1.125, 16, 1.875], "rotation": 180, "texture": "#1"},
				"down": {"uv": [15.125, 1.125, 16, 1.875], "rotation": 180, "texture": "#1"}
			}
		},
		{
			"from": [7.35938, 1.39063, 8.31641],
			"to": [7.67188, 1.64063, 8.75391],
			"rotation": {"angle": 0, "axis": "y", "origin": [8, 2.80469, 8]},
			"faces": {
				"north": {"uv": [15.125, 1.125, 16, 1.875], "rotation": 180, "texture": "#1"},
				"east": {"uv": [15.125, 1.125, 16, 1.875], "rotation": 180, "texture": "#1"},
				"south": {"uv": [15.125, 1.125, 16, 1.875], "rotation": 180, "texture": "#1"},
				"west": {"uv": [15.125, 1.125, 16, 1.875], "rotation": 180, "texture": "#1"},
				"up": {"uv": [15.125, 1.125, 16, 1.875], "rotation": 180, "texture": "#1"},
				"down": {"uv": [15.125, 1.125, 16, 1.875], "rotation": 180, "texture": "#1"}
			}
		},
		{
			"from": [8.20313, 3.5, 7.95703],
			"to": [8.51563, 4.03125, 8.26953],
			"rotation": {"angle": 0, "axis": "y", "origin": [8, 2.80469, 8]},
			"faces": {
				"north": {"uv": [6.125, 0, 6.75, 0.625], "texture": "#1"},
				"east": {"uv": [6.125, 0, 6.75, 0.625], "texture": "#1"},
				"south": {"uv": [6.125, 0, 6.75, 0.625], "texture": "#1"},
				"west": {"uv": [6.125, 0, 6.75, 0.625], "texture": "#1"},
				"up": {"uv": [6.125, 0, 6.75, 0.625], "texture": "#1"},
				"down": {"uv": [6.125, 0, 6.75, 0.625], "texture": "#1"}
			}
		},
		{
			"from": [8.14063, 3.45313, 7.89453],
			"to": [8.57813, 3.95313, 8.33203],
			"rotation": {"angle": 0, "axis": "y", "origin": [8, 2.80469, 8]},
			"faces": {
				"north": {"uv": [6.125, 0, 6.75, 0.625], "texture": "#1"},
				"east": {"uv": [6.125, 0, 6.75, 0.625], "texture": "#1"},
				"south": {"uv": [6.125, 0, 6.75, 0.625], "texture": "#1"},
				"west": {"uv": [6.125, 0, 6.75, 0.625], "texture": "#1"},
				"up": {"uv": [6.125, 0, 6.75, 0.625], "texture": "#1"},
				"down": {"uv": [6.125, 0, 6.75, 0.625], "texture": "#1"}
			}
		},
		{
			"from": [7.375, 4.21875, 7.95703],
			"to": [7.6875, 6.40625, 8.26953],
			"rotation": {"angle": 0, "axis": "y", "origin": [8, 2.80469, 8]},
			"faces": {
				"north": {"uv": [6.125, 0, 6.75, 0.625], "texture": "#1"},
				"east": {"uv": [6.125, 0, 6.75, 0.625], "texture": "#1"},
				"south": {"uv": [6.125, 0, 6.75, 0.625], "texture": "#1"},
				"west": {"uv": [6.125, 0, 6.75, 0.625], "texture": "#1"},
				"up": {"uv": [6.125, 0, 6.75, 0.625], "texture": "#1"},
				"down": {"uv": [6.125, 0, 6.75, 0.625], "texture": "#1"}
			}
		}
	],
	"gui_light": "front",
	"display": {
		"thirdperson_righthand": {
			"translation": [0, 11.25, 0],
			"scale": [1.76, 1.76, 1.76]
		},
		"thirdperson_lefthand": {
			"translation": [0, 11.25, 0],
			"scale": [1.76, 1.76, 1.76]
		},
		"firstperson_righthand": {
			"rotation": [0, -15, -7],
			"translation": [-2, 13.5, 5],
			"scale": [1.48, 1.48, 1.48]
		},
		"firstperson_lefthand": {
			"rotation": [0, -15, -7],
			"translation": [-2, 13.5, 5],
			"scale": [1.48, 1.48, 1.48]
		},
		"ground": {
			"translation": [0, 5.75, 0]
		},
		"gui": {
			"rotation": [-18, 31, 11],
			"translation": [-3.5, 19.5, 0],
			"scale": [3.42, 3.42, 3.42]
		},
		"fixed": {
			"rotation": [0, 180, 0],
			"translation": [0, 19.5, 0],
			"scale": [3.18, 3.18, 3.18]
		}
	}
}