{
	"credit": "Made with Blockbench",
	"textures": {
		"0": "block/blue_stained_glass",
		"1": "block/gold_block",
		"particle": "block/blue_stained_glass"
	},
	"elements": [
		{
			"from": [6.5, -0.5, 6.5],
			"to": [9.5, 4.5, 9.5],
			"rotation": {"angle": 0, "axis": "y", "origin": [15, 7, 16]},
			"faces": {
				"north": {"uv": [0, 0, 1, 1], "texture": "#0"},
				"east": {"uv": [0, 0, 1, 1], "texture": "#0"},
				"south": {"uv": [0, 0, 1, 1], "texture": "#0"},
				"west": {"uv": [0, 0, 1, 1], "texture": "#0"},
				"up": {"uv": [0, 0, 1, 1], "texture": "#0"},
				"down": {"uv": [0, 0, 1, 1], "texture": "#0"}
			}
		},
		{
			"from": [6, 0, 6],
			"to": [10, 4, 10],
			"rotation": {"angle": 0, "axis": "y", "origin": [16, 8, 16]},
			"faces": {
				"north": {"uv": [0, 0, 1, 1], "texture": "#0"},
				"east": {"uv": [0, 0, 1, 1], "texture": "#0"},
				"south": {"uv": [0, 0, 1, 1], "texture": "#0"},
				"west": {"uv": [0, 0, 1, 1], "texture": "#0"},
				"up": {"uv": [0, 0, 1, 1], "texture": "#0"},
				"down": {"uv": [0, 0, 1, 1], "texture": "#0"}
			}
		},
		{
			"from": [6.5, 0.5, 5.5],
			"to": [9.5, 3.5, 10.5],
			"rotation": {"angle": 0, "axis": "y", "origin": [15, 8, 15]},
			"faces": {
				"north": {"uv": [0, 0, 1, 1], "texture": "#0"},
				"east": {"uv": [0, 0, 1, 1], "texture": "#0"},
				"south": {"uv": [0, 0, 1, 1], "texture": "#0"},
				"west": {"uv": [0, 0, 1, 1], "texture": "#0"},
				"up": {"uv": [0, 0, 1, 1], "texture": "#0"},
				"down": {"uv": [0, 0, 1, 1], "texture": "#0"}
			}
		},
		{
			"from": [5.5, 0.5, 6.5],
			"to": [10.5, 3.5, 9.5],
			"rotation": {"angle": 0, "axis": "y", "origin": [14, 8, 16]},
			"faces": {
				"north": {"uv": [0, 0, 1, 1], "texture": "#0"},
				"east": {"uv": [0, 0, 1, 1], "texture": "#0"},
				"south": {"uv": [0, 0, 1, 1], "texture": "#0"},
				"west": {"uv": [0, 0, 1, 1], "texture": "#0"},
				"up": {"uv": [0, 0, 1, 1], "texture": "#0"},
				"down": {"uv": [0, 0, 1, 1], "texture": "#0"}
			}
		},
		{
			"from": [7.5625, 2.4375, 10.5],
			"to": [8.75, 2.75, 10.625],
			"rotation": {"angle": 0, "axis": "y", "origin": [15.9375, 9.8125, 19]},
			"faces": {
				"north": {"uv": [0, 0, 1.1875, 0.3125], "texture": "#1"},
				"east": {"uv": [0, 0, 0.125, 0.3125], "texture": "#1"},
				"south": {"uv": [0, 0, 1.1875, 0.3125], "texture": "#1"},
				"west": {"uv": [0, 0, 0.125, 0.3125], "texture": "#1"},
				"up": {"uv": [0, 0, 1.1875, 0.125], "texture": "#1"},
				"down": {"uv": [0, 0, 1.1875, 0.125], "texture": "#1"}
			}
		},
		{
			"from": [8.75, 2.75, 10.5],
			"to": [9, 3, 10.625],
			"rotation": {"angle": 0, "axis": "y", "origin": [15.9375, 9.8125, 19]},
			"faces": {
				"north": {"uv": [0, 0, 0.25, 0.25], "texture": "#1"},
				"east": {"uv": [0, 0, 0.125, 0.25], "texture": "#1"},
				"south": {"uv": [0, 0, 0.25, 0.25], "texture": "#1"},
				"west": {"uv": [0, 0, 0.125, 0.25], "texture": "#1"},
				"up": {"uv": [0, 0, 0.25, 0.125], "texture": "#1"},
				"down": {"uv": [0, 0, 0.25, 0.125], "texture": "#1"}
			}
		},
		{
			"from": [8.75, 2.5625, 10.5],
			"to": [8.9375, 2.75, 10.625],
			"rotation": {"angle": 0, "axis": "y", "origin": [15.9375, 9.5625, 19]},
			"faces": {
				"north": {"uv": [0, 0, 0.1875, 0.1875], "texture": "#1"},
				"east": {"uv": [0, 0, 0.125, 0.1875], "texture": "#1"},
				"south": {"uv": [0, 0, 0.1875, 0.1875], "texture": "#1"},
				"west": {"uv": [0, 0, 0.125, 0.1875], "texture": "#1"},
				"up": {"uv": [0, 0, 0.1875, 0.125], "texture": "#1"},
				"down": {"uv": [0, 0, 0.1875, 0.125], "texture": "#1"}
			}
		},
		{
			"from": [8.875, 3, 10.5],
			"to": [9, 3.1875, 10.625],
			"rotation": {"angle": 0, "axis": "y", "origin": [16, 10, 19]},
			"faces": {
				"north": {"uv": [0, 0, 0.125, 0.1875], "texture": "#1"},
				"east": {"uv": [0, 0, 0.125, 0.1875], "texture": "#1"},
				"south": {"uv": [0, 0, 0.125, 0.1875], "texture": "#1"},
				"west": {"uv": [0, 0, 0.125, 0.1875], "texture": "#1"},
				"up": {"uv": [0, 0, 0.125, 0.125], "texture": "#1"},
				"down": {"uv": [0, 0, 0.125, 0.125], "texture": "#1"}
			}
		},
		{
			"from": [7.3125, 1.3125, 10.5],
			"to": [7.5625, 1.5, 10.625],
			"rotation": {"angle": 0, "axis": "y", "origin": [14.5625, 8.3125, 19]},
			"faces": {
				"north": {"uv": [0, 0, 0.25, 0.1875], "texture": "#1"},
				"east": {"uv": [0, 0, 0.125, 0.1875], "texture": "#1"},
				"south": {"uv": [0, 0, 0.25, 0.1875], "texture": "#1"},
				"west": {"uv": [0, 0, 0.125, 0.1875], "texture": "#1"},
				"up": {"uv": [0, 0, 0.25, 0.125], "texture": "#1"},
				"down": {"uv": [0, 0, 0.25, 0.125], "texture": "#1"}
			}
		},
		{
			"from": [8.25, 1.3125, 10.5],
			"to": [8.4375, 1.5, 10.625],
			"rotation": {"angle": 0, "axis": "y", "origin": [15.5, 8.3125, 19]},
			"faces": {
				"north": {"uv": [0, 0, 0.1875, 0.1875], "texture": "#1"},
				"east": {"uv": [0, 0, 0.125, 0.1875], "texture": "#1"},
				"south": {"uv": [0, 0, 0.1875, 0.1875], "texture": "#1"},
				"west": {"uv": [0, 0, 0.125, 0.1875], "texture": "#1"},
				"up": {"uv": [0, 0, 0.1875, 0.125], "texture": "#1"},
				"down": {"uv": [0, 0, 0.1875, 0.125], "texture": "#1"}
			}
		},
		{
			"from": [8.25, 1.9375, 10.5],
			"to": [8.4375, 2.125, 10.625],
			"rotation": {"angle": 0, "axis": "y", "origin": [15.5, 8.9375, 19]},
			"faces": {
				"north": {"uv": [0, 0, 0.1875, 0.1875], "texture": "#1"},
				"east": {"uv": [0, 0, 0.125, 0.1875], "texture": "#1"},
				"south": {"uv": [0, 0, 0.1875, 0.1875], "texture": "#1"},
				"west": {"uv": [0, 0, 0.125, 0.1875], "texture": "#1"},
				"up": {"uv": [0, 0, 0.1875, 0.125], "texture": "#1"},
				"down": {"uv": [0, 0, 0.1875, 0.125], "texture": "#1"}
			}
		},
		{
			"from": [7.75, 1.8125, 10.5],
			"to": [7.875, 2, 10.625],
			"rotation": {"angle": 0, "axis": "y", "origin": [14.9375, 8.8125, 19]},
			"faces": {
				"north": {"uv": [0, 0, 0.125, 0.1875], "texture": "#1"},
				"east": {"uv": [0, 0, 0.125, 0.1875], "texture": "#1"},
				"south": {"uv": [0, 0, 0.125, 0.1875], "texture": "#1"},
				"west": {"uv": [0, 0, 0.125, 0.1875], "texture": "#1"},
				"up": {"uv": [0, 0, 0.125, 0.125], "texture": "#1"},
				"down": {"uv": [0, 0, 0.125, 0.125], "texture": "#1"}
			}
		},
		{
			"from": [7.3125, 2.4375, 10.5],
			"to": [7.5625, 2.625, 10.625],
			"rotation": {"angle": 0, "axis": "y", "origin": [14.5625, 9.4375, 19]},
			"faces": {
				"north": {"uv": [0, 0, 0.25, 0.1875], "texture": "#1"},
				"east": {"uv": [0, 0, 0.125, 0.1875], "texture": "#1"},
				"south": {"uv": [0, 0, 0.25, 0.1875], "texture": "#1"},
				"west": {"uv": [0, 0, 0.125, 0.1875], "texture": "#1"},
				"up": {"uv": [0, 0, 0.25, 0.125], "texture": "#1"},
				"down": {"uv": [0, 0, 0.25, 0.125], "texture": "#1"}
			}
		},
		{
			"from": [7.1875, 1.5, 10.5],
			"to": [7.5625, 2.4375, 10.625],
			"rotation": {"angle": 0, "axis": "y", "origin": [15.9375, 9.8125, 19]},
			"faces": {
				"north": {"uv": [0, 0, 0.375, 0.9375], "texture": "#1"},
				"east": {"uv": [0, 0, 0.125, 0.9375], "texture": "#1"},
				"south": {"uv": [0, 0, 0.375, 0.9375], "texture": "#1"},
				"west": {"uv": [0, 0, 0.125, 0.9375], "texture": "#1"},
				"up": {"uv": [0, 0, 0.375, 0.125], "texture": "#1"},
				"down": {"uv": [0, 0, 0.375, 0.125], "texture": "#1"}
			}
		},
		{
			"from": [7.5625, 1.1875, 10.5],
			"to": [8.25, 1.5, 10.625],
			"rotation": {"angle": 0, "axis": "y", "origin": [15.9375, 9.8125, 19]},
			"faces": {
				"north": {"uv": [0, 0, 0.6875, 0.3125], "texture": "#1"},
				"east": {"uv": [0, 0, 0.125, 0.3125], "texture": "#1"},
				"south": {"uv": [0, 0, 0.6875, 0.3125], "texture": "#1"},
				"west": {"uv": [0, 0, 0.125, 0.3125], "texture": "#1"},
				"up": {"uv": [0, 0, 0.6875, 0.125], "texture": "#1"},
				"down": {"uv": [0, 0, 0.6875, 0.125], "texture": "#1"}
			}
		},
		{
			"from": [8.25, 1.5, 10.5],
			"to": [8.5625, 1.9375, 10.625],
			"rotation": {"angle": 0, "axis": "y", "origin": [15.9375, 9.8125, 19]},
			"faces": {
				"north": {"uv": [0, 0, 0.3125, 0.4375], "texture": "#1"},
				"east": {"uv": [0, 0, 0.125, 0.4375], "texture": "#1"},
				"south": {"uv": [0, 0, 0.3125, 0.4375], "texture": "#1"},
				"west": {"uv": [0, 0, 0.125, 0.4375], "texture": "#1"},
				"up": {"uv": [0, 0, 0.3125, 0.125], "texture": "#1"},
				"down": {"uv": [0, 0, 0.3125, 0.125], "texture": "#1"}
			}
		},
		{
			"from": [7.875, 1.9375, 10.5],
			"to": [8.25, 2.1875, 10.625],
			"rotation": {"angle": 0, "axis": "y", "origin": [15.9375, 9.8125, 19]},
			"faces": {
				"north": {"uv": [0, 0, 0.375, 0.25], "texture": "#1"},
				"east": {"uv": [0, 0, 0.125, 0.25], "texture": "#1"},
				"south": {"uv": [0, 0, 0.375, 0.25], "texture": "#1"},
				"west": {"uv": [0, 0, 0.125, 0.25], "texture": "#1"},
				"up": {"uv": [0, 0, 0.375, 0.125], "texture": "#1"},
				"down": {"uv": [0, 0, 0.375, 0.125], "texture": "#1"}
			}
		}
	],
	"display": {
		"thirdperson_righthand": {
			"rotation": [-12, 0, 0],
			"translation": [0, 4.5, 0],
			"scale": [0.6, 0.6, 0.6]
		},
		"thirdperson_lefthand": {
			"rotation": [-12, 0, 0],
			"translation": [0, 4.5, 0],
			"scale": [0.6, 0.6, 0.6]
		},
		"firstperson_righthand": {
			"translation": [-0.75, 8.25, 3.25],
			"scale": [0.69, 0.69, 0.69]
		},
		"firstperson_lefthand": {
			"translation": [-0.75, 8.25, 3.25],
			"scale": [0.69, 0.69, 0.69]
		},
		"ground": {
			"translation": [0, 1.75, 0],
			"scale": [0.66, 0.66, 0.66]
		},
		"gui": {
			"rotation": [31, -28, 0],
			"translation": [0, 10.5, 0],
			"scale": [2.14, 2.14, 2.14]
		},
		"fixed": {
			"rotation": [0, -180, 0],
			"translation": [0, 12.5, 0.25],
			"scale": [2.1, 2.1, 2.1]
		}
	},
	"groups": [
		{
			"name": "group",
			"origin": [14, 8, 16],
			"children": [0, 1, 2, 3]
		},
		{
			"name": "group",
			"origin": [16, 10, 19],
			"children": [4, 5, 6, 7, 8, 9, 10, 11, 12, 13, 14, 15, 16]
		}
	]
}