{
	"credit": "Made with Blockbench",
	"textures": {
		"0": "block/barrel_bottom",
		"1": "block/iron_block",
		"particle": "block/barrel_bottom"
	},
	"elements": [
		{
			"from": [5.86538, 8.31911, 7.67404],
			"to": [12.11538, 8.92536, 8.24904],
			"rotation": {"angle": 0, "axis": "y", "origin": [-0.13462, 7.06911, 0.46154]},
			"faces": {
				"north": {"uv": [2, 0, 2.55, 0.3], "texture": "#1"},
				"east": {"uv": [2, 0, 2.55, 0.3], "texture": "#1"},
				"south": {"uv": [2, 0, 2.55, 0.3], "texture": "#1"},
				"west": {"uv": [2, 0, 2.55, 0.3], "texture": "#1"},
				"up": {"uv": [2, 0, 2.55, 0.3], "texture": "#1"},
				"down": {"uv": [2, 0, 2.55, 0.3], "texture": "#1"}
			}
		},
		{
			"from": [12.11538, 8.21911, 7.57404],
			"to": [15.16538, 9.02536, 8.34904],
			"rotation": {"angle": 0, "axis": "y", "origin": [6.11538, 7.06911, 0.46154]},
			"faces": {
				"north": {"uv": [2, 0, 2.55, 0.3], "texture": "#1"},
				"east": {"uv": [2, 0, 2.55, 0.3], "texture": "#1"},
				"south": {"uv": [2, 0, 2.55, 0.3], "texture": "#1"},
				"west": {"uv": [2, 0, 2.55, 0.3], "texture": "#1"},
				"up": {"uv": [2, 0, 2.55, 0.3], "texture": "#1"},
				"down": {"uv": [2, 0, 2.55, 0.3], "texture": "#1"}
			}
		},
		{
			"from": [15.09038, 8.11911, 7.47404],
			"to": [15.54038, 9.12536, 8.44904],
			"rotation": {"angle": 0, "axis": "y", "origin": [6.11538, 7.06911, 0.46154]},
			"faces": {
				"north": {"uv": [2, 0, 2.55, 0.3], "texture": "#1"},
				"east": {"uv": [2, 0, 2.55, 0.3], "texture": "#1"},
				"south": {"uv": [2, 0, 2.55, 0.3], "texture": "#1"},
				"west": {"uv": [2, 0, 2.55, 0.3], "texture": "#1"},
				"up": {"uv": [2, 0, 2.55, 0.3], "texture": "#1"},
				"down": {"uv": [2, 0, 2.55, 0.3], "texture": "#1"}
			}
		},
		{
			"from": [11.36538, 7.88161, 7.53654],
			"to": [14.92788, 8.60661, 8.36154],
			"rotation": {"angle": 0, "axis": "y", "origin": [-0.13462, 7.06911, 0.46154]},
			"faces": {
				"north": {"uv": [0, 0, 2, 2], "texture": "#0"},
				"east": {"uv": [0, 0, 2, 2], "texture": "#0"},
				"south": {"uv": [0, 0, 2, 2], "texture": "#0"},
				"west": {"uv": [1, 1, 3, 3], "texture": "#0"},
				"up": {"uv": [0, 0, 2, 2], "texture": "#0"},
				"down": {"uv": [0, 0, 2, 2], "texture": "#0"}
			}
		},
		{
			"from": [4.11538, 7.81911, 7.69592],
			"to": [11.86538, 8.69411, 8.22716],
			"rotation": {"angle": 0, "axis": "y", "origin": [-0.13462, 7.06911, 0.46154]},
			"faces": {
				"north": {"uv": [0, 0, 2, 2], "texture": "#0"},
				"east": {"uv": [0, 0, 2, 2], "texture": "#0"},
				"south": {"uv": [0, 0, 2, 2], "texture": "#0"},
				"west": {"uv": [1, 1, 3, 3], "texture": "#0"},
				"up": {"uv": [0, 0, 2, 2], "texture": "#0"},
				"down": {"uv": [0, 0, 2, 2], "texture": "#0"}
			}
		},
		{
			"from": [-0.22212, 6.81911, 7.69592],
			"to": [3.49038, 8.19411, 8.22716],
			"rotation": {"angle": 0, "axis": "y", "origin": [-0.13462, 7.06911, 0.46154]},
			"faces": {
				"north": {"uv": [0, 0, 2, 2], "texture": "#0"},
				"east": {"uv": [0, 0, 2, 2], "texture": "#0"},
				"south": {"uv": [0, 0, 2, 2], "texture": "#0"},
				"west": {"uv": [1, 1, 3, 3], "texture": "#0"},
				"up": {"uv": [0, 0, 2, 2], "texture": "#0"},
				"down": {"uv": [0, 0, 2, 2], "texture": "#0"}
			}
		},
		{
			"from": [-0.22212, 6.44411, 7.71154],
			"to": [1.30288, 6.81911, 8.21154],
			"rotation": {"angle": 0, "axis": "y", "origin": [-0.13462, 7.06911, 0.46154]},
			"faces": {
				"north": {"uv": [0, 0, 2, 2], "texture": "#0"},
				"east": {"uv": [0, 0, 2, 2], "texture": "#0"},
				"south": {"uv": [0, 0, 2, 2], "texture": "#0"},
				"west": {"uv": [1, 1, 3, 3], "texture": "#0"},
				"up": {"uv": [0, 0, 2, 2], "texture": "#0"},
				"down": {"uv": [0, 0, 2, 2], "texture": "#0"}
			}
		},
		{
			"from": [2.80288, 7.38161, 7.72717],
			"to": [5.11538, 8.31911, 8.19591],
			"rotation": {"angle": 22.5, "axis": "z", "origin": [3.99038, 7.38161, 7.96154]},
			"faces": {
				"north": {"uv": [0, 0, 2, 2], "texture": "#0"},
				"east": {"uv": [0, 0, 2, 2], "texture": "#0"},
				"south": {"uv": [0, 0, 2, 2], "texture": "#0"},
				"west": {"uv": [1, 1, 3, 3], "texture": "#0"},
				"up": {"uv": [0, 0, 2, 2], "texture": "#0"},
				"down": {"uv": [0, 0, 2, 2], "texture": "#0"}
			}
		},
		{
			"from": [4.99038, 7.54411, 7.89904],
			"to": [5.80288, 8.00661, 8.02404],
			"rotation": {"angle": 0, "axis": "y", "origin": [-0.13462, 7.06911, 0.46154]},
			"faces": {
				"north": {"uv": [0, 0, 1, 1], "texture": "#1"},
				"east": {"uv": [0, 0, 1, 1], "texture": "#1"},
				"south": {"uv": [0, 0, 1, 1], "texture": "#1"},
				"west": {"uv": [0, 0, 1, 1], "texture": "#1"},
				"up": {"uv": [0, 0, 1, 1], "texture": "#1"},
				"down": {"uv": [0, 0, 1, 1], "texture": "#1"}
			}
		},
		{
			"from": [11.49038, 7.81911, 7.89904],
			"to": [15.10288, 7.95661, 8.02404],
			"rotation": {"angle": 0, "axis": "y", "origin": [-0.13462, 7.06911, 0.46154]},
			"faces": {
				"north": {"uv": [0, 0, 1, 1], "texture": "#1"},
				"east": {"uv": [0, 0, 1, 1], "texture": "#1"},
				"south": {"uv": [0, 0, 1, 1], "texture": "#1"},
				"west": {"uv": [0, 0, 1, 1], "texture": "#1"},
				"up": {"uv": [0, 0, 1, 1], "texture": "#1"},
				"down": {"uv": [0, 0, 1, 1], "texture": "#1"}
			}
		},
		{
			"from": [4.74038, 8.06911, 8.14904],
			"to": [6.55288, 8.69411, 8.33654],
			"rotation": {"angle": 0, "axis": "y", "origin": [-0.13462, 7.06911, 0.46154]},
			"faces": {
				"north": {"uv": [0, 0, 1, 1], "texture": "#1"},
				"east": {"uv": [0, 0, 1, 1], "texture": "#1"},
				"south": {"uv": [0, 0, 1, 1], "texture": "#1"},
				"west": {"uv": [0, 0, 1, 1], "texture": "#1"},
				"up": {"uv": [0, 0, 1, 1], "texture": "#1"},
				"down": {"uv": [0, 0, 1, 1], "texture": "#1"}
			}
		},
		{
			"from": [5.42788, 8.31911, 8.08654],
			"to": [5.67788, 9.06911, 8.27404],
			"rotation": {"angle": 0, "axis": "y", "origin": [-0.13462, 7.06911, 0.46154]},
			"faces": {
				"north": {"uv": [0, 0, 1, 1], "texture": "#1"},
				"east": {"uv": [0, 0, 1, 1], "texture": "#1"},
				"south": {"uv": [0, 0, 1, 1], "texture": "#1"},
				"west": {"uv": [0, 0, 1, 1], "texture": "#1"},
				"up": {"uv": [0, 0, 1, 1], "texture": "#1"},
				"down": {"uv": [0, 0, 1, 1], "texture": "#1"}
			}
		},
		{
			"from": [5.30288, 8.94411, 8.08654],
			"to": [5.55288, 9.31911, 8.27404],
			"rotation": {"angle": -22.5, "axis": "z", "origin": [5.58413, 8.69411, 8.18029]},
			"faces": {
				"north": {"uv": [0, 0, 1, 1], "texture": "#1"},
				"east": {"uv": [0, 0, 1, 1], "texture": "#1"},
				"south": {"uv": [0, 0, 1, 1], "texture": "#1"},
				"west": {"uv": [0, 0, 1, 1], "texture": "#1"},
				"up": {"uv": [0, 0, 1, 1], "texture": "#1"},
				"down": {"uv": [0, 0, 1, 1], "texture": "#1"}
			}
		},
		{
			"from": [4.87788, 8.31911, 8.02404],
			"to": [5.25288, 9.06911, 8.27404],
			"rotation": {"angle": 0, "axis": "y", "origin": [0.19038, 7.06911, 0.46154]},
			"faces": {
				"north": {"uv": [0, 0, 1, 1], "texture": "#1"},
				"east": {"uv": [0, 0, 1, 1], "texture": "#1"},
				"south": {"uv": [0, 0, 1, 1], "texture": "#1"},
				"west": {"uv": [0, 0, 1, 1], "texture": "#1"},
				"up": {"uv": [0, 0, 1, 1], "texture": "#1"},
				"down": {"uv": [0, 0, 1, 1], "texture": "#1"}
			}
		},
		{
			"from": [4.94038, 9.06911, 8.08654],
			"to": [5.31538, 9.31911, 8.27404],
			"rotation": {"angle": 0, "axis": "y", "origin": [0.19038, 7.06911, 0.46154]},
			"faces": {
				"north": {"uv": [0, 0, 1, 1], "texture": "#1"},
				"east": {"uv": [0, 0, 1, 1], "texture": "#1"},
				"south": {"uv": [0, 0, 1, 1], "texture": "#1"},
				"west": {"uv": [0, 0, 1, 1], "texture": "#1"},
				"up": {"uv": [0, 0, 1, 1], "texture": "#1"},
				"down": {"uv": [0, 0, 1, 1], "texture": "#1"}
			}
		}
	],
	"gui_light": "front",
	"display": {
		"thirdperson_righthand": {
			"rotation": [0, 90, 0],
			"translation": [-0.25, 0.5, -1],
			"scale": [0.97, 1.36, 1.36]
		},
		"thirdperson_lefthand": {
			"rotation": [0, -90, 0],
			"translation": [-0.25, 0.5, -1],
			"scale": [0.97, 1.36, 1.36]
		},
		"firstperson_righthand": {
			"rotation": [0, 90, 0],
			"translation": [-7, 7.5, 8],
			"scale": [0.32, 0.52, 0.6]
		},
		"firstperson_lefthand": {
			"rotation": [0, -90, 0],
			"translation": [-7, 7.5, 8],
			"scale": [0.32, 0.52, 0.6]
		},
		"ground": {
			"translation": [0.5, 0, 0],
			"scale": [1.16, 1.16, 1.16]
		},
		"gui": {
			"rotation": [20, 147, 33],
			"translation": [-0.25, 0.5, 0],
			"scale": [1.22, 1.22, 1.22]
		},
		"fixed": {
			"rotation": [-180, 0, -140],
			"translation": [-0.75, 0.75, 0],
			"scale": [1.43, 1.43, 1.43]
		}
	}
}