{
	"credit": "Made with Blockbench",
	"textures": {
		"1": "block/blast_furnace_side",
		"2": "item/jett_card",
		"particle": "item/jett_card"
	},
	"elements": [
		{
			"from": [4, 0, 7.75],
			"to": [12, 16, 8.25],
			"rotation": {"angle": 0, "axis": "y", "origin": [8, 8, 8]},
			"faces": {
				"north": {"uv": [0.95522, 0.89552, 15.04478, 15.10448], "texture": "#2"},
				"east": {"uv": [2, 0, 3, 1], "texture": "#1"},
				"south": {"uv": [2, 0, 3, 1], "texture": "#1"},
				"west": {"uv": [2, 0, 3, 1], "texture": "#1"},
				"up": {"uv": [2, 0, 3, 1], "rotation": 90, "texture": "#1"},
				"down": {"uv": [2, 0, 3, 1], "rotation": 270, "texture": "#1"}
			}
		}
	],
	"display": {
		"thirdperson_righthand": {
			"rotation": [0, 90, 0]
		},
		"thirdperson_lefthand": {
			"rotation": [0, 90, 0]
		},
		"firstperson_righthand": {
			"rotation": [6, 126, 0],
			"translation": [0, 1.75, 0]
		},
		"firstperson_lefthand": {
			"rotation": [6, 126, 0],
			"translation": [0, 1.75, 0]
		},
		"ground": {
			"translation": [0, 5, 0]
		},
		"gui": {
			"rotation": [151, -6, 145],
			"scale": [0.98, 0.98, 0.98]
		},
		"fixed": {
			"translation": [0, -15.75, -1],
			"scale": [4, 4, 4]
		}
	}
}