{
	"credit": "Made with Blockbench",
	"textures": {
		"0": "item/bombdefuser",
		"particle": "item/bombdefuser"
	},
	"elements": [
		{
			"name": "bombdefuser_0",
			"from": [7, 7.5, -0.72222],
			"to": [9, 8.5, 6.27778],
			"rotation": {"angle": 0, "axis": "y", "origin": [0, 7.5, -1.72222]},
			"faces": {
				"north": {"uv": [9, 1, 7, 2], "texture": "#0"},
				"east": {"uv": [8, 1, 9, 8], "rotation": 90, "texture": "#0"},
				"south": {"uv": [7, 7, 9, 8], "texture": "#0"},
				"west": {"uv": [7, 1, 8, 8], "rotation": 270, "texture": "#0"},
				"up": {"uv": [7, 1, 9, 8], "texture": "#0"},
				"down": {"uv": [7, 8, 9, 1], "texture": "#0"}
			}
		},
		{
			"name": "bombdefuser_1",
			"from": [6, 7.5, 0.27778],
			"to": [7, 8.5, 9.27778],
			"rotation": {"angle": 0, "axis": "y", "origin": [0, 7.5, -1.72222]},
			"faces": {
				"north": {"uv": [7, 2, 6, 3], "texture": "#0"},
				"east": {"uv": [6, 2, 7, 11], "rotation": 90, "texture": "#0"},
				"south": {"uv": [6, 10, 7, 11], "texture": "#0"},
				"west": {"uv": [6, 2, 7, 11], "rotation": 270, "texture": "#0"},
				"up": {"uv": [6, 2, 7, 11], "texture": "#0"},
				"down": {"uv": [6, 11, 7, 2], "texture": "#0"}
			}
		},
		{
			"name": "bombdefuser_2",
			"from": [9, 7.5, 0.27778],
			"to": [10, 8.5, 9.27778],
			"rotation": {"angle": 0, "axis": "y", "origin": [0, 7.5, -1.72222]},
			"faces": {
				"north": {"uv": [10, 2, 9, 3], "texture": "#0"},
				"east": {"uv": [9, 2, 10, 11], "rotation": 90, "texture": "#0"},
				"south": {"uv": [9, 10, 10, 11], "texture": "#0"},
				"west": {"uv": [9, 2, 10, 11], "rotation": 270, "texture": "#0"},
				"up": {"uv": [9, 2, 10, 11], "texture": "#0"},
				"down": {"uv": [9, 11, 10, 2], "texture": "#0"}
			}
		},
		{
			"name": "bombdefuser_3",
			"from": [5, 7.5, 4.27778],
			"to": [6, 8.5, 13.27778],
			"rotation": {"angle": 0, "axis": "y", "origin": [0, 7.5, -1.72222]},
			"faces": {
				"north": {"uv": [6, 6, 5, 7], "texture": "#0"},
				"east": {"uv": [5, 6, 6, 15], "rotation": 90, "texture": "#0"},
				"south": {"uv": [5, 14, 6, 15], "texture": "#0"},
				"west": {"uv": [5, 6, 6, 15], "rotation": 270, "texture": "#0"},
				"up": {"uv": [5, 6, 6, 15], "texture": "#0"},
				"down": {"uv": [5, 15, 6, 6], "texture": "#0"}
			}
		},
		{
			"name": "bombdefuser_4",
			"from": [10, 7.5, 4.27778],
			"to": [11, 8.5, 13.27778],
			"rotation": {"angle": 0, "axis": "y", "origin": [0, 7.5, -1.72222]},
			"faces": {
				"north": {"uv": [11, 6, 10, 7], "texture": "#0"},
				"east": {"uv": [10, 6, 11, 15], "rotation": 90, "texture": "#0"},
				"south": {"uv": [10, 14, 11, 15], "texture": "#0"},
				"west": {"uv": [10, 6, 11, 15], "rotation": 270, "texture": "#0"},
				"up": {"uv": [10, 6, 11, 15], "texture": "#0"},
				"down": {"uv": [10, 15, 11, 6], "texture": "#0"}
			}
		},
		{
			"name": "bombdefuser_5",
			"from": [4, 7.5, 6.27778],
			"to": [5, 8.5, 13.27778],
			"rotation": {"angle": 0, "axis": "y", "origin": [0, 7.5, -1.72222]},
			"faces": {
				"north": {"uv": [5, 8, 4, 9], "texture": "#0"},
				"east": {"uv": [4, 8, 5, 15], "rotation": 90, "texture": "#0"},
				"south": {"uv": [4, 14, 5, 15], "texture": "#0"},
				"west": {"uv": [4, 8, 5, 15], "rotation": 270, "texture": "#0"},
				"up": {"uv": [4, 8, 5, 15], "texture": "#0"},
				"down": {"uv": [4, 15, 5, 8], "texture": "#0"}
			}
		},
		{
			"name": "bombdefuser_6",
			"from": [11, 7.5, 6.27778],
			"to": [12, 8.5, 13.27778],
			"rotation": {"angle": 0, "axis": "y", "origin": [0, 7.5, -1.72222]},
			"faces": {
				"north": {"uv": [12, 8, 11, 9], "texture": "#0"},
				"east": {"uv": [11, 8, 12, 15], "rotation": 90, "texture": "#0"},
				"south": {"uv": [11, 14, 12, 15], "texture": "#0"},
				"west": {"uv": [11, 8, 12, 15], "rotation": 270, "texture": "#0"},
				"up": {"uv": [11, 8, 12, 15], "texture": "#0"},
				"down": {"uv": [11, 15, 12, 8], "texture": "#0"}
			}
		},
		{
			"name": "bombdefuser_7",
			"from": [3, 7.5, 9.27778],
			"to": [4, 8.5, 13.27778],
			"rotation": {"angle": 0, "axis": "y", "origin": [0, 7.5, -1.72222]},
			"faces": {
				"north": {"uv": [4, 11, 3, 12], "texture": "#0"},
				"east": {"uv": [3, 11, 4, 15], "rotation": 90, "texture": "#0"},
				"south": {"uv": [3, 14, 4, 15], "texture": "#0"},
				"west": {"uv": [3, 11, 4, 15], "rotation": 270, "texture": "#0"},
				"up": {"uv": [3, 11, 4, 15], "texture": "#0"},
				"down": {"uv": [3, 15, 4, 11], "texture": "#0"}
			}
		},
		{
			"name": "bombdefuser_8",
			"from": [12, 7.5, 9.27778],
			"to": [13, 8.5, 13.27778],
			"rotation": {"angle": 0, "axis": "y", "origin": [0, 7.5, -1.72222]},
			"faces": {
				"north": {"uv": [13, 11, 12, 12], "texture": "#0"},
				"east": {"uv": [12, 11, 13, 15], "rotation": 90, "texture": "#0"},
				"south": {"uv": [12, 14, 13, 15], "texture": "#0"},
				"west": {"uv": [12, 11, 13, 15], "rotation": 270, "texture": "#0"},
				"up": {"uv": [12, 11, 13, 15], "texture": "#0"},
				"down": {"uv": [12, 15, 13, 11], "texture": "#0"}
			}
		}
	],
	"gui_light": "front",
	"display": {
		"thirdperson_righthand": {
			"rotation": [77, 0, 0],
			"translation": [0, 1, 0.75],
			"scale": [0.21, 0.21, 0.21]
		},
		"thirdperson_lefthand": {
			"rotation": [77, 0, 0],
			"translation": [0, 1, 0.75],
			"scale": [0.21, 0.21, 0.21]
		},
		"firstperson_righthand": {
			"rotation": [90, 0, 90],
			"translation": [0, 4, 2.25],
			"scale": [0.34, 0.34, 0.34]
		},
		"firstperson_lefthand": {
			"rotation": [90, 0, -90],
			"translation": [0, 4, 2.25],
			"scale": [0.34, 0.34, 0.34]
		},
		"ground": {
			"rotation": [90, 0, 0],
			"scale": [0.33, 0.33, 0.33]
		},
		"gui": {
			"rotation": [90, 0, 0],
			"translation": [0.25, -1.75, 0],
			"scale": [1.04, 1.04, 1.04]
		},
		"fixed": {
			"rotation": [90, 0, 0],
			"translation": [0.25, -0.5, 0]
		}
	},
	"groups": [
		{
			"name": "bombdefuser",
			"origin": [8, 8, 8],
			"color": 0,
			"children": [0, 1, 2, 3, 4, 5, 6, 7, 8]
		}
	]
}