{
	"credit": "Made with Blockbench",
	"textures": {
		"12": "block/stone",
		"13": "block/bone_block_side",
		"particle": "block/light_gray_concrete_powder"
	},
	"elements": [
		{
			"from": [6, 0, 7],
			"to": [9, 6, 8],
			"faces": {
				"north": {"uv": [14, 4, 16, 10], "texture": "#13"},
				"east": {"uv": [0, 0, 1, 4], "texture": "#13"},
				"south": {"uv": [14, 3, 16, 7], "texture": "#13"},
				"west": {"uv": [0, 0, 1, 4], "texture": "#13"},
				"up": {"uv": [0, 0, 1, 1], "texture": "#13"},
				"down": {"uv": [0, 0, 1, 1], "texture": "#13"}
			}
		},
		{
			"from": [10, 8, 7],
			"to": [14, 9, 8],
			"faces": {
				"north": {"uv": [0, 1, 5, 2], "texture": "#12"},
				"east": {"uv": [0, 0, 1, 4], "texture": "#12"},
				"south": {"uv": [0, 0, 1, 4], "texture": "#12"},
				"west": {"uv": [0, 0, 1, 4], "texture": "#12"},
				"up": {"uv": [0, 0, 1, 1], "texture": "#12"},
				"down": {"uv": [0, 0, 1, 1], "texture": "#12"}
			}
		},
		{
			"from": [1, 8, 7],
			"to": [5, 9, 8],
			"faces": {
				"north": {"uv": [0, 0, 1, 4], "texture": "#12"},
				"east": {"uv": [0, 0, 1, 4], "texture": "#12"},
				"south": {"uv": [1, 1, 5, 2], "texture": "#12"},
				"west": {"uv": [0, 0, 1, 4], "texture": "#12"},
				"up": {"uv": [0, 0, 1, 1], "texture": "#12"},
				"down": {"uv": [0, 0, 1, 1], "texture": "#12"}
			}
		},
		{
			"from": [5, 7, 6],
			"to": [10, 8, 9],
			"faces": {
				"north": {"uv": [0, 0, 1, 4], "texture": "#12"},
				"east": {"uv": [0, 0, 1, 4], "texture": "#12"},
				"south": {"uv": [0, 0, 1, 4], "texture": "#12"},
				"west": {"uv": [0, 0, 1, 4], "texture": "#12"},
				"up": {"uv": [0, 0, 1, 1], "texture": "#12"},
				"down": {"uv": [0, 0, 1, 1], "texture": "#12"}
			}
		},
		{
			"from": [3, 6, 7],
			"to": [12, 8, 8],
			"faces": {
				"north": {"uv": [2, 4, 13, 6], "texture": "#12"},
				"east": {"uv": [0, 0, 1, 4], "texture": "#12"},
				"south": {"uv": [2, 4, 13, 6], "texture": "#12"},
				"west": {"uv": [0, 0, 1, 4], "texture": "#12"},
				"up": {"uv": [0, 0, 1, 1], "texture": "#12"},
				"down": {"uv": [0, 0, 1, 1], "texture": "#12"}
			}
		},
		{
			"from": [6, -1, 7],
			"to": [9, 0, 8],
			"faces": {
				"north": {"uv": [0, 0, 1, 4], "texture": "#12"},
				"east": {"uv": [0, 0, 1, 4], "texture": "#12"},
				"south": {"uv": [0, 0, 1, 4], "texture": "#12"},
				"west": {"uv": [0, 0, 1, 4], "texture": "#12"},
				"up": {"uv": [0, 0, 1, 1], "texture": "#12"},
				"down": {"uv": [0, 0, 1, 1], "texture": "#12"}
			}
		},
		{
			"from": [7, 30, 7],
			"to": [8, 32, 8],
			"faces": {
				"north": {"uv": [7, 1, 8, 3], "texture": "#13"},
				"east": {"uv": [7, 1, 8, 3], "texture": "#13"},
				"south": {"uv": [7, 1, 8, 3], "texture": "#13"},
				"west": {"uv": [7, 1, 8, 3], "texture": "#13"},
				"up": {"uv": [7, 1, 8, 3], "texture": "#13"},
				"down": {"uv": [7, 1, 8, 3], "texture": "#13"}
			}
		},
		{
			"from": [6, 8, 7],
			"to": [9, 30, 8],
			"faces": {
				"north": {"uv": [7, 3, 9, 14], "texture": "#13"},
				"east": {"uv": [8, 3, 9, 14], "texture": "#13"},
				"south": {"uv": [7, 0, 10, 16], "texture": "#13"},
				"west": {"uv": [7, 3, 8, 14], "texture": "#13"},
				"up": {"uv": [7, 3, 9, 4], "texture": "#13"},
				"down": {"uv": [7, 3, 9, 14], "texture": "#13"}
			}
		}
	],
	"gui_light": "front",
	"display": {
		"thirdperson_righthand": {
			"rotation": [0, 90, 0],
			"translation": [0.5, 1.5, 2],
			"scale": [0.63, 0.57, 0.6]
		},
		"thirdperson_lefthand": {
			"rotation": [0, 90, 0],
			"translation": [0.25, 1.5, 2],
			"scale": [0.63, 0.57, 0.6]
		},
		"firstperson_righthand": {
			"rotation": [0, -90, -10],
			"translation": [2, 1, 0],
			"scale": [0.39, 0.6, 0.79]
		},
		"firstperson_lefthand": {
			"rotation": [6, -81, -1],
			"translation": [2, 1, 0],
			"scale": [0.5, 0.64, 0.79]
		},
		"ground": {
			"rotation": [-90, 0, 0],
			"translation": [0, -1.75, 2],
			"scale": [0.43, 0.43, 0.4]
		},
		"gui": {
			"rotation": [0, 0, -44],
			"translation": [-3.25, -3.75, 0],
			"scale": [0.72, 0.68, 0.66]
		},
		"fixed": {
			"rotation": [0, -180, -44],
			"translation": [3.5, -4.5, -1],
			"scale": [0.77, 0.77, 0.76]
		}
	},
	"groups": [0,
		{
			"name": "group",
			"origin": [8, 8, 8],
			"children": [1, 2, 3, 4, 5]
		},
		{
			"name": "group",
			"origin": [8, 8, 8],
			"children": [6, 7]
		}
	]
}