{
    "parent": "item/handheld",
    "textures": {
        "layer0": "item/bone"
    },
    "display": {
        "head": {
            "rotation": [ 0, 0, -45 ],
            "translation": [ 0, -4.5, -6.5],
            "scale":[ 1, 1, 1 ]
        }
    },
    "overrides":
	[
    {"predicate": {"custom_model_data": 1},"model": "item/equipment_mod/bonehilt"},
    {"predicate": {"custom_model_data": 2},"model": "item/luniumbone"},
    {"predicate": {"custom_model_data": 3},"model": "item/vaniliumbone"},
    {"predicate": {"custom_model_data": 4},"model": "item/boneartifact"},
    {"predicate": {"custom_model_data": 20},"model": "item/archangelstaff"},
    {"predicate": {"custom_model_data": 21},"model": "item/boneskin"},
    {"predicate": {"custom_model_data": 22},"model": "item/oc/ocbattlespanner"},
    {"predicate": {"custom_model_data": 23},"model": "item/oc/ocbonefire"},
    {"predicate": {"custom_model_data": 24},"model": "item/oc/ocboneshield"},
    {"predicate": {"custom_model_data": 25},"model": "item/oc/ocbrokenspear"},
    {"predicate": {"custom_model_data": 40},"model": "item/oc/redbone"},
    {"predicate": {"custom_model_data": 41},"model": "item/oc/blackbone"},
    {"predicate": {"custom_model_data": 42},"model": "item/wasteland/fleshbone"},
    {"predicate": {"custom_model_data": 43},"model": "item/wasteland/brainpiece"},
    {"predicate": {"custom_model_data": 44},"model": "item/wasteland/stomuch"},
    {"predicate": {"custom_model_data": 45},"model": "item/wasteland/eyeball"}
	]
}
