{
	"credit": "Made with Blockbench",
	"textures": {
		"0": "item/bone",
		"particle": "item/bone"
	},
	"elements": [
		{
			"name": "bone_0",
			"from": [10.16667, 7.5, 1.16667],
			"to": [13.16667, 8.5, 6.16667],
			"rotation": {"angle": 0, "axis": "y", "origin": [-0.83333, 7.5, 0.16667]},
			"faces": {
				"north": {"uv": [14, 1, 11, 2], "texture": "#0"},
				"east": {"uv": [13, 1, 14, 6], "rotation": 90, "texture": "#0"},
				"south": {"uv": [11, 5, 14, 6], "texture": "#0"},
				"west": {"uv": [11, 1, 12, 6], "rotation": 270, "texture": "#0"},
				"up": {"uv": [11, 1, 14, 6], "texture": "#0"},
				"down": {"uv": [11, 6, 14, 1], "texture": "#0"}
			}
		},
		{
			"name": "bone_1",
			"from": [9.16667, 7.5, 2.16667],
			"to": [10.16667, 8.5, 8.16667],
			"rotation": {"angle": 0, "axis": "y", "origin": [-0.83333, 7.5, 0.16667]},
			"faces": {
				"north": {"uv": [11, 2, 10, 3], "texture": "#0"},
				"east": {"uv": [10, 2, 11, 8], "rotation": 90, "texture": "#0"},
				"south": {"uv": [10, 7, 11, 8], "texture": "#0"},
				"west": {"uv": [10, 2, 11, 8], "rotation": 270, "texture": "#0"},
				"up": {"uv": [10, 2, 11, 8], "texture": "#0"},
				"down": {"uv": [10, 8, 11, 2], "texture": "#0"}
			}
		},
		{
			"name": "bone_2",
			"from": [13.16667, 7.5, 2.16667],
			"to": [14.16667, 8.5, 6.16667],
			"rotation": {"angle": 0, "axis": "y", "origin": [-0.83333, 7.5, 0.16667]},
			"faces": {
				"north": {"uv": [15, 2, 14, 3], "texture": "#0"},
				"east": {"uv": [14, 2, 15, 6], "rotation": 90, "texture": "#0"},
				"south": {"uv": [14, 5, 15, 6], "texture": "#0"},
				"west": {"uv": [14, 2, 15, 6], "rotation": 270, "texture": "#0"},
				"up": {"uv": [14, 2, 15, 6], "texture": "#0"},
				"down": {"uv": [14, 6, 15, 2], "texture": "#0"}
			}
		},
		{
			"name": "bone_3",
			"from": [14.16667, 7.5, 3.16667],
			"to": [15.16667, 8.5, 5.16667],
			"rotation": {"angle": 0, "axis": "y", "origin": [-0.83333, 7.5, 0.16667]},
			"faces": {
				"north": {"uv": [16, 3, 15, 4], "texture": "#0"},
				"east": {"uv": [15, 3, 16, 5], "rotation": 90, "texture": "#0"},
				"south": {"uv": [15, 4, 16, 5], "texture": "#0"},
				"west": {"uv": [15, 3, 16, 5], "rotation": 270, "texture": "#0"},
				"up": {"uv": [15, 3, 16, 5], "texture": "#0"},
				"down": {"uv": [15, 5, 16, 3], "texture": "#0"}
			}
		},
		{
			"name": "bone_4",
			"from": [8.16667, 7.5, 5.16667],
			"to": [9.16667, 8.5, 9.16667],
			"rotation": {"angle": 0, "axis": "y", "origin": [-0.83333, 7.5, 0.16667]},
			"faces": {
				"north": {"uv": [10, 5, 9, 6], "texture": "#0"},
				"east": {"uv": [9, 5, 10, 9], "rotation": 90, "texture": "#0"},
				"south": {"uv": [9, 8, 10, 9], "texture": "#0"},
				"west": {"uv": [9, 5, 10, 9], "rotation": 270, "texture": "#0"},
				"up": {"uv": [9, 5, 10, 9], "texture": "#0"},
				"down": {"uv": [9, 9, 10, 5], "texture": "#0"}
			}
		},
		{
			"name": "bone_5",
			"from": [7.16667, 7.5, 6.16667],
			"to": [8.16667, 8.5, 10.16667],
			"rotation": {"angle": 0, "axis": "y", "origin": [-0.83333, 7.5, 0.16667]},
			"faces": {
				"north": {"uv": [9, 6, 8, 7], "texture": "#0"},
				"east": {"uv": [8, 6, 9, 10], "rotation": 90, "texture": "#0"},
				"south": {"uv": [8, 9, 9, 10], "texture": "#0"},
				"west": {"uv": [8, 6, 9, 10], "rotation": 270, "texture": "#0"},
				"up": {"uv": [8, 6, 9, 10], "texture": "#0"},
				"down": {"uv": [8, 10, 9, 6], "texture": "#0"}
			}
		},
		{
			"name": "bone_6",
			"from": [10.16667, 7.5, 6.16667],
			"to": [11.16667, 8.5, 7.16667],
			"rotation": {"angle": 0, "axis": "y", "origin": [-0.83333, 7.5, 0.16667]},
			"faces": {
				"north": {"uv": [12, 6, 11, 7], "texture": "#0"},
				"east": {"uv": [11, 6, 12, 7], "rotation": 90, "texture": "#0"},
				"south": {"uv": [11, 6, 12, 7], "texture": "#0"},
				"west": {"uv": [11, 6, 12, 7], "rotation": 270, "texture": "#0"},
				"up": {"uv": [11, 6, 12, 7], "texture": "#0"},
				"down": {"uv": [11, 7, 12, 6], "texture": "#0"}
			}
		},
		{
			"name": "bone_7",
			"from": [6.16667, 7.5, 7.16667],
			"to": [7.16667, 8.5, 11.16667],
			"rotation": {"angle": 0, "axis": "y", "origin": [-0.83333, 7.5, 0.16667]},
			"faces": {
				"north": {"uv": [8, 7, 7, 8], "texture": "#0"},
				"east": {"uv": [7, 7, 8, 11], "rotation": 90, "texture": "#0"},
				"south": {"uv": [7, 10, 8, 11], "texture": "#0"},
				"west": {"uv": [7, 7, 8, 11], "rotation": 270, "texture": "#0"},
				"up": {"uv": [7, 7, 8, 11], "texture": "#0"},
				"down": {"uv": [7, 11, 8, 7], "texture": "#0"}
			}
		},
		{
			"name": "bone_8",
			"from": [5.16667, 7.5, 8.16667],
			"to": [6.16667, 8.5, 14.16667],
			"rotation": {"angle": 0, "axis": "y", "origin": [-0.83333, 7.5, 0.16667]},
			"faces": {
				"north": {"uv": [7, 8, 6, 9], "texture": "#0"},
				"east": {"uv": [6, 8, 7, 14], "rotation": 90, "texture": "#0"},
				"south": {"uv": [6, 13, 7, 14], "texture": "#0"},
				"west": {"uv": [6, 8, 7, 14], "rotation": 270, "texture": "#0"},
				"up": {"uv": [6, 8, 7, 14], "texture": "#0"},
				"down": {"uv": [6, 14, 7, 8], "texture": "#0"}
			}
		},
		{
			"name": "bone_9",
			"from": [3.16667, 7.5, 9.16667],
			"to": [5.16667, 8.5, 15.16667],
			"rotation": {"angle": 0, "axis": "y", "origin": [-0.83333, 7.5, 0.16667]},
			"faces": {
				"north": {"uv": [6, 9, 4, 10], "texture": "#0"},
				"east": {"uv": [5, 9, 6, 15], "rotation": 90, "texture": "#0"},
				"south": {"uv": [4, 14, 6, 15], "texture": "#0"},
				"west": {"uv": [4, 9, 5, 15], "rotation": 270, "texture": "#0"},
				"up": {"uv": [4, 9, 6, 15], "texture": "#0"},
				"down": {"uv": [4, 15, 6, 9], "texture": "#0"}
			}
		},
		{
			"name": "bone_10",
			"from": [1.16667, 7.5, 10.16667],
			"to": [3.16667, 8.5, 14.16667],
			"rotation": {"angle": 0, "axis": "y", "origin": [-0.83333, 7.5, 0.16667]},
			"faces": {
				"north": {"uv": [4, 10, 2, 11], "texture": "#0"},
				"east": {"uv": [3, 10, 4, 14], "rotation": 90, "texture": "#0"},
				"south": {"uv": [2, 13, 4, 14], "texture": "#0"},
				"west": {"uv": [2, 10, 3, 14], "rotation": 270, "texture": "#0"},
				"up": {"uv": [2, 10, 4, 14], "texture": "#0"},
				"down": {"uv": [2, 14, 4, 10], "texture": "#0"}
			}
		},
		{
			"name": "bone_11",
			"from": [0.16667, 7.5, 11.16667],
			"to": [1.16667, 8.5, 13.16667],
			"rotation": {"angle": 0, "axis": "y", "origin": [-0.83333, 7.5, 0.16667]},
			"faces": {
				"north": {"uv": [2, 11, 1, 12], "texture": "#0"},
				"east": {"uv": [1, 11, 2, 13], "rotation": 90, "texture": "#0"},
				"south": {"uv": [1, 12, 2, 13], "texture": "#0"},
				"west": {"uv": [1, 11, 2, 13], "rotation": 270, "texture": "#0"},
				"up": {"uv": [1, 11, 2, 13], "texture": "#0"},
				"down": {"uv": [1, 13, 2, 11], "texture": "#0"}
			}
		}
	],
	"gui_light": "front",
	"display": {
		"thirdperson_righthand": {
			"rotation": [-37, 0, -90],
			"translation": [0, 3.25, 2.5],
			"scale": [0.96, 0.96, 0.96]
		},
		"thirdperson_lefthand": {
			"rotation": [-37, 0, 90],
			"translation": [0, 3.25, 2.5],
			"scale": [0.96, 0.96, 0.96]
		},
		"firstperson_righthand": {
			"rotation": [61, -2, 97],
			"translation": [0, 4, 3.5],
			"scale": [0.89, 0.89, 0.89]
		},
		"firstperson_lefthand": {
			"rotation": [61, -2, -97],
			"translation": [0, 4, 3.5],
			"scale": [0.89, 0.89, 0.89]
		},
		"ground": {
			"rotation": [90, 45, 0],
			"scale": [0.96, 0.96, 0.96]
		},
		"gui": {
			"rotation": [90, 4, 0],
			"translation": [0.5, 0.25, 0],
			"scale": [1.07, 1.07, 1.07]
		},
		"fixed": {
			"rotation": [90, 0, -180],
			"translation": [0, -1, 0]
		}
	},
	"groups": [
		{
			"name": "bone",
			"origin": [8, 8, 8],
			"color": 0,
			"children": [0, 1, 2, 3, 4, 5, 6, 7, 8, 9, 10, 11]
		}
	]
}