{
    "parent": "item/generated",
    "textures": {
        "layer0": "item/book"
    },
    "overrides":
    [
    {"predicate": {"custom_model_data": 1},"model": "item/res1"},
    {"predicate": {"custom_model_data": 2},"model": "item/res2"},
    {"predicate": {"custom_model_data": 3},"model": "item/res3"},
    {"predicate": {"custom_model_data": 4},"model": "item/res4"},
    {"predicate": {"custom_model_data": 5},"model": "item/nether_manuscript"},
    {"predicate": {"custom_model_data": 6},"model": "item/lvm/arcanetome"},
    {"predicate": {"custom_model_data": 7},"model": "item/lvm/holytome"},
    {"predicate": {"custom_model_data": 8},"model": "item/lvm/astraltome"},
    {"predicate": {"custom_model_data": 9},"model": "item/lvm/dendrotome"},
    {"predicate": {"custom_model_data": 10},"model": "item/lvm/spacetome"},
    {"predicate": {"custom_model_data": 11},"model": "item/prime/atmotome"},
    {"predicate": {"custom_model_data": 12},"model": "item/prime/cryotome"},
    {"predicate": {"custom_model_data": 13},"model": "item/prime/electrotome"},
    {"predicate": {"custom_model_data": 14},"model": "item/prime/pyrotome"},
    {"predicate": {"custom_model_data": 15},"model": "item/moneybag"},
    {"predicate": {"custom_model_data": 20},"model": "item/fiendishcodex"},
    {"predicate": {"custom_model_data": 100},"model": "item/stats/atk"},
    {"predicate": {"custom_model_data": 101},"model": "item/stats/dex"},
    {"predicate": {"custom_model_data": 102},"model": "item/stats/def"},
    {"predicate": {"custom_model_data": 103},"model": "item/stats/agi"},
    {"predicate": {"custom_model_data": 104},"model": "item/stats/vit"},
    {"predicate": {"custom_model_data": 105},"model": "item/stats/int"},
    {"predicate": {"custom_model_data": 106},"model": "item/stats/tal"},
    {"predicate": {"custom_model_data": 107},"model": "item/stats/cha"},
    {"predicate": {"custom_model_data": 108},"model": "item/stats/auxi"},
    {"predicate": {"custom_model_data": 109},"model": "item/stats/pre"},
    {"predicate": {"custom_model_data": 110},"model": "item/stats/lck"},
    {"predicate": {"custom_model_data": 111},"model": "item/stats/sta"},
    {"predicate": {"custom_model_data": 112},"model": "item/stats/bal"},
    {"predicate": {"custom_model_data": 113},"model": "item/stats/hly"},
    {"predicate": {"custom_model_data": 114},"model": "item/stats/rfl"}
    ]
}
