{
	"credit": "Made with Blockbench",
	"textures": {
		"3": "block/gray_concrete_powder",
		"particle": "block/white_concrete"
	},
	"elements": [
		{
			"from": [4.5, 7.5, 4],
			"to": [11, 8, 12.5],
			"rotation": {"angle": 0, "axis": "y", "origin": [7.5, 7.5, 6.5]},
			"faces": {
				"north": {"uv": [3, 5, 5, 7], "texture": "#3"},
				"east": {"uv": [3, 5, 5, 7], "texture": "#3"},
				"south": {"uv": [3, 5, 5, 7], "texture": "#3"},
				"west": {"uv": [3, 5, 5, 7], "texture": "#3"},
				"up": {"uv": [3, 5, 5, 7], "rotation": 270, "texture": "#3"},
				"down": {"uv": [3, 5, 5, 7], "texture": "#3"}
			}
		},
		{
			"from": [5.625, 7.75, 5.625],
			"to": [12.125, 8.25, 14.125],
			"rotation": {"angle": 0, "axis": "y", "origin": [7.5, 7.5, 6.5]},
			"faces": {
				"north": {"uv": [3, 5, 5, 7], "texture": "#3"},
				"east": {"uv": [3, 5, 5, 7], "texture": "#3"},
				"south": {"uv": [3, 5, 5, 7], "texture": "#3"},
				"west": {"uv": [3, 5, 5, 7], "texture": "#3"},
				"up": {"uv": [3, 5, 5, 7], "rotation": 90, "texture": "#3"},
				"down": {"uv": [3, 5, 5, 7], "texture": "#3"}
			}
		}
	],
	"display": {
		"thirdperson_righthand": {
			"rotation": [92, -1, -94],
			"translation": [-0.25, 0.25, 0.5],
			"scale": [0.58, 0.58, 0.58]
		},
		"thirdperson_lefthand": {
			"rotation": [92, -1, -94],
			"translation": [-0.25, 0.25, 0.5],
			"scale": [0.58, 0.58, 0.58]
		},
		"firstperson_righthand": {
			"rotation": [72, -31, -17],
			"translation": [-2.5, 4.75, 5],
			"scale": [0.74, 0.74, 0.74]
		},
		"firstperson_lefthand": {
			"rotation": [72, -31, -17],
			"translation": [-2.5, 4.75, 5],
			"scale": [0.74, 0.74, 0.74]
		},
		"ground": {
			"translation": [-0.5, 0, -0.75],
			"scale": [0.79, 0.79, 0.79]
		},
		"gui": {
			"rotation": [46, -41, 0],
			"translation": [0.5, 1.25, 0],
			"scale": [1.43, 1.43, 1.43]
		},
		"fixed": {
			"rotation": [-90, 0, 0],
			"translation": [0, -1.75, -0.5],
			"scale": [1.55, 1.55, 1.55]
		}
	}
}