{
    "parent": "item/generated",
    "textures": {
        "layer0": "item/brick"
    },
    "overrides":
	[
    {"predicate": {"custom_model_data": 1},"model": "item/equipment_mod/woodenstock"},
    {"predicate": {"custom_model_data": 2},"model": "item/telemetry1"},
    {"predicate": {"custom_model_data": 3},"model": "item/telemetry2"},
    {"predicate": {"custom_model_data": 4},"model": "item/telemetry3"},
    {"predicate": {"custom_model_data": 5},"model": "item/telemetry4"},
    {"predicate": {"custom_model_data": 6},"model": "item/telemetry5"},
    {"predicate": {"custom_model_data": 7},"model": "item/equipment_mod/radianiumaxeblade"},
    {"predicate": {"custom_model_data": 8},"model": "item/equipment_mod/tithrilcontrolblade"},
    {"predicate": {"custom_model_data": 9},"model": "item/equipment_mod/terracontrolblade"},
    {"predicate": {"custom_model_data": 10},"model": "item/wasteland/lighter"},
    {"predicate": {"custom_model_data": 11},"model": "item/wasteland/splint"},
    {"predicate": {"custom_model_data": 12},"model": "item/wasteland/woodensplint"},
    {"predicate": {"custom_model_data": 13},"model": "item/bluetalkie"},
    {"predicate": {"custom_model_data": 14},"model": "item/redtalkie"},
    {"predicate": {"custom_model_data": 15},"model": "item/firearm/riotshield"},
    {"predicate": {"custom_model_data": 16},"model": "item/firearm/heavyriotshield"},
    {"predicate": {"custom_model_data": 20},"model": "item/mordiumingot"},
    {"predicate": {"custom_model_data": 21},"model": "item/wasteland/personalphone"},
    {"predicate": {"custom_model_data": 22},"model": "item/wasteland/cigarettes"},
    {"predicate": {"custom_model_data": 23},"model": "item/wasteland/pipebomb"},
    {"predicate": {"custom_model_data": 24},"model": "item/wasteland/disc"},
    {"predicate": {"custom_model_data": 25},"model": "item/wasteland/bowl"},
    {"predicate": {"custom_model_data": 26},"model": "item/wasteland/pipe"},
    {"predicate": {"custom_model_data": 27},"model": "item/wasteland/retrofitpoint"},
    {"predicate": {"custom_model_data": 28},"model": "item/wasteland/gunretrofitpoint"},
    {"predicate": {"custom_model_data": 29},"model": "item/wasteland/steakpiece"},
    {"predicate": {"custom_model_data": 30},"model": "item/wasteland/frenchfries"},
    {"predicate": {"custom_model_data": 31},"model": "item/wasteland/breadslice"},
    {"predicate": {"custom_model_data": 32},"model": "item/wasteland/clock"},
    {"predicate": {"custom_model_data": 33},"model": "item/wasteland/digitalclock"},
    {"predicate": {"custom_model_data": 34},"model": "item/wasteland/alarmclock"},
    {"predicate": {"custom_model_data": 35},"model": "item/wasteland/lolipop"},
    {"predicate": {"custom_model_data": 36},"model": "item/wasteland/chocolate"},
    {"predicate": {"custom_model_data": 37},"model": "item/wasteland/tinycake"},
    {"predicate": {"custom_model_data": 38},"model": "item/wasteland/balm"},
    {"predicate": {"custom_model_data": 39},"model": "item/wasteland/bloodbag"},
    {"predicate": {"custom_model_data": 40},"model": "item/wasteland/surgicalkit"},
    {"predicate": {"custom_model_data": 41},"model": "item/wasteland/zippo"},
    {"predicate": {"custom_model_data": 42},"model": "item/wasteland/aabattery"},
    {"predicate": {"custom_model_data": 43},"model": "item/wasteland/measuringtape"},
    {"predicate": {"custom_model_data": 44},"model": "item/wasteland/soap"},
    {"predicate": {"custom_model_data": 45},"model": "item/wasteland/shampoo"},
    {"predicate": {"custom_model_data": 46},"model": "item/wasteland/toothpaste"},
    {"predicate": {"custom_model_data": 47},"model": "item/wasteland/lcdpanel"},
    {"predicate": {"custom_model_data": 48},"model": "item/wasteland/stimulusinjector"},
    {"predicate": {"custom_model_data": 49},"model": "item/wasteland/sanityinjector"},
    {"predicate": {"custom_model_data": 50},"model": "item/wasteland/hemostaticinjector"},
    {"predicate": {"custom_model_data": 51},"model": "item/wasteland/adrenalineinjector"},
    {"predicate": {"custom_model_data": 52},"model": "item/wasteland/morphineinjector"},
    {"predicate": {"custom_model_data": 53},"model": "item/wasteland/arcanuminjector"},
    {"predicate": {"custom_model_data": 54},"model": "item/wasteland/balm2"},
    {"predicate": {"custom_model_data": 55},"model": "item/wasteland/pill"},
    {"predicate": {"custom_model_data": 56},"model": "item/wasteland/onetimesyringe"},
    {"predicate": {"custom_model_data": 57},"model": "item/wasteland/component"}
	]
}
