{
	"credit": "Made with Blockbench",
	"textures": {
		"0": "item/bronze_claymore",
		"particle": "item/bronze_claymore"
	},
	"elements": [
		{
			"name": "titanium_claymore_0",
			"from": [14.33333, 14, 7.66667],
			"to": [16.33333, 16, 8.33333],
			"rotation": {"angle": 0, "axis": "y", "origin": [0.33333, 0, 7.66667]},
			"faces": {
				"north": {"uv": [16, 0, 14, 2], "texture": "#0"},
				"east": {"uv": [15.33333, 0, 16, 2], "texture": "#0"},
				"south": {"uv": [14, 0, 16, 2], "texture": "#0"},
				"west": {"uv": [14, 0, 14.66667, 2], "texture": "#0"},
				"up": {"uv": [14, 0, 16, 0.66667], "texture": "#0"},
				"down": {"uv": [14, 1.33333, 16, 2], "texture": "#0"}
			}
		},
		{
			"name": "titanium_claymore_1",
			"from": [13.66667, 12, 7.66667],
			"to": [14.33333, 15.33333, 8.33333],
			"rotation": {"angle": 0, "axis": "y", "origin": [0.33333, 0, 7.66667]},
			"faces": {
				"north": {"uv": [14, 0.66667, 13.33333, 4], "texture": "#0"},
				"east": {"uv": [13.33333, 0.66667, 14, 4], "texture": "#0"},
				"south": {"uv": [13.33333, 0.66667, 14, 4], "texture": "#0"},
				"west": {"uv": [13.33333, 0.66667, 14, 4], "texture": "#0"},
				"up": {"uv": [13.33333, 0.66667, 14, 1.33333], "texture": "#0"},
				"down": {"uv": [13.33333, 3.33333, 14, 4], "texture": "#0"}
			}
		},
		{
			"name": "titanium_claymore_2",
			"from": [13, 11.33333, 7.66667],
			"to": [13.66667, 14.66667, 8.33333],
			"rotation": {"angle": 0, "axis": "y", "origin": [0.33333, 0, 7.66667]},
			"faces": {
				"north": {"uv": [13.33333, 1.33333, 12.66667, 4.66667], "texture": "#0"},
				"east": {"uv": [12.66667, 1.33333, 13.33333, 4.66667], "texture": "#0"},
				"south": {"uv": [12.66667, 1.33333, 13.33333, 4.66667], "texture": "#0"},
				"west": {"uv": [12.66667, 1.33333, 13.33333, 4.66667], "texture": "#0"},
				"up": {"uv": [12.66667, 1.33333, 13.33333, 2], "texture": "#0"},
				"down": {"uv": [12.66667, 4, 13.33333, 4.66667], "texture": "#0"}
			}
		},
		{
			"name": "titanium_claymore_3",
			"from": [12.33333, 10.66667, 7.66667],
			"to": [13, 14, 8.33333],
			"rotation": {"angle": 0, "axis": "y", "origin": [0.33333, 0, 7.66667]},
			"faces": {
				"north": {"uv": [12.66667, 2, 12, 5.33333], "texture": "#0"},
				"east": {"uv": [12, 2, 12.66667, 5.33333], "texture": "#0"},
				"south": {"uv": [12, 2, 12.66667, 5.33333], "texture": "#0"},
				"west": {"uv": [12, 2, 12.66667, 5.33333], "texture": "#0"},
				"up": {"uv": [12, 2, 12.66667, 2.66667], "texture": "#0"},
				"down": {"uv": [12, 4.66667, 12.66667, 5.33333], "texture": "#0"}
			}
		},
		{
			"name": "titanium_claymore_4",
			"from": [14.33333, 13.33333, 7.66667],
			"to": [15.66667, 14, 8.33333],
			"rotation": {"angle": 0, "axis": "y", "origin": [0.33333, 0, 7.66667]},
			"faces": {
				"north": {"uv": [15.33333, 2, 14, 2.66667], "texture": "#0"},
				"east": {"uv": [14.66667, 2, 15.33333, 2.66667], "texture": "#0"},
				"south": {"uv": [14, 2, 15.33333, 2.66667], "texture": "#0"},
				"west": {"uv": [14, 2, 14.66667, 2.66667], "texture": "#0"},
				"up": {"uv": [14, 2, 15.33333, 2.66667], "texture": "#0"},
				"down": {"uv": [14, 2, 15.33333, 2.66667], "texture": "#0"}
			}
		},
		{
			"name": "titanium_claymore_5",
			"from": [11.66667, 10, 7.66667],
			"to": [12.33333, 13.33333, 8.33333],
			"rotation": {"angle": 0, "axis": "y", "origin": [0.33333, 0, 7.66667]},
			"faces": {
				"north": {"uv": [12, 2.66667, 11.33333, 6], "texture": "#0"},
				"east": {"uv": [11.33333, 2.66667, 12, 6], "texture": "#0"},
				"south": {"uv": [11.33333, 2.66667, 12, 6], "texture": "#0"},
				"west": {"uv": [11.33333, 2.66667, 12, 6], "texture": "#0"},
				"up": {"uv": [11.33333, 2.66667, 12, 3.33333], "texture": "#0"},
				"down": {"uv": [11.33333, 5.33333, 12, 6], "texture": "#0"}
			}
		},
		{
			"name": "titanium_claymore_6",
			"from": [14.33333, 12.66667, 7.66667],
			"to": [15, 13.33333, 8.33333],
			"rotation": {"angle": 0, "axis": "y", "origin": [0.33333, 0, 7.66667]},
			"faces": {
				"north": {"uv": [14.66667, 2.66667, 14, 3.33333], "texture": "#0"},
				"east": {"uv": [14, 2.66667, 14.66667, 3.33333], "texture": "#0"},
				"south": {"uv": [14, 2.66667, 14.66667, 3.33333], "texture": "#0"},
				"west": {"uv": [14, 2.66667, 14.66667, 3.33333], "texture": "#0"},
				"up": {"uv": [14, 2.66667, 14.66667, 3.33333], "texture": "#0"},
				"down": {"uv": [14, 2.66667, 14.66667, 3.33333], "texture": "#0"}
			}
		},
		{
			"name": "titanium_claymore_7",
			"from": [11, 9.33333, 7.66667],
			"to": [11.66667, 12.66667, 8.33333],
			"rotation": {"angle": 0, "axis": "y", "origin": [0.33333, 0, 7.66667]},
			"faces": {
				"north": {"uv": [11.33333, 3.33333, 10.66667, 6.66667], "texture": "#0"},
				"east": {"uv": [10.66667, 3.33333, 11.33333, 6.66667], "texture": "#0"},
				"south": {"uv": [10.66667, 3.33333, 11.33333, 6.66667], "texture": "#0"},
				"west": {"uv": [10.66667, 3.33333, 11.33333, 6.66667], "texture": "#0"},
				"up": {"uv": [10.66667, 3.33333, 11.33333, 4], "texture": "#0"},
				"down": {"uv": [10.66667, 6, 11.33333, 6.66667], "texture": "#0"}
			}
		},
		{
			"name": "titanium_claymore_8",
			"from": [10.33333, 8.66667, 7.66667],
			"to": [11, 12, 8.33333],
			"rotation": {"angle": 0, "axis": "y", "origin": [0.33333, 0, 7.66667]},
			"faces": {
				"north": {"uv": [10.66667, 4, 10, 7.33333], "texture": "#0"},
				"east": {"uv": [10, 4, 10.66667, 7.33333], "texture": "#0"},
				"south": {"uv": [10, 4, 10.66667, 7.33333], "texture": "#0"},
				"west": {"uv": [10, 4, 10.66667, 7.33333], "texture": "#0"},
				"up": {"uv": [10, 4, 10.66667, 4.66667], "texture": "#0"},
				"down": {"uv": [10, 6.66667, 10.66667, 7.33333], "texture": "#0"}
			}
		},
		{
			"name": "titanium_claymore_9",
			"from": [9.66667, 8, 7.66667],
			"to": [10.33333, 11.33333, 8.33333],
			"rotation": {"angle": 0, "axis": "y", "origin": [0.33333, 0, 7.66667]},
			"faces": {
				"north": {"uv": [10, 4.66667, 9.33333, 8], "texture": "#0"},
				"east": {"uv": [9.33333, 4.66667, 10, 8], "texture": "#0"},
				"south": {"uv": [9.33333, 4.66667, 10, 8], "texture": "#0"},
				"west": {"uv": [9.33333, 4.66667, 10, 8], "texture": "#0"},
				"up": {"uv": [9.33333, 4.66667, 10, 5.33333], "texture": "#0"},
				"down": {"uv": [9.33333, 7.33333, 10, 8], "texture": "#0"}
			}
		},
		{
			"name": "titanium_claymore_10",
			"from": [9, 6.66667, 7.66667],
			"to": [9.66667, 10.66667, 8.33333],
			"rotation": {"angle": 0, "axis": "y", "origin": [0.33333, 0, 7.66667]},
			"faces": {
				"north": {"uv": [9.33333, 5.33333, 8.66667, 9.33333], "texture": "#0"},
				"east": {"uv": [8.66667, 5.33333, 9.33333, 9.33333], "texture": "#0"},
				"south": {"uv": [8.66667, 5.33333, 9.33333, 9.33333], "texture": "#0"},
				"west": {"uv": [8.66667, 5.33333, 9.33333, 9.33333], "texture": "#0"},
				"up": {"uv": [8.66667, 5.33333, 9.33333, 6], "texture": "#0"},
				"down": {"uv": [8.66667, 8.66667, 9.33333, 9.33333], "texture": "#0"}
			}
		},
		{
			"name": "titanium_claymore_11",
			"from": [8.33333, 6, 7.66667],
			"to": [9, 10, 8.33333],
			"rotation": {"angle": 0, "axis": "y", "origin": [0.33333, 0, 7.66667]},
			"faces": {
				"north": {"uv": [8.66667, 6, 8, 10], "texture": "#0"},
				"east": {"uv": [8, 6, 8.66667, 10], "texture": "#0"},
				"south": {"uv": [8, 6, 8.66667, 10], "texture": "#0"},
				"west": {"uv": [8, 6, 8.66667, 10], "texture": "#0"},
				"up": {"uv": [8, 6, 8.66667, 6.66667], "texture": "#0"},
				"down": {"uv": [8, 9.33333, 8.66667, 10], "texture": "#0"}
			}
		},
		{
			"name": "titanium_claymore_12",
			"from": [7, 5.33333, 7.66667],
			"to": [8.33333, 9.33333, 8.33333],
			"rotation": {"angle": 0, "axis": "y", "origin": [0.33333, 0, 7.66667]},
			"faces": {
				"north": {"uv": [8, 6.66667, 6.66667, 10.66667], "texture": "#0"},
				"east": {"uv": [7.33333, 6.66667, 8, 10.66667], "texture": "#0"},
				"south": {"uv": [6.66667, 6.66667, 8, 10.66667], "texture": "#0"},
				"west": {"uv": [6.66667, 6.66667, 7.33333, 10.66667], "texture": "#0"},
				"up": {"uv": [6.66667, 6.66667, 8, 7.33333], "texture": "#0"},
				"down": {"uv": [6.66667, 10, 8, 10.66667], "texture": "#0"}
			}
		},
		{
			"name": "titanium_claymore_13",
			"from": [6.33333, 3.33333, 7.66667],
			"to": [7, 8.66667, 8.33333],
			"rotation": {"angle": 0, "axis": "y", "origin": [0.33333, 0, 7.66667]},
			"faces": {
				"north": {"uv": [6.66667, 7.33333, 6, 12.66667], "texture": "#0"},
				"east": {"uv": [6, 7.33333, 6.66667, 12.66667], "texture": "#0"},
				"south": {"uv": [6, 7.33333, 6.66667, 12.66667], "texture": "#0"},
				"west": {"uv": [6, 7.33333, 6.66667, 12.66667], "texture": "#0"},
				"up": {"uv": [6, 7.33333, 6.66667, 8], "texture": "#0"},
				"down": {"uv": [6, 12, 6.66667, 12.66667], "texture": "#0"}
			}
		},
		{
			"name": "titanium_claymore_14",
			"from": [3, 6.66667, 7.66667],
			"to": [4.33333, 8, 8.33333],
			"rotation": {"angle": 0, "axis": "y", "origin": [0.33333, 0, 7.66667]},
			"faces": {
				"north": {"uv": [4, 8, 2.66667, 9.33333], "texture": "#0"},
				"east": {"uv": [3.33333, 8, 4, 9.33333], "texture": "#0"},
				"south": {"uv": [2.66667, 8, 4, 9.33333], "texture": "#0"},
				"west": {"uv": [2.66667, 8, 3.33333, 9.33333], "texture": "#0"},
				"up": {"uv": [2.66667, 8, 4, 8.66667], "texture": "#0"},
				"down": {"uv": [2.66667, 8.66667, 4, 9.33333], "texture": "#0"}
			}
		},
		{
			"name": "titanium_claymore_15",
			"from": [5.66667, 3.33333, 7.66667],
			"to": [6.33333, 8, 8.33333],
			"rotation": {"angle": 0, "axis": "y", "origin": [0.33333, 0, 7.66667]},
			"faces": {
				"north": {"uv": [6, 8, 5.33333, 12.66667], "texture": "#0"},
				"east": {"uv": [5.33333, 8, 6, 12.66667], "texture": "#0"},
				"south": {"uv": [5.33333, 8, 6, 12.66667], "texture": "#0"},
				"west": {"uv": [5.33333, 8, 6, 12.66667], "texture": "#0"},
				"up": {"uv": [5.33333, 8, 6, 8.66667], "texture": "#0"},
				"down": {"uv": [5.33333, 12, 6, 12.66667], "texture": "#0"}
			}
		},
		{
			"name": "titanium_claymore_16",
			"from": [4.33333, 4, 7.66667],
			"to": [5.66667, 7.33333, 8.33333],
			"rotation": {"angle": 0, "axis": "y", "origin": [0.33333, 0, 7.66667]},
			"faces": {
				"north": {"uv": [5.33333, 8.66667, 4, 12], "texture": "#0"},
				"east": {"uv": [4.66667, 8.66667, 5.33333, 12], "texture": "#0"},
				"south": {"uv": [4, 8.66667, 5.33333, 12], "texture": "#0"},
				"west": {"uv": [4, 8.66667, 4.66667, 12], "texture": "#0"},
				"up": {"uv": [4, 8.66667, 5.33333, 9.33333], "texture": "#0"},
				"down": {"uv": [4, 11.33333, 5.33333, 12], "texture": "#0"}
			}
		},
		{
			"name": "titanium_claymore_17",
			"from": [3.66667, 5.33333, 7.66667],
			"to": [4.33333, 6.66667, 8.33333],
			"rotation": {"angle": 0, "axis": "y", "origin": [0.33333, 0, 7.66667]},
			"faces": {
				"north": {"uv": [4, 9.33333, 3.33333, 10.66667], "texture": "#0"},
				"east": {"uv": [3.33333, 9.33333, 4, 10.66667], "texture": "#0"},
				"south": {"uv": [3.33333, 9.33333, 4, 10.66667], "texture": "#0"},
				"west": {"uv": [3.33333, 9.33333, 4, 10.66667], "texture": "#0"},
				"up": {"uv": [3.33333, 9.33333, 4, 10], "texture": "#0"},
				"down": {"uv": [3.33333, 10, 4, 10.66667], "texture": "#0"}
			}
		},
		{
			"name": "titanium_claymore_18",
			"from": [7, 2.66667, 7.66667],
			"to": [7.66667, 5.33333, 8.33333],
			"rotation": {"angle": 0, "axis": "y", "origin": [0.33333, 0, 7.66667]},
			"faces": {
				"north": {"uv": [7.33333, 10.66667, 6.66667, 13.33333], "texture": "#0"},
				"east": {"uv": [6.66667, 10.66667, 7.33333, 13.33333], "texture": "#0"},
				"south": {"uv": [6.66667, 10.66667, 7.33333, 13.33333], "texture": "#0"},
				"west": {"uv": [6.66667, 10.66667, 7.33333, 13.33333], "texture": "#0"},
				"up": {"uv": [6.66667, 10.66667, 7.33333, 11.33333], "texture": "#0"},
				"down": {"uv": [6.66667, 12.66667, 7.33333, 13.33333], "texture": "#0"}
			}
		},
		{
			"name": "titanium_claymore_19",
			"from": [3.66667, 2.66667, 7.66667],
			"to": [4.33333, 4.66667, 8.33333],
			"rotation": {"angle": 0, "axis": "y", "origin": [0.33333, 0, 7.66667]},
			"faces": {
				"north": {"uv": [4, 11.33333, 3.33333, 13.33333], "texture": "#0"},
				"east": {"uv": [3.33333, 11.33333, 4, 13.33333], "texture": "#0"},
				"south": {"uv": [3.33333, 11.33333, 4, 13.33333], "texture": "#0"},
				"west": {"uv": [3.33333, 11.33333, 4, 13.33333], "texture": "#0"},
				"up": {"uv": [3.33333, 11.33333, 4, 12], "texture": "#0"},
				"down": {"uv": [3.33333, 12.66667, 4, 13.33333], "texture": "#0"}
			}
		},
		{
			"name": "titanium_claymore_20",
			"from": [3, 2, 7.66667],
			"to": [3.66667, 4, 8.33333],
			"rotation": {"angle": 0, "axis": "y", "origin": [0.33333, 0, 7.66667]},
			"faces": {
				"north": {"uv": [3.33333, 12, 2.66667, 14], "texture": "#0"},
				"east": {"uv": [2.66667, 12, 3.33333, 14], "texture": "#0"},
				"south": {"uv": [2.66667, 12, 3.33333, 14], "texture": "#0"},
				"west": {"uv": [2.66667, 12, 3.33333, 14], "texture": "#0"},
				"up": {"uv": [2.66667, 12, 3.33333, 12.66667], "texture": "#0"},
				"down": {"uv": [2.66667, 13.33333, 3.33333, 14], "texture": "#0"}
			}
		},
		{
			"name": "titanium_claymore_21",
			"from": [4.33333, 3.33333, 7.66667],
			"to": [5, 4, 8.33333],
			"rotation": {"angle": 0, "axis": "y", "origin": [0.33333, 0, 7.66667]},
			"faces": {
				"north": {"uv": [4.66667, 12, 4, 12.66667], "texture": "#0"},
				"east": {"uv": [4, 12, 4.66667, 12.66667], "texture": "#0"},
				"south": {"uv": [4, 12, 4.66667, 12.66667], "texture": "#0"},
				"west": {"uv": [4, 12, 4.66667, 12.66667], "texture": "#0"},
				"up": {"uv": [4, 12, 4.66667, 12.66667], "texture": "#0"},
				"down": {"uv": [4, 12, 4.66667, 12.66667], "texture": "#0"}
			}
		},
		{
			"name": "titanium_claymore_22",
			"from": [7.66667, 2.66667, 7.66667],
			"to": [8.33333, 4, 8.33333],
			"rotation": {"angle": 0, "axis": "y", "origin": [0.33333, 0, 7.66667]},
			"faces": {
				"north": {"uv": [8, 12, 7.33333, 13.33333], "texture": "#0"},
				"east": {"uv": [7.33333, 12, 8, 13.33333], "texture": "#0"},
				"south": {"uv": [7.33333, 12, 8, 13.33333], "texture": "#0"},
				"west": {"uv": [7.33333, 12, 8, 13.33333], "texture": "#0"},
				"up": {"uv": [7.33333, 12, 8, 12.66667], "texture": "#0"},
				"down": {"uv": [7.33333, 12.66667, 8, 13.33333], "texture": "#0"}
			}
		},
		{
			"name": "titanium_claymore_23",
			"from": [2.33333, 0.66667, 7.66667],
			"to": [3, 3.33333, 8.33333],
			"rotation": {"angle": 0, "axis": "y", "origin": [0.33333, 0, 7.66667]},
			"faces": {
				"north": {"uv": [2.66667, 12.66667, 2, 15.33333], "texture": "#0"},
				"east": {"uv": [2, 12.66667, 2.66667, 15.33333], "texture": "#0"},
				"south": {"uv": [2, 12.66667, 2.66667, 15.33333], "texture": "#0"},
				"west": {"uv": [2, 12.66667, 2.66667, 15.33333], "texture": "#0"},
				"up": {"uv": [2, 12.66667, 2.66667, 13.33333], "texture": "#0"},
				"down": {"uv": [2, 14.66667, 2.66667, 15.33333], "texture": "#0"}
			}
		},
		{
			"name": "titanium_claymore_24",
			"from": [1, 0, 7.66667],
			"to": [2.33333, 2.66667, 8.33333],
			"rotation": {"angle": 0, "axis": "y", "origin": [0.33333, 0, 7.66667]},
			"faces": {
				"north": {"uv": [2, 13.33333, 0.66667, 16], "texture": "#0"},
				"east": {"uv": [1.33333, 13.33333, 2, 16], "texture": "#0"},
				"south": {"uv": [0.66667, 13.33333, 2, 16], "texture": "#0"},
				"west": {"uv": [0.66667, 13.33333, 1.33333, 16], "texture": "#0"},
				"up": {"uv": [0.66667, 13.33333, 2, 14], "texture": "#0"},
				"down": {"uv": [0.66667, 15.33333, 2, 16], "texture": "#0"}
			}
		},
		{
			"name": "titanium_claymore_25",
			"from": [0.33333, 0, 7.66667],
			"to": [1, 2, 8.33333],
			"rotation": {"angle": 0, "axis": "y", "origin": [0.33333, 0, 7.66667]},
			"faces": {
				"north": {"uv": [0.66667, 14, 0, 16], "texture": "#0"},
				"east": {"uv": [0, 14, 0.66667, 16], "texture": "#0"},
				"south": {"uv": [0, 14, 0.66667, 16], "texture": "#0"},
				"west": {"uv": [0, 14, 0.66667, 16], "texture": "#0"},
				"up": {"uv": [0, 14, 0.66667, 14.66667], "texture": "#0"},
				"down": {"uv": [0, 15.33333, 0.66667, 16], "texture": "#0"}
			}
		}
	],
	"gui_light": "front",
	"display": {
		"thirdperson_righthand": {
			"rotation": [0, -90, 50],
			"translation": [0, 4.5, 2.25]
		},
		"thirdperson_lefthand": {
			"rotation": [0, 90, -50],
			"translation": [0, 4.5, 2.25]
		},
		"firstperson_righthand": {
			"rotation": [0, -90, 35],
			"translation": [0.5, 5.5, 2.5],
			"scale": [0.93, 0.93, 0.93]
		},
		"firstperson_lefthand": {
			"rotation": [0, 90, -35],
			"translation": [0.5, 5.5, 2.5],
			"scale": [0.93, 0.93, 0.93]
		},
		"ground": {
			"translation": [0, 3, 0],
			"scale": [0.85, 0.85, 0.85]
		},
		"gui": {
			"translation": [-0.25, 0, 0]
		},
		"fixed": {
			"rotation": [0, 180, 0]
		}
	},
	"groups": [
		{
			"name": "titanium_claymore",
			"origin": [8, 8, 8],
			"color": 0,
			"children": [0, 1, 2, 3, 4, 5, 6, 7, 8, 9, 10, 11, 12, 13, 14, 15, 16, 17, 18, 19, 20, 21, 22, 23, 24, 25]
		}
	]
}