{
	"credit": "Made with Blockbench",
	"textures": {
		"0": "item/bronzeshovel",
		"particle": "item/bronzeshovel"
	},
	"elements": [
		{
			"name": "bronzeshovel_0",
			"from": [10.57143, 7.5, 1.21429],
			"to": [13.57143, 8.5, 6.21429],
			"rotation": {"angle": 0, "axis": "y", "origin": [-0.42857, 7.5, -0.78571]},
			"faces": {
				"north": {"uv": [14, 2, 11, 3], "texture": "#0"},
				"east": {"uv": [13, 2, 14, 7], "rotation": 90, "texture": "#0"},
				"south": {"uv": [11, 6, 14, 7], "texture": "#0"},
				"west": {"uv": [11, 2, 12, 7], "rotation": 270, "texture": "#0"},
				"up": {"uv": [11, 2, 14, 7], "texture": "#0"},
				"down": {"uv": [11, 7, 14, 2], "texture": "#0"}
			}
		},
		{
			"name": "bronzeshovel_1",
			"from": [9.57143, 7.5, 2.21429],
			"to": [10.57143, 8.5, 7.21429],
			"rotation": {"angle": 0, "axis": "y", "origin": [-0.42857, 7.5, -0.78571]},
			"faces": {
				"north": {"uv": [11, 3, 10, 4], "texture": "#0"},
				"east": {"uv": [10, 3, 11, 8], "rotation": 90, "texture": "#0"},
				"south": {"uv": [10, 7, 11, 8], "texture": "#0"},
				"west": {"uv": [10, 3, 11, 8], "rotation": 270, "texture": "#0"},
				"up": {"uv": [10, 3, 11, 8], "texture": "#0"},
				"down": {"uv": [10, 8, 11, 3], "texture": "#0"}
			}
		},
		{
			"name": "bronzeshovel_2",
			"from": [13.57143, 7.5, 2.21429],
			"to": [14.57143, 8.5, 5.21429],
			"rotation": {"angle": 0, "axis": "y", "origin": [-0.42857, 7.5, -0.78571]},
			"faces": {
				"north": {"uv": [15, 3, 14, 4], "texture": "#0"},
				"east": {"uv": [14, 3, 15, 6], "rotation": 90, "texture": "#0"},
				"south": {"uv": [14, 5, 15, 6], "texture": "#0"},
				"west": {"uv": [14, 3, 15, 6], "rotation": 270, "texture": "#0"},
				"up": {"uv": [14, 3, 15, 6], "texture": "#0"},
				"down": {"uv": [14, 6, 15, 3], "texture": "#0"}
			}
		},
		{
			"name": "bronzeshovel_3",
			"from": [8.57143, 7.5, 3.21429],
			"to": [9.57143, 8.5, 8.21429],
			"rotation": {"angle": 0, "axis": "y", "origin": [-0.42857, 7.5, -0.78571]},
			"faces": {
				"north": {"uv": [10, 4, 9, 5], "texture": "#0"},
				"east": {"uv": [9, 4, 10, 9], "rotation": 90, "texture": "#0"},
				"south": {"uv": [9, 8, 10, 9], "texture": "#0"},
				"west": {"uv": [9, 4, 10, 9], "rotation": 270, "texture": "#0"},
				"up": {"uv": [9, 4, 10, 9], "texture": "#0"},
				"down": {"uv": [9, 9, 10, 4], "texture": "#0"}
			}
		},
		{
			"name": "bronzeshovel_4",
			"from": [7.57143, 7.5, 4.21429],
			"to": [8.57143, 8.5, 5.21429],
			"rotation": {"angle": 0, "axis": "y", "origin": [-0.42857, 7.5, -0.78571]},
			"faces": {
				"north": {"uv": [9, 5, 8, 6], "texture": "#0"},
				"east": {"uv": [8, 5, 9, 6], "rotation": 90, "texture": "#0"},
				"south": {"uv": [8, 5, 9, 6], "texture": "#0"},
				"west": {"uv": [8, 5, 9, 6], "rotation": 270, "texture": "#0"},
				"up": {"uv": [8, 5, 9, 6], "texture": "#0"},
				"down": {"uv": [8, 6, 9, 5], "texture": "#0"}
			}
		},
		{
			"name": "bronzeshovel_5",
			"from": [7.57143, 7.5, 6.21429],
			"to": [8.57143, 8.5, 9.21429],
			"rotation": {"angle": 0, "axis": "y", "origin": [-0.42857, 7.5, -0.78571]},
			"faces": {
				"north": {"uv": [9, 7, 8, 8], "texture": "#0"},
				"east": {"uv": [8, 7, 9, 10], "rotation": 90, "texture": "#0"},
				"south": {"uv": [8, 9, 9, 10], "texture": "#0"},
				"west": {"uv": [8, 7, 9, 10], "rotation": 270, "texture": "#0"},
				"up": {"uv": [8, 7, 9, 10], "texture": "#0"},
				"down": {"uv": [8, 10, 9, 7], "texture": "#0"}
			}
		},
		{
			"name": "bronzeshovel_6",
			"from": [10.57143, 7.5, 6.21429],
			"to": [12.57143, 8.5, 7.21429],
			"rotation": {"angle": 0, "axis": "y", "origin": [-0.42857, 7.5, -0.78571]},
			"faces": {
				"north": {"uv": [13, 7, 11, 8], "texture": "#0"},
				"east": {"uv": [12, 7, 13, 8], "rotation": 90, "texture": "#0"},
				"south": {"uv": [11, 7, 13, 8], "texture": "#0"},
				"west": {"uv": [11, 7, 12, 8], "rotation": 270, "texture": "#0"},
				"up": {"uv": [11, 7, 13, 8], "texture": "#0"},
				"down": {"uv": [11, 8, 13, 7], "texture": "#0"}
			}
		},
		{
			"name": "bronzeshovel_7",
			"from": [6.57143, 7.5, 7.21429],
			"to": [7.57143, 8.5, 10.21429],
			"rotation": {"angle": 0, "axis": "y", "origin": [-0.42857, 7.5, -0.78571]},
			"faces": {
				"north": {"uv": [8, 8, 7, 9], "texture": "#0"},
				"east": {"uv": [7, 8, 8, 11], "rotation": 90, "texture": "#0"},
				"south": {"uv": [7, 10, 8, 11], "texture": "#0"},
				"west": {"uv": [7, 8, 8, 11], "rotation": 270, "texture": "#0"},
				"up": {"uv": [7, 8, 8, 11], "texture": "#0"},
				"down": {"uv": [7, 11, 8, 8], "texture": "#0"}
			}
		},
		{
			"name": "bronzeshovel_8",
			"from": [10.57143, 7.5, 7.21429],
			"to": [11.57143, 8.5, 8.21429],
			"rotation": {"angle": 0, "axis": "y", "origin": [-0.42857, 7.5, -0.78571]},
			"faces": {
				"north": {"uv": [12, 8, 11, 9], "texture": "#0"},
				"east": {"uv": [11, 8, 12, 9], "rotation": 90, "texture": "#0"},
				"south": {"uv": [11, 8, 12, 9], "texture": "#0"},
				"west": {"uv": [11, 8, 12, 9], "rotation": 270, "texture": "#0"},
				"up": {"uv": [11, 8, 12, 9], "texture": "#0"},
				"down": {"uv": [11, 9, 12, 8], "texture": "#0"}
			}
		},
		{
			"name": "bronzeshovel_9",
			"from": [5.57143, 7.5, 8.21429],
			"to": [6.57143, 8.5, 11.21429],
			"rotation": {"angle": 0, "axis": "y", "origin": [-0.42857, 7.5, -0.78571]},
			"faces": {
				"north": {"uv": [7, 9, 6, 10], "texture": "#0"},
				"east": {"uv": [6, 9, 7, 12], "rotation": 90, "texture": "#0"},
				"south": {"uv": [6, 11, 7, 12], "texture": "#0"},
				"west": {"uv": [6, 9, 7, 12], "rotation": 270, "texture": "#0"},
				"up": {"uv": [6, 9, 7, 12], "texture": "#0"},
				"down": {"uv": [6, 12, 7, 9], "texture": "#0"}
			}
		},
		{
			"name": "bronzeshovel_10",
			"from": [4.57143, 7.5, 9.21429],
			"to": [5.57143, 8.5, 12.21429],
			"rotation": {"angle": 0, "axis": "y", "origin": [-0.42857, 7.5, -0.78571]},
			"faces": {
				"north": {"uv": [6, 10, 5, 11], "texture": "#0"},
				"east": {"uv": [5, 10, 6, 13], "rotation": 90, "texture": "#0"},
				"south": {"uv": [5, 12, 6, 13], "texture": "#0"},
				"west": {"uv": [5, 10, 6, 13], "rotation": 270, "texture": "#0"},
				"up": {"uv": [5, 10, 6, 13], "texture": "#0"},
				"down": {"uv": [5, 13, 6, 10], "texture": "#0"}
			}
		},
		{
			"name": "bronzeshovel_11",
			"from": [3.57143, 7.5, 10.21429],
			"to": [4.57143, 8.5, 14.21429],
			"rotation": {"angle": 0, "axis": "y", "origin": [-0.42857, 7.5, -0.78571]},
			"faces": {
				"north": {"uv": [5, 11, 4, 12], "texture": "#0"},
				"east": {"uv": [4, 11, 5, 15], "rotation": 90, "texture": "#0"},
				"south": {"uv": [4, 14, 5, 15], "texture": "#0"},
				"west": {"uv": [4, 11, 5, 15], "rotation": 270, "texture": "#0"},
				"up": {"uv": [4, 11, 5, 15], "texture": "#0"},
				"down": {"uv": [4, 15, 5, 11], "texture": "#0"}
			}
		},
		{
			"name": "bronzeshovel_12",
			"from": [1.57143, 7.5, 11.21429],
			"to": [3.57143, 8.5, 13.21429],
			"rotation": {"angle": 0, "axis": "y", "origin": [-0.42857, 7.5, -0.78571]},
			"faces": {
				"north": {"uv": [4, 12, 2, 13], "texture": "#0"},
				"east": {"uv": [3, 12, 4, 14], "rotation": 90, "texture": "#0"},
				"south": {"uv": [2, 13, 4, 14], "texture": "#0"},
				"west": {"uv": [2, 12, 3, 14], "rotation": 270, "texture": "#0"},
				"up": {"uv": [2, 12, 4, 14], "texture": "#0"},
				"down": {"uv": [2, 14, 4, 12], "texture": "#0"}
			}
		},
		{
			"name": "bronzeshovel_13",
			"from": [2.57143, 7.5, 13.21429],
			"to": [3.57143, 8.5, 14.21429],
			"rotation": {"angle": 0, "axis": "y", "origin": [-0.42857, 7.5, -0.78571]},
			"faces": {
				"north": {"uv": [4, 14, 3, 15], "texture": "#0"},
				"east": {"uv": [3, 14, 4, 15], "rotation": 90, "texture": "#0"},
				"south": {"uv": [3, 14, 4, 15], "texture": "#0"},
				"west": {"uv": [3, 14, 4, 15], "rotation": 270, "texture": "#0"},
				"up": {"uv": [3, 14, 4, 15], "texture": "#0"},
				"down": {"uv": [3, 15, 4, 14], "texture": "#0"}
			}
		}
	],
	"gui_light": "front",
	"display": {
		"thirdperson_righthand": {
			"rotation": [43, 0, 90],
			"translation": [0, 0.75, 1.25],
			"scale": [0.75, 0.75, 0.75]
		},
		"thirdperson_lefthand": {
			"rotation": [43, 0, -90],
			"translation": [0, 0.75, 1.25],
			"scale": [0.75, 0.75, 0.75]
		},
		"firstperson_righthand": {
			"rotation": [-21, 0, 90],
			"translation": [-2.25, 6, 5],
			"scale": [0.5, 0.5, 0.5]
		},
		"firstperson_lefthand": {
			"rotation": [-21, 0, -90],
			"translation": [-2.25, 6, 5],
			"scale": [0.5, 0.5, 0.5]
		},
		"ground": {
			"rotation": [-90, 0, 0],
			"translation": [0, 2.5, 0],
			"scale": [0.55, 0.55, 0.55]
		},
		"gui": {
			"rotation": [90, 0, 0],
			"translation": [0, -0.5, 0],
			"scale": [0.99, 0.99, 0.99]
		},
		"fixed": {
			"rotation": [90, 0, 0],
			"translation": [0.25, -0.25, -0.5]
		}
	},
	"groups": [
		{
			"name": "bronzeshovel",
			"origin": [8, 8, 8],
			"color": 0,
			"children": [0, 1, 2, 3, 4, 5, 6, 7, 8, 9, 10, 11, 12, 13]
		}
	]
}