{
	"credit": "Made with Blockbench",
	"textures": {
		"0": "item/brownalgae",
		"particle": "item/brownalgae"
	},
	"elements": [
		{
			"name": "brownalgae_0",
			"from": [7.25, 7.5, -0.15],
			"to": [12.25, 8.5, 12.85],
			"rotation": {"angle": 0, "axis": "y", "origin": [0.25, 7.5, -1.15]},
			"faces": {
				"north": {"uv": [12, 1, 7, 2], "texture": "#0"},
				"east": {"uv": [11, 1, 12, 14], "rotation": 90, "texture": "#0"},
				"south": {"uv": [7, 13, 12, 14], "texture": "#0"},
				"west": {"uv": [7, 1, 8, 14], "rotation": 270, "texture": "#0"},
				"up": {"uv": [7, 1, 12, 14], "texture": "#0"},
				"down": {"uv": [7, 14, 12, 1], "texture": "#0"}
			}
		},
		{
			"name": "brownalgae_1",
			"from": [6.25, 7.5, 0.85],
			"to": [7.25, 8.5, 13.85],
			"rotation": {"angle": 0, "axis": "y", "origin": [0.25, 7.5, -1.15]},
			"faces": {
				"north": {"uv": [7, 2, 6, 3], "texture": "#0"},
				"east": {"uv": [6, 2, 7, 15], "rotation": 90, "texture": "#0"},
				"south": {"uv": [6, 14, 7, 15], "texture": "#0"},
				"west": {"uv": [6, 2, 7, 15], "rotation": 270, "texture": "#0"},
				"up": {"uv": [6, 2, 7, 15], "texture": "#0"},
				"down": {"uv": [6, 15, 7, 2], "texture": "#0"}
			}
		},
		{
			"name": "brownalgae_2",
			"from": [12.25, 7.5, 0.85],
			"to": [13.25, 8.5, 11.85],
			"rotation": {"angle": 0, "axis": "y", "origin": [0.25, 7.5, -1.15]},
			"faces": {
				"north": {"uv": [13, 2, 12, 3], "texture": "#0"},
				"east": {"uv": [12, 2, 13, 13], "rotation": 90, "texture": "#0"},
				"south": {"uv": [12, 12, 13, 13], "texture": "#0"},
				"west": {"uv": [12, 2, 13, 13], "rotation": 270, "texture": "#0"},
				"up": {"uv": [12, 2, 13, 13], "texture": "#0"},
				"down": {"uv": [12, 13, 13, 2], "texture": "#0"}
			}
		},
		{
			"name": "brownalgae_3",
			"from": [5.25, 7.5, 1.85],
			"to": [6.25, 8.5, 13.85],
			"rotation": {"angle": 0, "axis": "y", "origin": [0.25, 7.5, -1.15]},
			"faces": {
				"north": {"uv": [6, 3, 5, 4], "texture": "#0"},
				"east": {"uv": [5, 3, 6, 15], "rotation": 90, "texture": "#0"},
				"south": {"uv": [5, 14, 6, 15], "texture": "#0"},
				"west": {"uv": [5, 3, 6, 15], "rotation": 270, "texture": "#0"},
				"up": {"uv": [5, 3, 6, 15], "texture": "#0"},
				"down": {"uv": [5, 15, 6, 3], "texture": "#0"}
			}
		},
		{
			"name": "brownalgae_4",
			"from": [13.25, 7.5, 1.85],
			"to": [14.25, 8.5, 9.85],
			"rotation": {"angle": 0, "axis": "y", "origin": [0.25, 7.5, -1.15]},
			"faces": {
				"north": {"uv": [14, 3, 13, 4], "texture": "#0"},
				"east": {"uv": [13, 3, 14, 11], "rotation": 90, "texture": "#0"},
				"south": {"uv": [13, 10, 14, 11], "texture": "#0"},
				"west": {"uv": [13, 3, 14, 11], "rotation": 270, "texture": "#0"},
				"up": {"uv": [13, 3, 14, 11], "texture": "#0"},
				"down": {"uv": [13, 11, 14, 3], "texture": "#0"}
			}
		},
		{
			"name": "brownalgae_5",
			"from": [3.25, 7.5, 2.85],
			"to": [5.25, 8.5, 13.85],
			"rotation": {"angle": 0, "axis": "y", "origin": [0.25, 7.5, -1.15]},
			"faces": {
				"north": {"uv": [5, 4, 3, 5], "texture": "#0"},
				"east": {"uv": [4, 4, 5, 15], "rotation": 90, "texture": "#0"},
				"south": {"uv": [3, 14, 5, 15], "texture": "#0"},
				"west": {"uv": [3, 4, 4, 15], "rotation": 270, "texture": "#0"},
				"up": {"uv": [3, 4, 5, 15], "texture": "#0"},
				"down": {"uv": [3, 15, 5, 4], "texture": "#0"}
			}
		},
		{
			"name": "brownalgae_6",
			"from": [2.25, 7.5, 3.85],
			"to": [3.25, 8.5, 12.85],
			"rotation": {"angle": 0, "axis": "y", "origin": [0.25, 7.5, -1.15]},
			"faces": {
				"north": {"uv": [3, 5, 2, 6], "texture": "#0"},
				"east": {"uv": [2, 5, 3, 14], "rotation": 90, "texture": "#0"},
				"south": {"uv": [2, 13, 3, 14], "texture": "#0"},
				"west": {"uv": [2, 5, 3, 14], "rotation": 270, "texture": "#0"},
				"up": {"uv": [2, 5, 3, 14], "texture": "#0"},
				"down": {"uv": [2, 14, 3, 5], "texture": "#0"}
			}
		},
		{
			"name": "brownalgae_7",
			"from": [14.25, 7.5, 4.85],
			"to": [15.25, 8.5, 8.85],
			"rotation": {"angle": 0, "axis": "y", "origin": [0.25, 7.5, -1.15]},
			"faces": {
				"north": {"uv": [15, 6, 14, 7], "texture": "#0"},
				"east": {"uv": [14, 6, 15, 10], "rotation": 90, "texture": "#0"},
				"south": {"uv": [14, 9, 15, 10], "texture": "#0"},
				"west": {"uv": [14, 6, 15, 10], "rotation": 270, "texture": "#0"},
				"up": {"uv": [14, 6, 15, 10], "texture": "#0"},
				"down": {"uv": [14, 10, 15, 6], "texture": "#0"}
			}
		},
		{
			"name": "brownalgae_8",
			"from": [1.25, 7.5, 7.85],
			"to": [2.25, 8.5, 10.85],
			"rotation": {"angle": 0, "axis": "y", "origin": [0.25, 7.5, -1.15]},
			"faces": {
				"north": {"uv": [2, 9, 1, 10], "texture": "#0"},
				"east": {"uv": [1, 9, 2, 12], "rotation": 90, "texture": "#0"},
				"south": {"uv": [1, 11, 2, 12], "texture": "#0"},
				"west": {"uv": [1, 9, 2, 12], "rotation": 270, "texture": "#0"},
				"up": {"uv": [1, 9, 2, 12], "texture": "#0"},
				"down": {"uv": [1, 12, 2, 9], "texture": "#0"}
			}
		},
		{
			"name": "brownalgae_9",
			"from": [7.25, 7.5, 12.85],
			"to": [8.25, 8.5, 13.85],
			"rotation": {"angle": 0, "axis": "y", "origin": [0.25, 7.5, -1.15]},
			"faces": {
				"north": {"uv": [8, 14, 7, 15], "texture": "#0"},
				"east": {"uv": [7, 14, 8, 15], "rotation": 90, "texture": "#0"},
				"south": {"uv": [7, 14, 8, 15], "texture": "#0"},
				"west": {"uv": [7, 14, 8, 15], "rotation": 270, "texture": "#0"},
				"up": {"uv": [7, 14, 8, 15], "texture": "#0"},
				"down": {"uv": [7, 15, 8, 14], "texture": "#0"}
			}
		}
	],
	"gui_light": "front",
	"display": {
		"thirdperson_righthand": {
			"rotation": [93, 0, 0],
			"translation": [0, 0.75, 0.75],
			"scale": [0.31, 0.31, 0.31]
		},
		"thirdperson_lefthand": {
			"rotation": [93, 0, 0],
			"translation": [0, 0.75, 0.75],
			"scale": [0.31, 0.31, 0.31]
		},
		"firstperson_righthand": {
			"rotation": [95, -3, 35],
			"translation": [-2.75, 5, 5.25],
			"scale": [0.31, 0.31, 0.31]
		},
		"firstperson_lefthand": {
			"rotation": [95, -3, 35],
			"translation": [-2.75, 5, 5.25],
			"scale": [0.31, 0.31, 0.31]
		},
		"ground": {
			"rotation": [90, 0, 0],
			"scale": [0.32, 0.32, 0.32]
		},
		"gui": {
			"rotation": [90, 0, 0],
			"translation": [0, -1.25, 0]
		},
		"fixed": {
			"rotation": [90, 0, 0],
			"translation": [0, -1, 0]
		}
	},
	"groups": [
		{
			"name": "brownalgae",
			"origin": [8, 8, 8],
			"color": 0,
			"children": [0, 1, 2, 3, 4, 5, 6, 7, 8, 9]
		}
	]
}