{
	"credit": "Made with Blockbench",
	"textures": {
		"1": "block/anvil",
		"particle": "block/iron_block"
	},
	"elements": [
		{
			"from": [6.36538, 7.00661, 7.83654],
			"to": [7.11538, 7.44411, 8.08654],
			"rotation": {"angle": 0, "axis": "y", "origin": [-0.13462, 7.06911, 0.46154]},
			"faces": {
				"north": {"uv": [7, 0, 7.75, 1.4375], "texture": "#1"},
				"east": {"uv": [7, 0, 7.75, 1.4375], "texture": "#1"},
				"south": {"uv": [7, 0, 7.75, 1.4375], "texture": "#1"},
				"west": {"uv": [7, 0, 7.75, 1.4375], "texture": "#1"},
				"up": {"uv": [7, 0, 7.75, 1.4375], "texture": "#1"},
				"down": {"uv": [7, 0, 7.75, 1.4375], "texture": "#1"}
			}
		},
		{
			"from": [4.99038, 7.19411, 7.58654],
			"to": [6.11538, 8.13161, 8.33654],
			"rotation": {"angle": 22.5, "axis": "z", "origin": [5.24038, 8.00661, 7.96154]},
			"faces": {
				"north": {"uv": [3, 0, 4, 1], "texture": "#1"},
				"east": {"uv": [3, 0, 4, 1], "texture": "#1"},
				"south": {"uv": [3, 0, 4, 1], "texture": "#1"},
				"west": {"uv": [3, 0, 4, 1], "texture": "#1"},
				"up": {"uv": [3, 0, 4, 1], "texture": "#1"},
				"down": {"uv": [3, 0, 4, 1], "texture": "#1"}
			}
		},
		{
			"from": [3.61538, 7.19411, 7.57091],
			"to": [5.11538, 8.19411, 8.35216],
			"rotation": {"angle": 45, "axis": "z", "origin": [5.24038, 8.00661, 7.96154]},
			"faces": {
				"north": {"uv": [3, 0, 4, 1], "texture": "#1"},
				"east": {"uv": [3, 0, 4, 1], "texture": "#1"},
				"south": {"uv": [3, 0, 4, 1], "texture": "#1"},
				"west": {"uv": [3, 0, 4, 1], "texture": "#1"},
				"up": {"uv": [3, 0, 4, 1], "texture": "#1"},
				"down": {"uv": [3, 0, 4, 1], "texture": "#1"}
			}
		},
		{
			"from": [0.55288, 6.38161, 7.52404],
			"to": [4.74038, 7.69411, 8.39904],
			"rotation": {"angle": 0, "axis": "y", "origin": [-0.13462, 7.06911, 0.46154]},
			"faces": {
				"north": {"uv": [3, 0, 4, 1], "texture": "#1"},
				"east": {"uv": [3, 0, 4, 1], "texture": "#1"},
				"south": {"uv": [3, 0, 4, 1], "texture": "#1"},
				"west": {"uv": [3, 0, 4, 1], "texture": "#1"},
				"up": {"uv": [3, 0, 4, 1], "texture": "#1"},
				"down": {"uv": [3, 0, 4, 1], "texture": "#1"}
			}
		},
		{
			"from": [0.61538, 6.06911, 7.64904],
			"to": [3.86538, 6.44411, 8.27404],
			"rotation": {"angle": 0, "axis": "y", "origin": [-0.13462, 7.06911, 0.46154]},
			"faces": {
				"north": {"uv": [3, 0, 4, 1], "texture": "#1"},
				"east": {"uv": [3, 0, 4, 1], "texture": "#1"},
				"south": {"uv": [3, 0, 4, 1], "texture": "#1"},
				"west": {"uv": [3, 0, 4, 1], "texture": "#1"},
				"up": {"uv": [3, 0, 4, 1], "texture": "#1"},
				"down": {"uv": [3, 0, 4, 1], "texture": "#1"}
			}
		},
		{
			"from": [1.11538, 7.44411, 7.46154],
			"to": [3.74038, 7.81911, 8.46154],
			"rotation": {"angle": 0, "axis": "y", "origin": [-0.13462, 7.06911, 0.46154]},
			"faces": {
				"north": {"uv": [0, 0, 2, 1], "texture": "#1"},
				"east": {"uv": [0, 0, 2, 1], "texture": "#1"},
				"south": {"uv": [0, 0, 2, 1], "texture": "#1"},
				"west": {"uv": [0, 0, 2, 1], "texture": "#1"},
				"up": {"uv": [0, 0, 2, 1], "texture": "#1"},
				"down": {"uv": [0, 0, 2, 1], "texture": "#1"}
			}
		},
		{
			"from": [5.99038, 7.44411, 7.57091],
			"to": [9.30288, 8.56911, 8.35216],
			"rotation": {"angle": 0, "axis": "y", "origin": [-0.13462, 7.06911, 0.46154]},
			"faces": {
				"north": {"uv": [3, 0, 4, 2], "rotation": 180, "texture": "#1"},
				"east": {"uv": [3, 1, 4, 2], "texture": "#1"},
				"south": {"uv": [3, 0, 4, 2], "rotation": 180, "texture": "#1"},
				"west": {"uv": [3, 1, 4, 2], "texture": "#1"},
				"up": {"uv": [3, 1, 4, 2], "texture": "#1"},
				"down": {"uv": [3, 0, 4, 1], "texture": "#1"}
			}
		},
		{
			"from": [9.30288, 7.94411, 7.57091],
			"to": [10.86538, 8.56911, 8.35216],
			"rotation": {"angle": 0, "axis": "y", "origin": [-0.13462, 7.06911, 0.46154]},
			"faces": {
				"north": {"uv": [2, 0, 3, 2], "rotation": 180, "texture": "#1"},
				"east": {"uv": [2, 0, 3, 1], "texture": "#1"},
				"south": {"uv": [3, 0, 4, 2], "rotation": 180, "texture": "#1"},
				"west": {"uv": [2, 0, 3, 1], "texture": "#1"},
				"up": {"uv": [4, 1, 5, 2], "texture": "#1"},
				"down": {"uv": [2, 0, 3, 1], "texture": "#1"}
			}
		},
		{
			"from": [9.30288, 7.50661, 7.75841],
			"to": [10.86538, 7.94411, 8.16466],
			"rotation": {"angle": 0, "axis": "y", "origin": [-0.13462, 7.06911, 0.46154]},
			"faces": {
				"north": {"uv": [7, 1, 8, 2], "texture": "#1"},
				"east": {"uv": [7, 1, 8, 2], "texture": "#1"},
				"south": {"uv": [7, 1, 8, 2], "texture": "#1"},
				"west": {"uv": [7, 1, 8, 2], "texture": "#1"},
				"up": {"uv": [7, 1, 8, 2], "texture": "#1"},
				"down": {"uv": [7, 1, 8, 2], "texture": "#1"}
			}
		},
		{
			"from": [9.30288, 7.44411, 7.69591],
			"to": [10.86538, 7.50661, 8.22716],
			"rotation": {"angle": 0, "axis": "y", "origin": [-0.13462, 7.06911, 0.46154]},
			"faces": {
				"north": {"uv": [2, 0, 3, 1], "texture": "#1"},
				"east": {"uv": [2, 0, 3, 1], "texture": "#1"},
				"south": {"uv": [2, 0, 3, 1], "texture": "#1"},
				"west": {"uv": [2, 0, 3, 1], "texture": "#1"},
				"up": {"uv": [2, 0, 3, 1], "texture": "#1"},
				"down": {"uv": [2, 0, 3, 1], "texture": "#1"}
			}
		},
		{
			"from": [10.86538, 7.63161, 7.68029],
			"to": [13.42788, 8.00661, 8.25841],
			"rotation": {"angle": 0, "axis": "y", "origin": [-0.13462, 7.06911, 0.46154]},
			"faces": {
				"north": {"uv": [5, 0, 6, 1], "texture": "#1"},
				"east": {"uv": [5, 0, 6, 1], "texture": "#1"},
				"south": {"uv": [5, 0, 6, 1], "texture": "#1"},
				"west": {"uv": [5, 0, 6, 1], "texture": "#1"},
				"up": {"uv": [5, 0, 6, 1], "texture": "#1"},
				"down": {"uv": [5, 0, 6, 1], "texture": "#1"}
			}
		},
		{
			"from": [10.86538, 7.31911, 7.75841],
			"to": [13.42788, 7.63161, 8.16466],
			"rotation": {"angle": 0, "axis": "y", "origin": [-0.13462, 7.06911, 0.46154]},
			"faces": {
				"north": {"uv": [2, 0, 3, 1], "texture": "#1"},
				"east": {"uv": [2, 0, 3, 1], "texture": "#1"},
				"south": {"uv": [2, 0, 3, 1], "texture": "#1"},
				"west": {"uv": [2, 0, 3, 1], "texture": "#1"},
				"up": {"uv": [2, 0, 3, 1], "texture": "#1"},
				"down": {"uv": [2, 0, 3, 1], "texture": "#1"}
			}
		},
		{
			"from": [10.92788, 7.63161, 7.63341],
			"to": [11.55288, 7.88161, 8.35216],
			"rotation": {"angle": 0, "axis": "y", "origin": [-0.13462, 7.06911, 0.46154]},
			"faces": {
				"north": {"uv": [2, 0, 3, 1], "texture": "#1"},
				"east": {"uv": [2, 0, 3, 1], "texture": "#1"},
				"south": {"uv": [2, 0, 3, 1], "texture": "#1"},
				"west": {"uv": [2, 0, 3, 1], "texture": "#1"},
				"up": {"uv": [2, 0, 3, 1], "texture": "#1"},
				"down": {"uv": [2, 0, 3, 1], "texture": "#1"}
			}
		},
		{
			"from": [13.11538, 7.63161, 7.63341],
			"to": [13.74038, 8.06911, 8.28966],
			"rotation": {"angle": 0, "axis": "y", "origin": [-0.13462, 7.06911, 0.46154]},
			"faces": {
				"north": {"uv": [2, 0, 3, 1], "texture": "#1"},
				"east": {"uv": [2, 0, 3, 1], "texture": "#1"},
				"south": {"uv": [2, 0, 3, 1], "texture": "#1"},
				"west": {"uv": [2, 0, 3, 1], "texture": "#1"},
				"up": {"uv": [2, 0, 3, 1], "texture": "#1"},
				"down": {"uv": [2, 0, 3, 1], "texture": "#1"}
			}
		},
		{
			"from": [13.42788, 7.25661, 7.69591],
			"to": [14.11538, 7.63161, 8.22716],
			"rotation": {"angle": 0, "axis": "y", "origin": [-0.13462, 7.06911, 0.46154]},
			"faces": {
				"north": {"uv": [2, 0, 3, 1], "texture": "#1"},
				"east": {"uv": [2, 0, 3, 1], "texture": "#1"},
				"south": {"uv": [2, 0, 3, 1], "texture": "#1"},
				"west": {"uv": [2, 0, 3, 1], "texture": "#1"},
				"up": {"uv": [2, 0, 3, 1], "texture": "#1"},
				"down": {"uv": [2, 0, 3, 1], "texture": "#1"}
			}
		},
		{
			"from": [10.86538, 7.31911, 7.66466],
			"to": [11.42788, 7.63161, 8.25841],
			"rotation": {"angle": 0, "axis": "y", "origin": [-0.13462, 7.06911, 0.46154]},
			"faces": {
				"north": {"uv": [2, 0, 3, 1], "texture": "#1"},
				"east": {"uv": [2, 0, 3, 1], "texture": "#1"},
				"south": {"uv": [2, 0, 3, 1], "texture": "#1"},
				"west": {"uv": [2, 0, 3, 1], "texture": "#1"},
				"up": {"uv": [2, 0, 3, 1], "texture": "#1"},
				"down": {"uv": [2, 0, 3, 1], "texture": "#1"}
			}
		},
		{
			"from": [10.86538, 8.00661, 7.69591],
			"to": [11.11538, 8.50661, 8.28966],
			"rotation": {"angle": 0, "axis": "y", "origin": [-0.13462, 7.06911, 0.46154]},
			"faces": {
				"north": {"uv": [2, 0, 3, 1], "texture": "#1"},
				"east": {"uv": [2, 0, 3, 1], "texture": "#1"},
				"south": {"uv": [2, 0, 3, 1], "texture": "#1"},
				"west": {"uv": [2, 0, 3, 1], "texture": "#1"},
				"up": {"uv": [2, 0, 3, 1], "texture": "#1"},
				"down": {"uv": [2, 0, 3, 1], "texture": "#1"}
			}
		},
		{
			"from": [13.49038, 7.44411, 7.80529],
			"to": [14.99038, 7.75661, 8.13341],
			"rotation": {"angle": 0, "axis": "y", "origin": [-0.13462, 7.06911, 0.46154]},
			"faces": {
				"north": {"uv": [5, 0, 6, 1], "texture": "#1"},
				"east": {"uv": [5, 0, 6, 1], "texture": "#1"},
				"south": {"uv": [5, 0, 6, 1], "texture": "#1"},
				"west": {"uv": [5, 0, 6, 1], "texture": "#1"},
				"up": {"uv": [5, 0, 6, 1], "texture": "#1"},
				"down": {"uv": [5, 0, 6, 1], "texture": "#1"}
			}
		},
		{
			"from": [14.99038, 7.50661, 7.86779],
			"to": [15.05288, 7.69411, 8.07091],
			"rotation": {"angle": 0, "axis": "y", "origin": [-0.13462, 7.06911, 0.46154]},
			"faces": {
				"north": {"uv": [5, 0, 6, 1], "texture": "#1"},
				"east": {"uv": [5, 0, 6, 1], "texture": "#1"},
				"south": {"uv": [5, 0, 6, 1], "texture": "#1"},
				"west": {"uv": [5, 0, 6, 1], "texture": "#1"},
				"up": {"uv": [5, 0, 6, 1], "texture": "#1"},
				"down": {"uv": [5, 0, 6, 1], "texture": "#1"}
			}
		},
		{
			"from": [14.36538, 7.75661, 7.86779],
			"to": [14.74038, 8.13161, 8.07091],
			"rotation": {"angle": 0, "axis": "y", "origin": [-0.13462, 7.06911, 0.46154]},
			"faces": {
				"north": {"uv": [5, 0, 6, 1], "texture": "#1"},
				"east": {"uv": [5, 0, 6, 1], "texture": "#1"},
				"south": {"uv": [5, 0, 6, 1], "texture": "#1"},
				"west": {"uv": [5, 0, 6, 1], "texture": "#1"},
				"up": {"uv": [5, 0, 6, 1], "texture": "#1"},
				"down": {"uv": [5, 0, 6, 1], "texture": "#1"}
			}
		},
		{
			"from": [14.30288, 7.38161, 7.74279],
			"to": [14.80288, 7.81911, 8.19591],
			"rotation": {"angle": 0, "axis": "y", "origin": [-0.13462, 7.06911, 0.46154]},
			"faces": {
				"north": {"uv": [5, 0, 6, 1], "texture": "#1"},
				"east": {"uv": [5, 0, 6, 1], "texture": "#1"},
				"south": {"uv": [5, 0, 6, 1], "texture": "#1"},
				"west": {"uv": [5, 0, 6, 1], "texture": "#1"},
				"up": {"uv": [5, 0, 6, 1], "texture": "#1"},
				"down": {"uv": [5, 0, 6, 1], "texture": "#1"}
			}
		},
		{
			"from": [10.86538, 8.50661, 7.88341],
			"to": [14.42788, 8.56911, 8.03966],
			"rotation": {"angle": 0, "axis": "y", "origin": [-0.13462, 7.06911, 0.46154]},
			"faces": {
				"north": {"uv": [6, 1, 7, 2], "texture": "#1"},
				"east": {"uv": [6, 1, 7, 2], "texture": "#1"},
				"south": {"uv": [6, 1, 7, 2], "texture": "#1"},
				"west": {"uv": [6, 1, 7, 2], "texture": "#1"},
				"up": {"uv": [6, 1, 7, 2], "texture": "#1"},
				"down": {"uv": [6, 1, 7, 2], "texture": "#1"}
			}
		},
		{
			"from": [14.42788, 8.44411, 7.88341],
			"to": [15.05288, 8.56911, 8.03966],
			"rotation": {"angle": 0, "axis": "y", "origin": [-0.13462, 7.06911, 0.46154]},
			"faces": {
				"north": {"uv": [6, 1, 7, 2], "texture": "#1"},
				"east": {"uv": [6, 1, 7, 2], "texture": "#1"},
				"south": {"uv": [6, 1, 7, 2], "texture": "#1"},
				"west": {"uv": [6, 1, 7, 2], "texture": "#1"},
				"up": {"uv": [6, 1, 7, 2], "texture": "#1"},
				"down": {"uv": [6, 1, 7, 2], "texture": "#1"}
			}
		},
		{
			"from": [14.61538, 8.56911, 7.88341],
			"to": [15.05288, 8.63161, 8.03966],
			"rotation": {"angle": 0, "axis": "y", "origin": [-0.13462, 7.06911, 0.46154]},
			"faces": {
				"north": {"uv": [6, 1, 7, 2], "texture": "#1"},
				"east": {"uv": [6, 1, 7, 2], "texture": "#1"},
				"south": {"uv": [6, 1, 7, 2], "texture": "#1"},
				"west": {"uv": [6, 1, 7, 2], "texture": "#1"},
				"up": {"uv": [6, 1, 7, 2], "texture": "#1"},
				"down": {"uv": [6, 1, 7, 2], "texture": "#1"}
			}
		},
		{
			"from": [14.80288, 8.63161, 7.91466],
			"to": [15.05288, 8.69411, 8.00841],
			"rotation": {"angle": 0, "axis": "y", "origin": [-0.13462, 7.06911, 0.46154]},
			"faces": {
				"north": {"uv": [6, 1, 7, 2], "texture": "#1"},
				"east": {"uv": [6, 1, 7, 2], "texture": "#1"},
				"south": {"uv": [6, 1, 7, 2], "texture": "#1"},
				"west": {"uv": [6, 1, 7, 2], "texture": "#1"},
				"up": {"uv": [6, 1, 7, 2], "texture": "#1"},
				"down": {"uv": [6, 1, 7, 2], "texture": "#1"}
			}
		},
		{
			"from": [13.17788, 8.44411, 7.88341],
			"to": [13.67788, 8.50661, 8.03966],
			"rotation": {"angle": 0, "axis": "y", "origin": [-0.13462, 7.06911, 0.46154]},
			"faces": {
				"north": {"uv": [6, 1, 7, 2], "texture": "#1"},
				"east": {"uv": [6, 1, 7, 2], "texture": "#1"},
				"south": {"uv": [6, 1, 7, 2], "texture": "#1"},
				"west": {"uv": [6, 1, 7, 2], "texture": "#1"},
				"up": {"uv": [6, 1, 7, 2], "texture": "#1"},
				"down": {"uv": [6, 1, 7, 2], "texture": "#1"}
			}
		},
		{
			"from": [11.61538, 8.44411, 7.88341],
			"to": [12.11538, 8.50661, 8.03966],
			"rotation": {"angle": 0, "axis": "y", "origin": [-0.13462, 7.06911, 0.46154]},
			"faces": {
				"north": {"uv": [6, 1, 7, 2], "texture": "#1"},
				"east": {"uv": [6, 1, 7, 2], "texture": "#1"},
				"south": {"uv": [6, 1, 7, 2], "texture": "#1"},
				"west": {"uv": [6, 1, 7, 2], "texture": "#1"},
				"up": {"uv": [6, 1, 7, 2], "texture": "#1"},
				"down": {"uv": [6, 1, 7, 2], "texture": "#1"}
			}
		},
		{
			"from": [6.61538, 8.56911, 7.63341],
			"to": [7.42788, 8.69411, 8.28966],
			"rotation": {"angle": 0, "axis": "y", "origin": [-0.13462, 7.06911, 0.46154]},
			"faces": {
				"north": {"uv": [2, 0, 3, 1], "texture": "#1"},
				"east": {"uv": [2, 0, 3, 1], "texture": "#1"},
				"south": {"uv": [2, 0, 3, 1], "texture": "#1"},
				"west": {"uv": [2, 0, 3, 1], "texture": "#1"},
				"up": {"uv": [2, 0, 3, 1], "texture": "#1"},
				"down": {"uv": [2, 0, 3, 1], "texture": "#1"}
			}
		},
		{
			"from": [6.61538, 8.69411, 7.66466],
			"to": [6.99038, 8.88161, 7.85216],
			"rotation": {"angle": 0, "axis": "y", "origin": [-0.13462, 7.06911, 0.46154]},
			"faces": {
				"north": {"uv": [2, 0, 3, 1], "texture": "#1"},
				"east": {"uv": [2, 0, 3, 1], "texture": "#1"},
				"south": {"uv": [2, 0, 3, 1], "texture": "#1"},
				"west": {"uv": [2, 0, 3, 1], "texture": "#1"},
				"up": {"uv": [2, 0, 3, 1], "texture": "#1"},
				"down": {"uv": [2, 0, 3, 1], "texture": "#1"}
			}
		},
		{
			"from": [6.61538, 8.69411, 8.07091],
			"to": [6.99038, 8.88161, 8.25841],
			"rotation": {"angle": 0, "axis": "y", "origin": [-0.13462, 7.06911, 0.46154]},
			"faces": {
				"north": {"uv": [2, 0, 3, 1], "texture": "#1"},
				"east": {"uv": [2, 0, 3, 1], "texture": "#1"},
				"south": {"uv": [2, 0, 3, 1], "texture": "#1"},
				"west": {"uv": [2, 0, 3, 1], "texture": "#1"},
				"up": {"uv": [2, 0, 3, 1], "texture": "#1"},
				"down": {"uv": [2, 0, 3, 1], "texture": "#1"}
			}
		},
		{
			"from": [6.95913, 8.61599, 8.08654],
			"to": [7.42788, 8.80349, 8.24279],
			"rotation": {"angle": -22.5, "axis": "z", "origin": [7.11538, 8.78786, 8.16466]},
			"faces": {
				"north": {"uv": [2, 0, 3, 1], "texture": "#1"},
				"east": {"uv": [2, 0, 3, 1], "texture": "#1"},
				"south": {"uv": [2, 0, 3, 1], "texture": "#1"},
				"west": {"uv": [2, 0, 3, 1], "texture": "#1"},
				"up": {"uv": [2, 0, 3, 1], "texture": "#1"},
				"down": {"uv": [2, 0, 3, 1], "texture": "#1"}
			}
		},
		{
			"from": [6.95913, 8.61599, 7.68029],
			"to": [7.42788, 8.80349, 7.83654],
			"rotation": {"angle": -22.5, "axis": "z", "origin": [7.11538, 8.78786, 8.16466]},
			"faces": {
				"north": {"uv": [2, 0, 3, 1], "texture": "#1"},
				"east": {"uv": [2, 0, 3, 1], "texture": "#1"},
				"south": {"uv": [2, 0, 3, 1], "texture": "#1"},
				"west": {"uv": [2, 0, 3, 1], "texture": "#1"},
				"up": {"uv": [2, 0, 3, 1], "texture": "#1"},
				"down": {"uv": [2, 0, 3, 1], "texture": "#1"}
			}
		},
		{
			"from": [7.42788, 8.56911, 7.69591],
			"to": [7.67788, 8.66286, 8.22716],
			"rotation": {"angle": 0, "axis": "y", "origin": [-0.13462, 7.06911, 0.46154]},
			"faces": {
				"north": {"uv": [2, 0, 3, 1], "texture": "#1"},
				"east": {"uv": [2, 0, 3, 1], "texture": "#1"},
				"south": {"uv": [2, 0, 3, 1], "texture": "#1"},
				"west": {"uv": [2, 0, 3, 1], "texture": "#1"},
				"up": {"uv": [2, 0, 3, 1], "texture": "#1"},
				"down": {"uv": [2, 0, 3, 1], "texture": "#1"}
			}
		},
		{
			"from": [10.86538, 8.06911, 7.75841],
			"to": [15.05288, 8.44411, 8.16466],
			"rotation": {"angle": 0, "axis": "y", "origin": [-0.13462, 7.06911, 0.46154]},
			"faces": {
				"north": {"uv": [2, 0, 3, 1], "texture": "#1"},
				"east": {"uv": [2, 0, 3, 1], "texture": "#1"},
				"south": {"uv": [2, 0, 3, 1], "texture": "#1"},
				"west": {"uv": [2, 0, 3, 1], "texture": "#1"},
				"up": {"uv": [2, 0, 3, 1], "texture": "#1"},
				"down": {"uv": [2, 0, 3, 1], "texture": "#1"}
			}
		},
		{
			"from": [15.05288, 8.05349, 7.74279],
			"to": [15.30288, 8.45974, 8.18029],
			"rotation": {"angle": 0, "axis": "y", "origin": [-0.13462, 7.06911, 0.46154]},
			"faces": {
				"north": {"uv": [2, 0, 3, 1], "texture": "#1"},
				"east": {"uv": [2, 0, 3, 1], "texture": "#1"},
				"south": {"uv": [2, 0, 3, 1], "texture": "#1"},
				"west": {"uv": [2, 0, 3, 1], "texture": "#1"},
				"up": {"uv": [2, 0, 3, 1], "texture": "#1"},
				"down": {"uv": [2, 0, 3, 1], "texture": "#1"}
			}
		},
		{
			"from": [15.30288, 8.02224, 7.71154],
			"to": [16.19351, 8.49099, 8.21154],
			"rotation": {"angle": 0, "axis": "y", "origin": [-0.13462, 7.06911, 0.46154]},
			"faces": {
				"north": {"uv": [1, 0, 2, 3], "rotation": 90, "texture": "#1"},
				"east": {"uv": [0, 0, 1, 1], "rotation": 90, "texture": "#1"},
				"south": {"uv": [1, 0, 2, 3], "rotation": 90, "texture": "#1"},
				"west": {"uv": [1, 0, 2, 3], "rotation": 90, "texture": "#1"},
				"up": {"uv": [1, 0, 2, 3], "rotation": 90, "texture": "#1"},
				"down": {"uv": [1, 0, 2, 3], "rotation": 90, "texture": "#1"}
			}
		}
	],
	"gui_light": "front",
	"display": {
		"thirdperson_righthand": {
			"rotation": [0, 90, 0],
			"translation": [-0.75, 0.75, -1],
			"scale": [1.26, 1.26, 1.26]
		},
		"thirdperson_lefthand": {
			"rotation": [0, 90, 0],
			"translation": [-0.75, 0.75, -1],
			"scale": [1.26, 1.26, 1.26]
		},
		"firstperson_righthand": {
			"rotation": [0, 90, 0],
			"translation": [-6.75, 7.25, 8.75],
			"scale": [0.6, 0.95, 0.95]
		},
		"firstperson_lefthand": {
			"rotation": [0, -90, 0],
			"translation": [-6.75, 7.25, 8.75],
			"scale": [0.6, 0.95, 0.95]
		},
		"ground": {
			"translation": [0.5, 0, 0],
			"scale": [1.1, 1.1, 1.1]
		},
		"gui": {
			"rotation": [-26, 156, 45],
			"translation": [0.5, 0.5, 0],
			"scale": [1.53, 1.53, 1.53]
		},
		"fixed": {
			"rotation": [-180, 0, -90],
			"translation": [1.75, -1, -1.25],
			"scale": [2.87, 2.87, 2.87]
		}
	}
}