{
	"credit": "Made with Blockbench",
	"textures": {
		"1": "block/black_concrete_powder",
		"2": "block/bee_nest_bottom",
		"3": "block/activator_rail_on",
		"4": "block/acacia_sapling",
		"particle": "block/activator_rail_on"
	},
	"elements": [
		{
			"from": [3, 5.28125, 6],
			"to": [12.5, 7.15625, 10],
			"rotation": {"angle": 0, "axis": "y", "origin": [7.5, 2.90625, 8]},
			"faces": {
				"north": {"uv": [6, 3, 7, 5.25], "texture": "#2"},
				"east": {"uv": [5, 4, 6, 5.25], "texture": "#2"},
				"south": {"uv": [5, 4, 6, 5.25], "texture": "#2"},
				"west": {"uv": [5, 4, 6, 5.25], "texture": "#2"},
				"up": {"uv": [6, 0.5, 7, 2.75], "texture": "#2"},
				"down": {"uv": [6, 0.5, 7, 1.75], "texture": "#2"}
			}
		},
		{
			"from": [5.75, 7.15625, 7.125],
			"to": [9.75, 7.78125, 9.125],
			"rotation": {"angle": 0, "axis": "y", "origin": [7.5, 2.90625, 8]},
			"faces": {
				"north": {"uv": [15, 1, 16, 2.25], "texture": "#1"},
				"east": {"uv": [15, 1, 16, 2.25], "texture": "#1"},
				"south": {"uv": [15, 1, 16, 2.25], "texture": "#1"},
				"west": {"uv": [15, 1, 16, 2.25], "texture": "#1"},
				"up": {"uv": [15, 1, 16, 2.25], "texture": "#1"},
				"down": {"uv": [15, 1, 16, 2.25], "texture": "#1"}
			}
		},
		{
			"from": [3.375, 7.40625, 8.5],
			"to": [6.5, 7.53125, 8.625],
			"rotation": {"angle": 0, "axis": "y", "origin": [7.5, 2.90625, 8]},
			"faces": {
				"north": {"uv": [15, 1, 16, 2.25], "texture": "#1"},
				"east": {"uv": [15, 1, 16, 2.25], "texture": "#1"},
				"south": {"uv": [15, 1, 16, 2.25], "texture": "#1"},
				"west": {"uv": [15, 1, 16, 2.25], "texture": "#1"},
				"up": {"uv": [15, 1, 16, 2.25], "rotation": 90, "texture": "#1"},
				"down": {"uv": [15, 1, 16, 2.25], "rotation": 270, "texture": "#1"}
			}
		},
		{
			"from": [6, 7.71875, 8.375],
			"to": [6.25, 7.84375, 8.625],
			"rotation": {"angle": 0, "axis": "y", "origin": [7.5, 2.90625, 8]},
			"faces": {
				"north": {"uv": [4.5, 1, 5, 1.75], "texture": "#3"},
				"east": {"uv": [4.5, 1, 5, 1.75], "texture": "#3"},
				"south": {"uv": [4.5, 1, 5, 1.75], "texture": "#3"},
				"west": {"uv": [4.5, 1, 5, 1.75], "texture": "#3"},
				"up": {"uv": [4.5, 1, 5, 1.75], "texture": "#3"},
				"down": {"uv": [4.5, 1, 5, 1.75], "texture": "#3"}
			}
		},
		{
			"from": [4.125, 7.40625, 7.875],
			"to": [7.25, 7.53125, 8],
			"rotation": {"angle": 0, "axis": "y", "origin": [7.5, 2.90625, 8]},
			"faces": {
				"north": {"uv": [15, 1, 16, 2.25], "texture": "#1"},
				"east": {"uv": [15, 1, 16, 2.25], "texture": "#1"},
				"south": {"uv": [15, 1, 16, 2.25], "texture": "#1"},
				"west": {"uv": [15, 1, 16, 2.25], "texture": "#1"},
				"up": {"uv": [15, 1, 16, 2.25], "rotation": 90, "texture": "#1"},
				"down": {"uv": [15, 1, 16, 2.25], "rotation": 270, "texture": "#1"}
			}
		},
		{
			"from": [6, 7.71875, 7.98438],
			"to": [6.25, 7.84375, 8.23438],
			"rotation": {"angle": 0, "axis": "y", "origin": [7.5, 2.90625, 8]},
			"faces": {
				"north": {"uv": [4.5, 2, 5, 2.75], "texture": "#3"},
				"east": {"uv": [4.5, 2, 5, 2.75], "texture": "#3"},
				"south": {"uv": [4.5, 2, 5, 2.75], "texture": "#3"},
				"west": {"uv": [4.5, 2, 5, 2.75], "texture": "#3"},
				"up": {"uv": [4.5, 2, 5, 2.75], "texture": "#3"},
				"down": {"uv": [4.5, 2, 5, 2.75], "texture": "#3"}
			}
		},
		{
			"from": [6.5, 7.71875, 7.48438],
			"to": [9.25, 7.84375, 8.73438],
			"rotation": {"angle": 0, "axis": "y", "origin": [7.5, 2.90625, 8]},
			"faces": {
				"north": {"uv": [5, 3, 5.5, 3.75], "texture": "#4"},
				"east": {"uv": [5, 3, 5.5, 3.75], "texture": "#4"},
				"south": {"uv": [5, 3, 5.5, 3.75], "texture": "#4"},
				"west": {"uv": [5, 3, 5.5, 3.75], "texture": "#4"},
				"up": {"uv": [5, 3, 5.5, 3.75], "texture": "#4"},
				"down": {"uv": [5, 3, 5.5, 3.75], "texture": "#4"}
			}
		},
		{
			"from": [10, 5.21875, 5.95313],
			"to": [11.125, 7.21875, 10.03125],
			"rotation": {"angle": 0, "axis": "y", "origin": [7.5, 2.90625, 8]},
			"faces": {
				"north": {"uv": [3, 1, 3.5, 1.75], "texture": "#3"},
				"east": {"uv": [3, 1, 3.5, 1.75], "texture": "#3"},
				"south": {"uv": [3, 1, 3.5, 1.75], "texture": "#3"},
				"west": {"uv": [3, 1, 3.5, 1.75], "texture": "#3"},
				"up": {"uv": [3, 1, 3.5, 1.75], "texture": "#3"},
				"down": {"uv": [3, 1, 3.5, 1.75], "texture": "#3"}
			}
		},
		{
			"from": [4.5, 5.21875, 5.95313],
			"to": [5.625, 7.21875, 10.03125],
			"rotation": {"angle": 0, "axis": "y", "origin": [7.5, 2.90625, 8]},
			"faces": {
				"north": {"uv": [3, 1, 3.5, 1.75], "texture": "#3"},
				"east": {"uv": [3, 1, 3.5, 1.75], "texture": "#3"},
				"south": {"uv": [3, 1, 3.5, 1.75], "texture": "#3"},
				"west": {"uv": [3, 1, 3.5, 1.75], "texture": "#3"},
				"up": {"uv": [3, 1, 3.5, 1.75], "texture": "#3"},
				"down": {"uv": [3, 1, 3.5, 1.75], "texture": "#3"}
			}
		}
	],
	"gui_light": "front",
	"display": {
		"thirdperson_righthand": {
			"rotation": [0, -180, -78],
			"translation": [-1, -1, 0.25],
			"scale": [0.63, 0.63, 0.63]
		},
		"thirdperson_lefthand": {
			"rotation": [0, -180, -78],
			"translation": [-1, -1, 0.25],
			"scale": [0.63, 0.63, 0.63]
		},
		"firstperson_righthand": {
			"rotation": [-152, 0, 130],
			"translation": [-2.75, 4.5, 3.75]
		},
		"firstperson_lefthand": {
			"rotation": [-152, 0, 130],
			"translation": [-2.75, 4.5, 3.75],
			"scale": [-1, 1, 1]
		},
		"ground": {
			"translation": [0, 1.75, 0],
			"scale": [0.74, 0.74, 0.74]
		},
		"gui": {
			"rotation": [51, -134, -10],
			"translation": [-0.5, 1.25, 0],
			"scale": [1.53, 1.53, 1.53]
		},
		"fixed": {
			"rotation": [-90, 0, 0],
			"translation": [0.5, -0.5, -3.5],
			"scale": [1.43, 1.43, 1.43]
		}
	}
}