{
	"credit": "Made with Blockbench",
	"textures": {
		"0": "block/redstone_block",
		"1": "block/granite",
		"particle": "block/redstone_block"
	},
	"elements": [
		{
			"from": [7, 7.46875, 7.75],
			"to": [9, 9.46875, 8.25],
			"rotation": {"angle": 0, "axis": "y", "origin": [7, 7.46875, 7.75]},
			"faces": {
				"north": {"uv": [0, 0, 2, 2], "texture": "#1"},
				"east": {"uv": [0, 0, 0.5, 2], "texture": "#1"},
				"south": {"uv": [0, 0, 2, 2], "texture": "#1"},
				"west": {"uv": [0, 0, 0.5, 2], "texture": "#1"},
				"up": {"uv": [0, 0, 2, 0.5], "texture": "#1"},
				"down": {"uv": [0, 0, 2, 0.5], "texture": "#1"}
			}
		},
		{
			"from": [7, 7.46875, 7.8125],
			"to": [9, 9.46875, 8.1875],
			"rotation": {"angle": 45, "axis": "z", "origin": [8, 8.46875, 8]},
			"faces": {
				"north": {"uv": [0, 0, 2, 2], "texture": "#1"},
				"east": {"uv": [0, 0, 0.375, 2], "texture": "#1"},
				"south": {"uv": [0, 0, 2, 2], "texture": "#1"},
				"west": {"uv": [0, 0, 0.375, 2], "texture": "#1"},
				"up": {"uv": [0, 0, 2, 0.375], "texture": "#1"},
				"down": {"uv": [0, 0, 2, 0.375], "texture": "#1"}
			}
		},
		{
			"from": [8.5625, 6.09375, 7.875],
			"to": [8.8125, 8.96875, 8.125],
			"rotation": {"angle": 0, "axis": "y", "origin": [7, 7.46875, 7.75]},
			"faces": {
				"north": {"uv": [0, 0, 0.25, 2.875], "texture": "#0"},
				"east": {"uv": [0, 0, 0.25, 2.875], "texture": "#0"},
				"south": {"uv": [0, 0, 0.25, 2.875], "texture": "#0"},
				"west": {"uv": [0, 0, 0.25, 2.875], "texture": "#0"},
				"up": {"uv": [0, 0, 0.25, 0.25], "texture": "#0"},
				"down": {"uv": [0, 0, 0.25, 0.25], "texture": "#0"}
			}
		},
		{
			"from": [7.1875, 6.09375, 7.875],
			"to": [7.4375, 8.96875, 8.125],
			"rotation": {"angle": 0, "axis": "y", "origin": [7, 7.46875, 7.75]},
			"faces": {
				"north": {"uv": [0, 0, 0.25, 2.875], "texture": "#0"},
				"east": {"uv": [0, 0, 0.25, 2.875], "texture": "#0"},
				"south": {"uv": [0, 0, 0.25, 2.875], "texture": "#0"},
				"west": {"uv": [0, 0, 0.25, 2.875], "texture": "#0"},
				"up": {"uv": [0, 0, 0.25, 0.25], "texture": "#0"},
				"down": {"uv": [0, 0, 0.25, 0.25], "texture": "#0"}
			}
		}
	],
	"gui_light": "front",
	"display": {
		"thirdperson_righthand": {
			"translation": [0, 0.25, 1.25]
		},
		"thirdperson_lefthand": {
			"translation": [0, 0.25, 1.25]
		},
		"firstperson_righthand": {
			"rotation": [-9, -80, 0],
			"translation": [0, 4.25, 2.25]
		},
		"firstperson_lefthand": {
			"rotation": [-9, -80, 0],
			"translation": [0, 4.25, 2.25]
		},
		"gui": {
			"rotation": [-29, 10, 20],
			"scale": [2.32, 2.32, 2.32]
		},
		"fixed": {
			"scale": [1.36, 1.36, 1.36]
		}
	}
}