{
	"credit": "Made with Blockbench",
	"textures": {
		"0": "item/carboniumchunk",
		"particle": "item/carboniumchunk"
	},
	"elements": [
		{
			"name": "carboniumchunk_0",
			"from": [5.625, 7.5, -0.79167],
			"to": [8.625, 8.5, 14.20833],
			"rotation": {"angle": 0, "axis": "y", "origin": [-0.375, 7.5, -0.79167]},
			"faces": {
				"north": {"uv": [9, 0, 6, 1], "texture": "#0"},
				"east": {"uv": [8, 0, 9, 15], "rotation": 90, "texture": "#0"},
				"south": {"uv": [6, 14, 9, 15], "texture": "#0"},
				"west": {"uv": [6, 0, 7, 15], "rotation": 270, "texture": "#0"},
				"up": {"uv": [6, 0, 9, 15], "texture": "#0"},
				"down": {"uv": [6, 15, 9, 0], "texture": "#0"}
			}
		},
		{
			"name": "carboniumchunk_1",
			"from": [3.625, 7.5, 0.20833],
			"to": [5.625, 8.5, 14.20833],
			"rotation": {"angle": 0, "axis": "y", "origin": [-0.375, 7.5, -0.79167]},
			"faces": {
				"north": {"uv": [6, 1, 4, 2], "texture": "#0"},
				"east": {"uv": [5, 1, 6, 15], "rotation": 90, "texture": "#0"},
				"south": {"uv": [4, 14, 6, 15], "texture": "#0"},
				"west": {"uv": [4, 1, 5, 15], "rotation": 270, "texture": "#0"},
				"up": {"uv": [4, 1, 6, 15], "texture": "#0"},
				"down": {"uv": [4, 15, 6, 1], "texture": "#0"}
			}
		},
		{
			"name": "carboniumchunk_2",
			"from": [8.625, 7.5, 0.20833],
			"to": [9.625, 8.5, 14.20833],
			"rotation": {"angle": 0, "axis": "y", "origin": [-0.375, 7.5, -0.79167]},
			"faces": {
				"north": {"uv": [10, 1, 9, 2], "texture": "#0"},
				"east": {"uv": [9, 1, 10, 15], "rotation": 90, "texture": "#0"},
				"south": {"uv": [9, 14, 10, 15], "texture": "#0"},
				"west": {"uv": [9, 1, 10, 15], "rotation": 270, "texture": "#0"},
				"up": {"uv": [9, 1, 10, 15], "texture": "#0"},
				"down": {"uv": [9, 15, 10, 1], "texture": "#0"}
			}
		},
		{
			"name": "carboniumchunk_3",
			"from": [1.625, 7.5, 1.20833],
			"to": [3.625, 8.5, 10.20833],
			"rotation": {"angle": 0, "axis": "y", "origin": [-0.375, 7.5, -0.79167]},
			"faces": {
				"north": {"uv": [4, 2, 2, 3], "texture": "#0"},
				"east": {"uv": [3, 2, 4, 11], "rotation": 90, "texture": "#0"},
				"south": {"uv": [2, 10, 4, 11], "texture": "#0"},
				"west": {"uv": [2, 2, 3, 11], "rotation": 270, "texture": "#0"},
				"up": {"uv": [2, 2, 4, 11], "texture": "#0"},
				"down": {"uv": [2, 11, 4, 2], "texture": "#0"}
			}
		},
		{
			"name": "carboniumchunk_4",
			"from": [9.625, 7.5, 1.20833],
			"to": [10.625, 8.5, 13.20833],
			"rotation": {"angle": 0, "axis": "y", "origin": [-0.375, 7.5, -0.79167]},
			"faces": {
				"north": {"uv": [11, 2, 10, 3], "texture": "#0"},
				"east": {"uv": [10, 2, 11, 14], "rotation": 90, "texture": "#0"},
				"south": {"uv": [10, 13, 11, 14], "texture": "#0"},
				"west": {"uv": [10, 2, 11, 14], "rotation": 270, "texture": "#0"},
				"up": {"uv": [10, 2, 11, 14], "texture": "#0"},
				"down": {"uv": [10, 14, 11, 2], "texture": "#0"}
			}
		},
		{
			"name": "carboniumchunk_5",
			"from": [0.625, 7.5, 2.20833],
			"to": [1.625, 8.5, 9.20833],
			"rotation": {"angle": 0, "axis": "y", "origin": [-0.375, 7.5, -0.79167]},
			"faces": {
				"north": {"uv": [2, 3, 1, 4], "texture": "#0"},
				"east": {"uv": [1, 3, 2, 10], "rotation": 90, "texture": "#0"},
				"south": {"uv": [1, 9, 2, 10], "texture": "#0"},
				"west": {"uv": [1, 3, 2, 10], "rotation": 270, "texture": "#0"},
				"up": {"uv": [1, 3, 2, 10], "texture": "#0"},
				"down": {"uv": [1, 10, 2, 3], "texture": "#0"}
			}
		},
		{
			"name": "carboniumchunk_6",
			"from": [10.625, 7.5, 2.20833],
			"to": [11.625, 8.5, 13.20833],
			"rotation": {"angle": 0, "axis": "y", "origin": [-0.375, 7.5, -0.79167]},
			"faces": {
				"north": {"uv": [12, 3, 11, 4], "texture": "#0"},
				"east": {"uv": [11, 3, 12, 14], "rotation": 90, "texture": "#0"},
				"south": {"uv": [11, 13, 12, 14], "texture": "#0"},
				"west": {"uv": [11, 3, 12, 14], "rotation": 270, "texture": "#0"},
				"up": {"uv": [11, 3, 12, 14], "texture": "#0"},
				"down": {"uv": [11, 14, 12, 3], "texture": "#0"}
			}
		},
		{
			"name": "carboniumchunk_7",
			"from": [11.625, 7.5, 3.20833],
			"to": [12.625, 8.5, 12.20833],
			"rotation": {"angle": 0, "axis": "y", "origin": [-0.375, 7.5, -0.79167]},
			"faces": {
				"north": {"uv": [13, 4, 12, 5], "texture": "#0"},
				"east": {"uv": [12, 4, 13, 13], "rotation": 90, "texture": "#0"},
				"south": {"uv": [12, 12, 13, 13], "texture": "#0"},
				"west": {"uv": [12, 4, 13, 13], "rotation": 270, "texture": "#0"},
				"up": {"uv": [12, 4, 13, 13], "texture": "#0"},
				"down": {"uv": [12, 13, 13, 4], "texture": "#0"}
			}
		},
		{
			"name": "carboniumchunk_8",
			"from": [12.625, 7.5, 4.20833],
			"to": [13.625, 8.5, 10.20833],
			"rotation": {"angle": 0, "axis": "y", "origin": [-0.375, 7.5, -0.79167]},
			"faces": {
				"north": {"uv": [14, 5, 13, 6], "texture": "#0"},
				"east": {"uv": [13, 5, 14, 11], "rotation": 90, "texture": "#0"},
				"south": {"uv": [13, 10, 14, 11], "texture": "#0"},
				"west": {"uv": [13, 5, 14, 11], "rotation": 270, "texture": "#0"},
				"up": {"uv": [13, 5, 14, 11], "texture": "#0"},
				"down": {"uv": [13, 11, 14, 5], "texture": "#0"}
			}
		},
		{
			"name": "carboniumchunk_9",
			"from": [13.625, 7.5, 5.20833],
			"to": [14.625, 8.5, 9.20833],
			"rotation": {"angle": 0, "axis": "y", "origin": [-0.375, 7.5, -0.79167]},
			"faces": {
				"north": {"uv": [15, 6, 14, 7], "texture": "#0"},
				"east": {"uv": [14, 6, 15, 10], "rotation": 90, "texture": "#0"},
				"south": {"uv": [14, 9, 15, 10], "texture": "#0"},
				"west": {"uv": [14, 6, 15, 10], "rotation": 270, "texture": "#0"},
				"up": {"uv": [14, 6, 15, 10], "texture": "#0"},
				"down": {"uv": [14, 10, 15, 6], "texture": "#0"}
			}
		},
		{
			"name": "carboniumchunk_10",
			"from": [2.625, 7.5, 10.20833],
			"to": [3.625, 8.5, 13.20833],
			"rotation": {"angle": 0, "axis": "y", "origin": [-0.375, 7.5, -0.79167]},
			"faces": {
				"north": {"uv": [4, 11, 3, 12], "texture": "#0"},
				"east": {"uv": [3, 11, 4, 14], "rotation": 90, "texture": "#0"},
				"south": {"uv": [3, 13, 4, 14], "texture": "#0"},
				"west": {"uv": [3, 11, 4, 14], "rotation": 270, "texture": "#0"},
				"up": {"uv": [3, 11, 4, 14], "texture": "#0"},
				"down": {"uv": [3, 14, 4, 11], "texture": "#0"}
			}
		},
		{
			"name": "carboniumchunk_11",
			"from": [6.625, 7.5, 14.20833],
			"to": [8.625, 8.5, 15.20833],
			"rotation": {"angle": 0, "axis": "y", "origin": [-0.375, 7.5, -0.79167]},
			"faces": {
				"north": {"uv": [9, 15, 7, 16], "texture": "#0"},
				"east": {"uv": [8, 15, 9, 16], "rotation": 90, "texture": "#0"},
				"south": {"uv": [7, 15, 9, 16], "texture": "#0"},
				"west": {"uv": [7, 15, 8, 16], "rotation": 270, "texture": "#0"},
				"up": {"uv": [7, 15, 9, 16], "texture": "#0"},
				"down": {"uv": [7, 16, 9, 15], "texture": "#0"}
			}
		}
	],
	"gui_light": "front",
	"display": {
		"thirdperson_righthand": {
			"rotation": [77, 0, 0],
			"translation": [0, 1, 0.75],
			"scale": [0.21, 0.21, 0.21]
		},
		"thirdperson_lefthand": {
			"rotation": [77, 0, 0],
			"translation": [0, 1, 0.75],
			"scale": [0.21, 0.21, 0.21]
		},
		"firstperson_righthand": {
			"rotation": [96, 0, 72],
			"translation": [0, 3, 2.25],
			"scale": [0.34, 0.34, 0.34]
		},
		"firstperson_lefthand": {
			"rotation": [96, 0, 72],
			"translation": [0, 3, 2.25],
			"scale": [0.34, 0.34, 0.34]
		},
		"ground": {
			"rotation": [90, 0, 0],
			"scale": [0.33, 0.33, 0.33]
		},
		"gui": {
			"rotation": [90, 0, 0],
			"translation": [0.5, -1, 0],
			"scale": [0.87, 0.87, 0.87]
		},
		"fixed": {
			"rotation": [90, 0, 0],
			"translation": [0.25, -0.5, 0],
			"scale": [0.76, 0.76, 0.76]
		}
	},
	"groups": [
		{
			"name": "carboniumchunk",
			"origin": [8, 8, 8],
			"color": 0,
			"children": [0, 1, 2, 3, 4, 5, 6, 7, 8, 9, 10, 11]
		}
	]
}