{
	"credit": "Made with Blockbench",
	"textures": {
		"0": "item/carboniumaxe",
		"particle": "item/carboniumaxe"
	},
	"elements": [
		{
			"name": "boronaxe_0",
			"from": [9.17857, 7.5, 0.46429],
			"to": [11.17857, 8.5, 7.46429],
			"rotation": {"angle": 0, "axis": "y", "origin": [0.17857, 7.5, -0.53571]},
			"faces": {
				"north": {"uv": [11, 1, 9, 2], "texture": "#0"},
				"east": {"uv": [10, 1, 11, 8], "rotation": 90, "texture": "#0"},
				"south": {"uv": [9, 7, 11, 8], "texture": "#0"},
				"west": {"uv": [9, 1, 10, 8], "rotation": 270, "texture": "#0"},
				"up": {"uv": [9, 1, 11, 8], "texture": "#0"},
				"down": {"uv": [9, 8, 11, 1], "texture": "#0"}
			}
		},
		{
			"name": "boronaxe_1",
			"from": [8.17857, 7.5, 1.46429],
			"to": [9.17857, 8.5, 9.46429],
			"rotation": {"angle": 0, "axis": "y", "origin": [0.17857, 7.5, -0.53571]},
			"faces": {
				"north": {"uv": [9, 2, 8, 3], "texture": "#0"},
				"east": {"uv": [8, 2, 9, 10], "rotation": 90, "texture": "#0"},
				"south": {"uv": [8, 9, 9, 10], "texture": "#0"},
				"west": {"uv": [8, 2, 9, 10], "rotation": 270, "texture": "#0"},
				"up": {"uv": [8, 2, 9, 10], "texture": "#0"},
				"down": {"uv": [8, 10, 9, 2], "texture": "#0"}
			}
		},
		{
			"name": "boronaxe_2",
			"from": [11.17857, 7.5, 1.46429],
			"to": [12.17857, 8.5, 8.46429],
			"rotation": {"angle": 0, "axis": "y", "origin": [0.17857, 7.5, -0.53571]},
			"faces": {
				"north": {"uv": [12, 2, 11, 3], "texture": "#0"},
				"east": {"uv": [11, 2, 12, 9], "rotation": 90, "texture": "#0"},
				"south": {"uv": [11, 8, 12, 9], "texture": "#0"},
				"west": {"uv": [11, 2, 12, 9], "rotation": 270, "texture": "#0"},
				"up": {"uv": [11, 2, 12, 9], "texture": "#0"},
				"down": {"uv": [11, 9, 12, 2], "texture": "#0"}
			}
		},
		{
			"name": "boronaxe_3",
			"from": [7.17857, 7.5, 2.46429],
			"to": [8.17857, 8.5, 6.46429],
			"rotation": {"angle": 0, "axis": "y", "origin": [0.17857, 7.5, -0.53571]},
			"faces": {
				"north": {"uv": [8, 3, 7, 4], "texture": "#0"},
				"east": {"uv": [7, 3, 8, 7], "rotation": 90, "texture": "#0"},
				"south": {"uv": [7, 6, 8, 7], "texture": "#0"},
				"west": {"uv": [7, 3, 8, 7], "rotation": 270, "texture": "#0"},
				"up": {"uv": [7, 3, 8, 7], "texture": "#0"},
				"down": {"uv": [7, 7, 8, 3], "texture": "#0"}
			}
		},
		{
			"name": "boronaxe_4",
			"from": [6.17857, 7.5, 3.46429],
			"to": [7.17857, 8.5, 5.46429],
			"rotation": {"angle": 0, "axis": "y", "origin": [0.17857, 7.5, -0.53571]},
			"faces": {
				"north": {"uv": [7, 4, 6, 5], "texture": "#0"},
				"east": {"uv": [6, 4, 7, 6], "rotation": 90, "texture": "#0"},
				"south": {"uv": [6, 5, 7, 6], "texture": "#0"},
				"west": {"uv": [6, 4, 7, 6], "rotation": 270, "texture": "#0"},
				"up": {"uv": [6, 4, 7, 6], "texture": "#0"},
				"down": {"uv": [6, 6, 7, 4], "texture": "#0"}
			}
		},
		{
			"name": "boronaxe_5",
			"from": [12.17857, 7.5, 3.46429],
			"to": [13.17857, 8.5, 8.46429],
			"rotation": {"angle": 0, "axis": "y", "origin": [0.17857, 7.5, -0.53571]},
			"faces": {
				"north": {"uv": [13, 4, 12, 5], "texture": "#0"},
				"east": {"uv": [12, 4, 13, 9], "rotation": 90, "texture": "#0"},
				"south": {"uv": [12, 8, 13, 9], "texture": "#0"},
				"west": {"uv": [12, 4, 13, 9], "rotation": 270, "texture": "#0"},
				"up": {"uv": [12, 4, 13, 9], "texture": "#0"},
				"down": {"uv": [12, 9, 13, 4], "texture": "#0"}
			}
		},
		{
			"name": "boronaxe_6",
			"from": [13.17857, 7.5, 5.46429],
			"to": [14.17857, 8.5, 7.46429],
			"rotation": {"angle": 0, "axis": "y", "origin": [0.17857, 7.5, -0.53571]},
			"faces": {
				"north": {"uv": [14, 6, 13, 7], "texture": "#0"},
				"east": {"uv": [13, 6, 14, 8], "rotation": 90, "texture": "#0"},
				"south": {"uv": [13, 7, 14, 8], "texture": "#0"},
				"west": {"uv": [13, 6, 14, 8], "rotation": 270, "texture": "#0"},
				"up": {"uv": [13, 6, 14, 8], "texture": "#0"},
				"down": {"uv": [13, 8, 14, 6], "texture": "#0"}
			}
		},
		{
			"name": "boronaxe_7",
			"from": [7.17857, 7.5, 7.46429],
			"to": [8.17857, 8.5, 10.46429],
			"rotation": {"angle": 0, "axis": "y", "origin": [0.17857, 7.5, -0.53571]},
			"faces": {
				"north": {"uv": [8, 8, 7, 9], "texture": "#0"},
				"east": {"uv": [7, 8, 8, 11], "rotation": 90, "texture": "#0"},
				"south": {"uv": [7, 10, 8, 11], "texture": "#0"},
				"west": {"uv": [7, 8, 8, 11], "rotation": 270, "texture": "#0"},
				"up": {"uv": [7, 8, 8, 11], "texture": "#0"},
				"down": {"uv": [7, 11, 8, 8], "texture": "#0"}
			}
		},
		{
			"name": "boronaxe_8",
			"from": [9.17857, 7.5, 7.46429],
			"to": [10.17857, 8.5, 8.46429],
			"rotation": {"angle": 0, "axis": "y", "origin": [0.17857, 7.5, -0.53571]},
			"faces": {
				"north": {"uv": [10, 8, 9, 9], "texture": "#0"},
				"east": {"uv": [9, 8, 10, 9], "rotation": 90, "texture": "#0"},
				"south": {"uv": [9, 8, 10, 9], "texture": "#0"},
				"west": {"uv": [9, 8, 10, 9], "rotation": 270, "texture": "#0"},
				"up": {"uv": [9, 8, 10, 9], "texture": "#0"},
				"down": {"uv": [9, 9, 10, 8], "texture": "#0"}
			}
		},
		{
			"name": "boronaxe_9",
			"from": [6.17857, 7.5, 8.46429],
			"to": [7.17857, 8.5, 11.46429],
			"rotation": {"angle": 0, "axis": "y", "origin": [0.17857, 7.5, -0.53571]},
			"faces": {
				"north": {"uv": [7, 9, 6, 10], "texture": "#0"},
				"east": {"uv": [6, 9, 7, 12], "rotation": 90, "texture": "#0"},
				"south": {"uv": [6, 11, 7, 12], "texture": "#0"},
				"west": {"uv": [6, 9, 7, 12], "rotation": 270, "texture": "#0"},
				"up": {"uv": [6, 9, 7, 12], "texture": "#0"},
				"down": {"uv": [6, 12, 7, 9], "texture": "#0"}
			}
		},
		{
			"name": "boronaxe_10",
			"from": [5.17857, 7.5, 9.46429],
			"to": [6.17857, 8.5, 12.46429],
			"rotation": {"angle": 0, "axis": "y", "origin": [0.17857, 7.5, -0.53571]},
			"faces": {
				"north": {"uv": [6, 10, 5, 11], "texture": "#0"},
				"east": {"uv": [5, 10, 6, 13], "rotation": 90, "texture": "#0"},
				"south": {"uv": [5, 12, 6, 13], "texture": "#0"},
				"west": {"uv": [5, 10, 6, 13], "rotation": 270, "texture": "#0"},
				"up": {"uv": [5, 10, 6, 13], "texture": "#0"},
				"down": {"uv": [5, 13, 6, 10], "texture": "#0"}
			}
		},
		{
			"name": "boronaxe_11",
			"from": [4.17857, 7.5, 10.46429],
			"to": [5.17857, 8.5, 13.46429],
			"rotation": {"angle": 0, "axis": "y", "origin": [0.17857, 7.5, -0.53571]},
			"faces": {
				"north": {"uv": [5, 11, 4, 12], "texture": "#0"},
				"east": {"uv": [4, 11, 5, 14], "rotation": 90, "texture": "#0"},
				"south": {"uv": [4, 13, 5, 14], "texture": "#0"},
				"west": {"uv": [4, 11, 5, 14], "rotation": 270, "texture": "#0"},
				"up": {"uv": [4, 11, 5, 14], "texture": "#0"},
				"down": {"uv": [4, 14, 5, 11], "texture": "#0"}
			}
		},
		{
			"name": "boronaxe_12",
			"from": [3.17857, 7.5, 11.46429],
			"to": [4.17857, 8.5, 14.46429],
			"rotation": {"angle": 0, "axis": "y", "origin": [0.17857, 7.5, -0.53571]},
			"faces": {
				"north": {"uv": [4, 12, 3, 13], "texture": "#0"},
				"east": {"uv": [3, 12, 4, 15], "rotation": 90, "texture": "#0"},
				"south": {"uv": [3, 14, 4, 15], "texture": "#0"},
				"west": {"uv": [3, 12, 4, 15], "rotation": 270, "texture": "#0"},
				"up": {"uv": [3, 12, 4, 15], "texture": "#0"},
				"down": {"uv": [3, 15, 4, 12], "texture": "#0"}
			}
		},
		{
			"name": "boronaxe_13",
			"from": [2.17857, 7.5, 12.46429],
			"to": [3.17857, 8.5, 14.46429],
			"rotation": {"angle": 0, "axis": "y", "origin": [0.17857, 7.5, -0.53571]},
			"faces": {
				"north": {"uv": [3, 13, 2, 14], "texture": "#0"},
				"east": {"uv": [2, 13, 3, 15], "rotation": 90, "texture": "#0"},
				"south": {"uv": [2, 14, 3, 15], "texture": "#0"},
				"west": {"uv": [2, 13, 3, 15], "rotation": 270, "texture": "#0"},
				"up": {"uv": [2, 13, 3, 15], "texture": "#0"},
				"down": {"uv": [2, 15, 3, 13], "texture": "#0"}
			}
		}
	],
	"gui_light": "front",
	"display": {
		"thirdperson_righthand": {
			"rotation": [43, 0, 90],
			"translation": [0, 1, 1.25],
			"scale": [0.75, 0.75, 0.75]
		},
		"thirdperson_lefthand": {
			"rotation": [43, 0, -90],
			"translation": [0, 1, 1.25],
			"scale": [0.75, 0.75, 0.75]
		},
		"firstperson_righthand": {
			"rotation": [60, 0, 90],
			"translation": [-2.25, 6.25, 5],
			"scale": [0.53, 0.53, 0.53]
		},
		"firstperson_lefthand": {
			"rotation": [60, 0, -90],
			"translation": [-2.25, 6.25, 5],
			"scale": [0.53, 0.53, 0.53]
		},
		"ground": {
			"rotation": [-90, 0, 0],
			"translation": [0, 2.5, 0],
			"scale": [0.55, 0.55, 0.55]
		},
		"gui": {
			"rotation": [90, 0, 0],
			"translation": [0, -0.5, 0],
			"scale": [0.99, 0.99, 0.99]
		},
		"fixed": {
			"rotation": [90, 0, 0],
			"translation": [0.25, -0.25, -0.5]
		}
	},
	"groups": [
		{
			"name": "boronaxe",
			"origin": [8, 8, 8],
			"color": 0,
			"children": [0, 1, 2, 3, 4, 5, 6, 7, 8, 9, 10, 11, 12, 13]
		}
	]
}