{
	"credit": "Made with Blockbench",
	"textures": {
		"0": "block/aeon_colormap",
		"particle": "block/aeon_colormap"
	},
	"elements": [
		{
			"from": [3, 0, 9],
			"to": [13, 1, 10],
			"rotation": {"angle": 0, "axis": "y", "origin": [8, 0.5, 8]},
			"faces": {
				"north": {"uv": [3, 7, 13, 8], "rotation": 180, "texture": "#0"},
				"east": {"uv": [13, 5, 16, 9], "texture": "#0"},
				"south": {"uv": [2, 5, 13, 6], "texture": "#0"},
				"west": {"uv": [0, 0, 1, 1], "texture": "#0"},
				"up": {"uv": [2, 4, 13, 9], "texture": "#0"},
				"down": {"uv": [2, 4, 13, 9], "texture": "#0"}
			}
		},
		{
			"from": [2, 0, 7],
			"to": [14, 1, 9],
			"rotation": {"angle": 0, "axis": "y", "origin": [8, 0.5, 8]},
			"faces": {
				"north": {"uv": [3, 7, 13, 8], "rotation": 180, "texture": "#0"},
				"east": {"uv": [13, 5, 16, 9], "texture": "#0"},
				"south": {"uv": [2, 5, 13, 6], "texture": "#0"},
				"west": {"uv": [0, 0, 2, 1], "texture": "#0"},
				"up": {"uv": [2, 4, 13, 9], "texture": "#0"},
				"down": {"uv": [2, 4, 13, 9], "texture": "#0"}
			}
		},
		{
			"from": [3, 0, 6],
			"to": [13, 1, 7],
			"rotation": {"angle": 0, "axis": "y", "origin": [8, 0.5, 8]},
			"faces": {
				"north": {"uv": [3, 7, 13, 8], "rotation": 180, "texture": "#0"},
				"east": {"uv": [13, 5, 16, 9], "texture": "#0"},
				"south": {"uv": [2, 5, 13, 6], "texture": "#0"},
				"west": {"uv": [0, 12, 1, 13], "texture": "#0"},
				"up": {"uv": [2, 4, 13, 9], "texture": "#0"},
				"down": {"uv": [2, 4, 13, 9], "texture": "#0"}
			}
		},
		{
			"from": [4, 0, 5],
			"to": [12, 1, 6],
			"rotation": {"angle": 0, "axis": "y", "origin": [8, 0.5, 8]},
			"faces": {
				"north": {"uv": [3, 7, 13, 8], "rotation": 180, "texture": "#0"},
				"east": {"uv": [13, 5, 16, 9], "texture": "#0"},
				"south": {"uv": [2, 5, 13, 6], "texture": "#0"},
				"west": {"uv": [0, 0, 1, 1], "texture": "#0"},
				"up": {"uv": [2, 4, 13, 9], "texture": "#0"},
				"down": {"uv": [2, 4, 13, 9], "texture": "#0"}
			}
		},
		{
			"from": [4, 0, 10],
			"to": [12, 1, 11],
			"rotation": {"angle": 0, "axis": "y", "origin": [8, 0.5, 8]},
			"faces": {
				"north": {"uv": [3, 7, 13, 8], "rotation": 180, "texture": "#0"},
				"east": {"uv": [13, 5, 16, 9], "texture": "#0"},
				"south": {"uv": [2, 5, 13, 6], "texture": "#0"},
				"west": {"uv": [1, 0, 2, 1], "texture": "#0"},
				"up": {"uv": [2, 4, 13, 9], "texture": "#0"},
				"down": {"uv": [2, 4, 13, 9], "texture": "#0"}
			}
		},
		{
			"from": [3, 1, 7],
			"to": [13, 2, 9],
			"rotation": {"angle": 0, "axis": "y", "origin": [8, 0.5, 8]},
			"faces": {
				"north": {"uv": [3, 7, 13, 8], "rotation": 180, "texture": "#0"},
				"east": {"uv": [13, 5, 16, 9], "texture": "#0"},
				"south": {"uv": [2, 5, 13, 6], "texture": "#0"},
				"west": {"uv": [0, 0, 2, 1], "texture": "#0"},
				"up": {"uv": [2, 4, 13, 9], "texture": "#0"},
				"down": {"uv": [2, 4, 13, 9], "texture": "#0"}
			}
		},
		{
			"from": [4, 1, 6],
			"to": [12, 2, 7],
			"rotation": {"angle": 0, "axis": "y", "origin": [8, 0.5, 8]},
			"faces": {
				"north": {"uv": [3, 7, 13, 8], "rotation": 180, "texture": "#0"},
				"east": {"uv": [13, 5, 16, 9], "texture": "#0"},
				"south": {"uv": [2, 5, 13, 6], "texture": "#0"},
				"west": {"uv": [0, 0, 1, 1], "texture": "#0"},
				"up": {"uv": [2, 4, 13, 9], "texture": "#0"},
				"down": {"uv": [2, 4, 13, 9], "texture": "#0"}
			}
		},
		{
			"from": [4, 1, 9],
			"to": [12, 2, 10],
			"rotation": {"angle": 0, "axis": "y", "origin": [8, 0.5, 8]},
			"faces": {
				"north": {"uv": [3, 7, 13, 8], "rotation": 180, "texture": "#0"},
				"east": {"uv": [13, 5, 16, 9], "texture": "#0"},
				"south": {"uv": [2, 5, 13, 6], "texture": "#0"},
				"west": {"uv": [0, 0, 1, 1], "texture": "#0"},
				"up": {"uv": [2, 4, 13, 9], "texture": "#0"},
				"down": {"uv": [2, 4, 13, 9], "texture": "#0"}
			}
		},
		{
			"from": [4, -1, 6],
			"to": [12, 0, 7],
			"rotation": {"angle": 0, "axis": "y", "origin": [8, 0.5, 8]},
			"faces": {
				"north": {"uv": [3, 7, 13, 8], "rotation": 180, "texture": "#0"},
				"east": {"uv": [13, 5, 16, 9], "texture": "#0"},
				"south": {"uv": [2, 5, 13, 6], "texture": "#0"},
				"west": {"uv": [0, 0, 1, 1], "texture": "#0"},
				"up": {"uv": [2, 4, 13, 9], "texture": "#0"},
				"down": {"uv": [2, 4, 13, 9], "texture": "#0"}
			}
		},
		{
			"from": [3, -1, 7],
			"to": [13, 0, 9],
			"rotation": {"angle": 0, "axis": "y", "origin": [8, 0.5, 8]},
			"faces": {
				"north": {"uv": [3, 7, 13, 8], "rotation": 180, "texture": "#0"},
				"east": {"uv": [13, 5, 16, 9], "texture": "#0"},
				"south": {"uv": [2, 5, 13, 6], "texture": "#0"},
				"west": {"uv": [0, 0, 2, 1], "texture": "#0"},
				"up": {"uv": [2, 4, 13, 9], "texture": "#0"},
				"down": {"uv": [2, 4, 13, 9], "texture": "#0"}
			}
		},
		{
			"from": [4, -1, 9],
			"to": [12, 0, 10],
			"rotation": {"angle": 0, "axis": "y", "origin": [8, 0.5, 8]},
			"faces": {
				"north": {"uv": [3, 7, 13, 8], "rotation": 180, "texture": "#0"},
				"east": {"uv": [13, 5, 16, 9], "texture": "#0"},
				"south": {"uv": [2, 5, 13, 6], "texture": "#0"},
				"west": {"uv": [0, 0, 1, 1], "texture": "#0"},
				"up": {"uv": [2, 4, 13, 9], "texture": "#0"},
				"down": {"uv": [2, 4, 13, 9], "texture": "#0"}
			}
		}
	],
	"gui_light": "front",
	"display": {
		"thirdperson_righthand": {
			"rotation": [0, -90, -84],
			"translation": [0, 1.75, 3.75],
			"scale": [0.4, 0.4, 0.4]
		},
		"thirdperson_lefthand": {
			"rotation": [0, -90, -84],
			"translation": [0, 1.75, 3.75],
			"scale": [0.4, 0.4, 0.4]
		},
		"firstperson_righthand": {
			"rotation": [0, 90, 90],
			"translation": [-0.75, 4.5, 7],
			"scale": [0.5, 0.5, 0.5]
		},
		"firstperson_lefthand": {
			"rotation": [0, 90, 90],
			"translation": [-0.75, 4.5, 7],
			"scale": [0.5, 0.5, -0.5]
		},
		"ground": {
			"translation": [0, 1, 0],
			"scale": [0.5, 0.5, 0.5]
		},
		"gui": {
			"rotation": [43, -44, -6],
			"translation": [1.25, 6, 0],
			"scale": [1.4, 1.4, 1.4]
		},
		"fixed": {
			"rotation": [-90, 45, 0],
			"translation": [0, 0, -7],
			"scale": [0.9, 0.9, 0.9]
		}
	},
	"groups": [
		{
			"name": "sapphinecrystal",
			"origin": [8, 8, 8],
			"children": [
				{
					"name": "group",
					"origin": [15, 7, 17],
					"children": [0, 1, 2, 3, 4, 5, 6, 7, 8, 9, 10]
				}
			]
		}
	]
}