{
	"credit": "Made with Blockbench",
	"textures": {
		"0": "block/andesite",
		"1": "block/red_sand",
		"2": "block/yellow_concrete_powder",
		"3": "block/spruce_log",
		"particle": "block/andesite"
	},
	"elements": [
		{
			"from": [7.58309, -4.88882, 7.98228],
			"to": [8.33309, 8.73618, 8.73228],
			"rotation": {"angle": 0, "axis": "y", "origin": [7.95809, 0.39243, 8.32603]},
			"faces": {
				"north": {"uv": [1, 0, 2.75, 15.75], "texture": "#3"},
				"east": {"uv": [1, 0, 2.75, 15.75], "texture": "#3"},
				"south": {"uv": [1, 0, 2.75, 15.75], "texture": "#3"},
				"west": {"uv": [1, 0, 2.75, 15.75], "texture": "#3"},
				"up": {"uv": [1, 0, 2.75, 15.75], "texture": "#3"},
				"down": {"uv": [1, 0, 2.75, 15.75], "texture": "#3"}
			}
		},
		{
			"from": [7.20809, 8.92368, 7.85728],
			"to": [8.70809, 10.23618, 8.85728],
			"rotation": {"angle": 0, "axis": "y", "origin": [15.45809, 9.67368, 15.85728]},
			"faces": {
				"north": {"uv": [3, 2, 3.5, 3], "texture": "#1"},
				"east": {"uv": [3, 2, 3.5, 3], "texture": "#1"},
				"south": {"uv": [3, 2, 3.5, 3], "texture": "#1"},
				"west": {"uv": [3, 2, 3.5, 3], "texture": "#1"},
				"up": {"uv": [3, 2, 3.5, 3], "texture": "#1"},
				"down": {"uv": [3, 2, 3.5, 3], "texture": "#1"}
			}
		},
		{
			"from": [7.14559, 9.36118, 8.16978],
			"to": [8.77059, 9.79868, 8.54478],
			"rotation": {"angle": 0, "axis": "y", "origin": [15.45809, 9.67368, 15.85728]},
			"faces": {
				"north": {"uv": [3, 2, 3.5, 3], "texture": "#0"},
				"east": {"uv": [3, 2, 3.5, 3], "texture": "#0"},
				"south": {"uv": [3, 2, 3.5, 3], "texture": "#0"},
				"west": {"uv": [3, 2, 3.5, 3], "texture": "#0"},
				"up": {"uv": [3, 2, 3.5, 3], "texture": "#0"},
				"down": {"uv": [3, 2, 3.5, 3], "texture": "#0"}
			}
		},
		{
			"from": [7.39559, 7.86118, 7.73228],
			"to": [8.52059, 8.79868, 8.98228],
			"rotation": {"angle": 0, "axis": "y", "origin": [15.45809, 8.73618, 15.85728]},
			"faces": {
				"north": {"uv": [3, 2, 3.5, 3], "texture": "#1"},
				"east": {"uv": [3, 2, 3.5, 3], "texture": "#1"},
				"south": {"uv": [3, 2, 3.5, 3], "texture": "#1"},
				"west": {"uv": [3, 2, 3.5, 3], "texture": "#1"},
				"up": {"uv": [3, 2, 3.5, 3], "texture": "#1"},
				"down": {"uv": [3, 2, 3.5, 3], "texture": "#1"}
			}
		},
		{
			"from": [7.64559, 10.36118, 7.98228],
			"to": [8.27059, 10.73618, 8.66978],
			"rotation": {"angle": 0, "axis": "y", "origin": [15.45809, 11.23618, 15.85728]},
			"faces": {
				"north": {"uv": [10, 6, 10.5, 7], "texture": "#1"},
				"east": {"uv": [10, 6, 10.5, 7], "texture": "#1"},
				"south": {"uv": [10, 6, 10.5, 7], "texture": "#1"},
				"west": {"uv": [10, 6, 10.5, 7], "texture": "#1"},
				"up": {"uv": [10, 6, 10.5, 7], "texture": "#1"},
				"down": {"uv": [10, 6, 10.5, 7], "texture": "#1"}
			}
		},
		{
			"from": [7.83309, 10.73618, 8.16978],
			"to": [8.08309, 11.11118, 8.48228],
			"rotation": {"angle": 0, "axis": "y", "origin": [15.45809, 11.61118, 15.85728]},
			"faces": {
				"north": {"uv": [2, 2, 2.5, 3], "texture": "#1"},
				"east": {"uv": [2, 2, 2.5, 3], "texture": "#1"},
				"south": {"uv": [2, 2, 2.5, 3], "texture": "#1"},
				"west": {"uv": [2, 2, 2.5, 3], "texture": "#1"},
				"up": {"uv": [2, 2, 2.5, 3], "texture": "#1"},
				"down": {"uv": [2, 2, 2.5, 3], "texture": "#1"}
			}
		},
		{
			"from": [7.52059, 6.04868, 7.91978],
			"to": [8.39559, 6.42368, 8.79478],
			"rotation": {"angle": 0, "axis": "y", "origin": [15.45809, 6.92368, 15.85728]},
			"faces": {
				"north": {"uv": [4, 6, 4.5, 7], "texture": "#2"},
				"east": {"uv": [4, 6, 4.5, 7], "texture": "#2"},
				"south": {"uv": [4, 6, 4.5, 7], "texture": "#2"},
				"west": {"uv": [4, 6, 4.5, 7], "texture": "#2"},
				"up": {"uv": [4, 6, 4.5, 7], "texture": "#2"},
				"down": {"uv": [4, 6, 4.5, 7], "texture": "#2"}
			}
		},
		{
			"from": [7.52059, -5.70132, 7.91978],
			"to": [8.39559, -4.32632, 8.79478],
			"rotation": {"angle": 0, "axis": "y", "origin": [15.45809, -4.82632, 15.85728]},
			"faces": {
				"north": {"uv": [2, 2, 2.5, 3], "texture": "#1"},
				"east": {"uv": [2, 2, 2.5, 3], "texture": "#1"},
				"south": {"uv": [2, 2, 2.5, 3], "texture": "#1"},
				"west": {"uv": [2, 2, 2.5, 3], "texture": "#1"},
				"up": {"uv": [2, 2, 2.5, 3], "texture": "#1"},
				"down": {"uv": [2, 2, 2.5, 3], "texture": "#1"}
			}
		},
		{
			"from": [6.95059, 7.61368, 6.11728],
			"to": [9.12559, 10.73118, 6.62478],
			"rotation": {"angle": 0, "axis": "y", "origin": [16.73809, 9.64368, 14.59978]},
			"faces": {
				"north": {"uv": [2, 3.375, 2.5, 3], "texture": "#0"},
				"east": {"uv": [2, 3.375, 2.5, 3], "texture": "#0"},
				"south": {"uv": [2, 3.375, 2.5, 3], "texture": "#0"},
				"west": {"uv": [2, 3.375, 2.5, 3], "texture": "#0"},
				"up": {"uv": [2, 3.375, 2.5, 3], "texture": "#0"},
				"down": {"uv": [2, 3.375, 2.5, 3], "texture": "#0"}
			}
		},
		{
			"from": [6.66059, 7.03368, 4.73978],
			"to": [9.48809, 11.09368, 6.11728],
			"rotation": {"angle": 0, "axis": "y", "origin": [16.73809, 9.64368, 14.09228]},
			"faces": {
				"north": {"uv": [2, 2.375, 2.5, 2], "texture": "#0"},
				"east": {"uv": [2, 3.375, 2.5, 3], "texture": "#0"},
				"south": {"uv": [2, 3.375, 2.5, 3], "texture": "#0"},
				"west": {"uv": [2, 3.375, 2.5, 3], "texture": "#0"},
				"up": {"uv": [2, 3.375, 2.5, 3], "texture": "#0"},
				"down": {"uv": [2, 3.375, 2.5, 3], "texture": "#0"}
			}
		},
		{
			"from": [6.87809, 7.54118, 4.37728],
			"to": [9.27059, 10.65868, 4.73978],
			"rotation": {"angle": 0, "axis": "y", "origin": [16.73809, 9.64368, 12.71478]},
			"faces": {
				"north": {"uv": [2, 2.375, 2.5, 2], "texture": "#0"},
				"east": {"uv": [2, 3.375, 2.5, 3], "texture": "#0"},
				"south": {"uv": [2, 3.375, 2.5, 3], "texture": "#0"},
				"west": {"uv": [2, 3.375, 2.5, 3], "texture": "#0"},
				"up": {"uv": [2, 3.375, 2.5, 3], "texture": "#0"},
				"down": {"uv": [2, 3.375, 2.5, 3], "texture": "#0"}
			}
		},
		{
			"from": [7.31309, 8.41118, 8.93978],
			"to": [8.76309, 10.44118, 9.59228],
			"rotation": {"angle": 0, "axis": "y", "origin": [16.73809, 9.64368, 0.96478]},
			"faces": {
				"north": {"uv": [2, 3.375, 2.5, 3], "texture": "#0"},
				"east": {"uv": [2, 3.375, 2.5, 3], "texture": "#0"},
				"south": {"uv": [2, 3.375, 2.5, 3], "texture": "#0"},
				"west": {"uv": [2, 3.375, 2.5, 3], "texture": "#0"},
				"up": {"uv": [2, 3.375, 2.5, 3], "texture": "#0"},
				"down": {"uv": [2, 3.375, 2.5, 3], "texture": "#0"}
			}
		},
		{
			"from": [7.16809, 7.99618, 9.59228],
			"to": [8.90809, 10.77368, 10.71478],
			"rotation": {"angle": 0, "axis": "y", "origin": [16.73809, 9.64368, 1.61728]},
			"faces": {
				"north": {"uv": [2, 3.375, 2.5, 3], "texture": "#0"},
				"east": {"uv": [2, 3.375, 2.5, 3], "texture": "#0"},
				"south": {"uv": [1, 1.375, 1.5, 1], "texture": "#0"},
				"west": {"uv": [2, 3.375, 2.5, 3], "texture": "#0"},
				"up": {"uv": [2, 3.375, 2.5, 3], "texture": "#0"},
				"down": {"uv": [2, 3.375, 2.5, 3], "texture": "#0"}
			}
		},
		{
			"from": [7.41809, 8.30868, 10.71728],
			"to": [8.65809, 10.46118, 10.96478],
			"rotation": {"angle": 0, "axis": "y", "origin": [16.73809, 9.64368, 2.74228]},
			"faces": {
				"north": {"uv": [2, 3.375, 2.5, 3], "texture": "#0"},
				"east": {"uv": [2, 3.375, 2.5, 3], "texture": "#0"},
				"south": {"uv": [1, 1.375, 1.5, 1], "texture": "#0"},
				"west": {"uv": [2, 3.375, 2.5, 3], "texture": "#0"},
				"up": {"uv": [2, 3.375, 2.5, 3], "texture": "#0"},
				"down": {"uv": [2, 3.375, 2.5, 3], "texture": "#0"}
			}
		},
		{
			"from": [7.16809, 8.12118, 6.62478],
			"to": [8.90809, 10.58618, 7.05978],
			"rotation": {"angle": 0, "axis": "y", "origin": [16.73809, 9.64368, 15.03478]},
			"faces": {
				"north": {"uv": [2, 3.375, 2.5, 3], "texture": "#0"},
				"east": {"uv": [2, 3.375, 2.5, 3], "texture": "#0"},
				"south": {"uv": [2, 3.375, 2.5, 3], "texture": "#0"},
				"west": {"uv": [2, 3.375, 2.5, 3], "texture": "#0"},
				"up": {"uv": [2, 3.375, 2.5, 3], "texture": "#0"},
				"down": {"uv": [2, 3.375, 2.5, 3], "texture": "#0"}
			}
		},
		{
			"from": [7.31309, 8.41118, 7.05978],
			"to": [8.76309, 10.44118, 7.71228],
			"rotation": {"angle": 0, "axis": "y", "origin": [16.73809, 9.64368, 15.68728]},
			"faces": {
				"north": {"uv": [2, 3.375, 2.5, 3], "texture": "#0"},
				"east": {"uv": [2, 3.375, 2.5, 3], "texture": "#0"},
				"south": {"uv": [2, 3.375, 2.5, 3], "texture": "#0"},
				"west": {"uv": [2, 3.375, 2.5, 3], "texture": "#0"},
				"up": {"uv": [2, 3.375, 2.5, 3], "texture": "#0"},
				"down": {"uv": [2, 3.375, 2.5, 3], "texture": "#0"}
			}
		},
		{
			"from": [7.33309, 8.79868, 7.73228],
			"to": [8.58309, 10.36118, 8.98228],
			"rotation": {"angle": 0, "axis": "y", "origin": [15.45809, 9.67368, 15.85728]},
			"faces": {
				"north": {"uv": [2, 3.375, 2.5, 3], "texture": "#0"},
				"east": {"uv": [2, 3.375, 2.5, 3], "texture": "#0"},
				"south": {"uv": [2, 3.375, 2.5, 3], "texture": "#0"},
				"west": {"uv": [2, 3.375, 2.5, 3], "texture": "#0"},
				"up": {"uv": [2, 3.375, 2.5, 3], "texture": "#0"},
				"down": {"uv": [2, 3.375, 2.5, 3], "texture": "#0"}
			}
		}
	],
	"gui_light": "front",
	"display": {
		"thirdperson_righthand": {
			"translation": [-0.5, 4.25, 1]
		},
		"thirdperson_lefthand": {
			"translation": [-0.5, 4.25, 1]
		},
		"firstperson_righthand": {
			"rotation": [4, 2, -12],
			"translation": [-1.25, 10.25, 4.5]
		},
		"firstperson_lefthand": {
			"rotation": [4, 2, -12],
			"translation": [-1.25, 10.25, 4.5]
		},
		"ground": {
			"rotation": [0, 0, -180],
			"translation": [0, -1.5, 0]
		},
		"gui": {
			"rotation": [90, 45, -90],
			"translation": [3.25, 2.5, 0],
			"scale": [1.08, 1.08, 1.08]
		},
		"fixed": {
			"rotation": [-90, -45, -90],
			"translation": [3.75, 4.25, 0],
			"scale": [1.26, 1.26, 1.26]
		}
	},
	"groups": [0,
		{
			"name": "group",
			"origin": [16, -3.75, 16],
			"children": [1, 2, 3, 4, 5, 6, 7]
		},
		{
			"name": "group",
			"origin": [16, 10.75, 16],
			"children": [8, 9, 10, 11, 12, 13, 14, 15, 16]
		}
	]
}