{
	"credit": "Made with Blockbench",
	"textures": {
		"0": "item/cdf",
		"particle": "item/cdf"
	},
	"elements": [
		{
			"name": "cdf_0",
			"from": [6, 7.5, 1.05556],
			"to": [10, 8.5, 14.05556],
			"rotation": {"angle": 0, "axis": "y", "origin": [0, 7.5, -0.94444]},
			"faces": {
				"north": {"uv": [10, 2, 6, 3], "texture": "#0"},
				"east": {"uv": [9, 2, 10, 15], "rotation": 90, "texture": "#0"},
				"south": {"uv": [6, 14, 10, 15], "texture": "#0"},
				"west": {"uv": [6, 2, 7, 15], "rotation": 270, "texture": "#0"},
				"up": {"uv": [6, 2, 10, 15], "texture": "#0"},
				"down": {"uv": [6, 15, 10, 2], "texture": "#0"}
			}
		},
		{
			"name": "cdf_1",
			"from": [5, 7.5, 2.05556],
			"to": [6, 8.5, 14.05556],
			"rotation": {"angle": 0, "axis": "y", "origin": [0, 7.5, -0.94444]},
			"faces": {
				"north": {"uv": [6, 3, 5, 4], "texture": "#0"},
				"east": {"uv": [5, 3, 6, 15], "rotation": 90, "texture": "#0"},
				"south": {"uv": [5, 14, 6, 15], "texture": "#0"},
				"west": {"uv": [5, 3, 6, 15], "rotation": 270, "texture": "#0"},
				"up": {"uv": [5, 3, 6, 15], "texture": "#0"},
				"down": {"uv": [5, 15, 6, 3], "texture": "#0"}
			}
		},
		{
			"name": "cdf_2",
			"from": [10, 7.5, 2.05556],
			"to": [11, 8.5, 14.05556],
			"rotation": {"angle": 0, "axis": "y", "origin": [0, 7.5, -0.94444]},
			"faces": {
				"north": {"uv": [11, 3, 10, 4], "texture": "#0"},
				"east": {"uv": [10, 3, 11, 15], "rotation": 90, "texture": "#0"},
				"south": {"uv": [10, 14, 11, 15], "texture": "#0"},
				"west": {"uv": [10, 3, 11, 15], "rotation": 270, "texture": "#0"},
				"up": {"uv": [10, 3, 11, 15], "texture": "#0"},
				"down": {"uv": [10, 15, 11, 3], "texture": "#0"}
			}
		},
		{
			"name": "cdf_3",
			"from": [4, 7.5, 3.05556],
			"to": [5, 8.5, 13.05556],
			"rotation": {"angle": 0, "axis": "y", "origin": [0, 7.5, -0.94444]},
			"faces": {
				"north": {"uv": [5, 4, 4, 5], "texture": "#0"},
				"east": {"uv": [4, 4, 5, 14], "rotation": 90, "texture": "#0"},
				"south": {"uv": [4, 13, 5, 14], "texture": "#0"},
				"west": {"uv": [4, 4, 5, 14], "rotation": 270, "texture": "#0"},
				"up": {"uv": [4, 4, 5, 14], "texture": "#0"},
				"down": {"uv": [4, 14, 5, 4], "texture": "#0"}
			}
		},
		{
			"name": "cdf_4",
			"from": [11, 7.5, 3.05556],
			"to": [12, 8.5, 13.05556],
			"rotation": {"angle": 0, "axis": "y", "origin": [0, 7.5, -0.94444]},
			"faces": {
				"north": {"uv": [12, 4, 11, 5], "texture": "#0"},
				"east": {"uv": [11, 4, 12, 14], "rotation": 90, "texture": "#0"},
				"south": {"uv": [11, 13, 12, 14], "texture": "#0"},
				"west": {"uv": [11, 4, 12, 14], "rotation": 270, "texture": "#0"},
				"up": {"uv": [11, 4, 12, 14], "texture": "#0"},
				"down": {"uv": [11, 14, 12, 4], "texture": "#0"}
			}
		},
		{
			"name": "cdf_5",
			"from": [3, 7.5, 4.05556],
			"to": [4, 8.5, 12.05556],
			"rotation": {"angle": 0, "axis": "y", "origin": [0, 7.5, -0.94444]},
			"faces": {
				"north": {"uv": [4, 5, 3, 6], "texture": "#0"},
				"east": {"uv": [3, 5, 4, 13], "rotation": 90, "texture": "#0"},
				"south": {"uv": [3, 12, 4, 13], "texture": "#0"},
				"west": {"uv": [3, 5, 4, 13], "rotation": 270, "texture": "#0"},
				"up": {"uv": [3, 5, 4, 13], "texture": "#0"},
				"down": {"uv": [3, 13, 4, 5], "texture": "#0"}
			}
		},
		{
			"name": "cdf_6",
			"from": [12, 7.5, 4.05556],
			"to": [13, 8.5, 12.05556],
			"rotation": {"angle": 0, "axis": "y", "origin": [0, 7.5, -0.94444]},
			"faces": {
				"north": {"uv": [13, 5, 12, 6], "texture": "#0"},
				"east": {"uv": [12, 5, 13, 13], "rotation": 90, "texture": "#0"},
				"south": {"uv": [12, 12, 13, 13], "texture": "#0"},
				"west": {"uv": [12, 5, 13, 13], "rotation": 270, "texture": "#0"},
				"up": {"uv": [12, 5, 13, 13], "texture": "#0"},
				"down": {"uv": [12, 13, 13, 5], "texture": "#0"}
			}
		},
		{
			"name": "cdf_7",
			"from": [2, 7.5, 6.05556],
			"to": [3, 8.5, 10.05556],
			"rotation": {"angle": 0, "axis": "y", "origin": [0, 7.5, -0.94444]},
			"faces": {
				"north": {"uv": [3, 7, 2, 8], "texture": "#0"},
				"east": {"uv": [2, 7, 3, 11], "rotation": 90, "texture": "#0"},
				"south": {"uv": [2, 10, 3, 11], "texture": "#0"},
				"west": {"uv": [2, 7, 3, 11], "rotation": 270, "texture": "#0"},
				"up": {"uv": [2, 7, 3, 11], "texture": "#0"},
				"down": {"uv": [2, 11, 3, 7], "texture": "#0"}
			}
		},
		{
			"name": "cdf_8",
			"from": [13, 7.5, 6.05556],
			"to": [14, 8.5, 10.05556],
			"rotation": {"angle": 0, "axis": "y", "origin": [0, 7.5, -0.94444]},
			"faces": {
				"north": {"uv": [14, 7, 13, 8], "texture": "#0"},
				"east": {"uv": [13, 7, 14, 11], "rotation": 90, "texture": "#0"},
				"south": {"uv": [13, 10, 14, 11], "texture": "#0"},
				"west": {"uv": [13, 7, 14, 11], "rotation": 270, "texture": "#0"},
				"up": {"uv": [13, 7, 14, 11], "texture": "#0"},
				"down": {"uv": [13, 11, 14, 7], "texture": "#0"}
			}
		}
	],
	"gui_light": "front",
	"display": {
		"thirdperson_righthand": {
			"rotation": [77, 0, 0],
			"translation": [0, 1, 0.75],
			"scale": [0.21, 0.21, 0.21]
		},
		"thirdperson_lefthand": {
			"rotation": [77, 0, 0],
			"translation": [0, 1, 0.75],
			"scale": [0.21, 0.21, 0.21]
		},
		"firstperson_righthand": {
			"rotation": [88, -3, 47],
			"translation": [0, 4, 2.25],
			"scale": [0.34, 0.34, 0.34]
		},
		"firstperson_lefthand": {
			"rotation": [88, -3, 47],
			"translation": [0, 4, 2.25],
			"scale": [0.34, 0.34, 0.34]
		},
		"ground": {
			"rotation": [90, 0, 0],
			"scale": [0.33, 0.33, 0.33]
		},
		"gui": {
			"rotation": [90, 0, 0],
			"translation": [0.5, -1, 0]
		},
		"fixed": {
			"rotation": [90, 0, 0],
			"translation": [0.25, -0.5, 0],
			"scale": [0.76, 0.76, 0.76]
		}
	},
	"groups": [
		{
			"name": "cdf",
			"origin": [8, 8, 8],
			"color": 0,
			"children": [0, 1, 2, 3, 4, 5, 6, 7, 8]
		}
	]
}