{
	"credit": "Made with Blockbench",
	"textures": {
		"0": "item/cellulosepulp",
		"particle": "item/cellulosepulp"
	},
	"elements": [
		{
			"name": "cellulosepulp_0",
			"from": [4.90909, 7.5, 1.59091],
			"to": [9.90909, 8.5, 8.59091],
			"rotation": {"angle": 0, "axis": "y", "origin": [-0.09091, 7.5, -0.40909]},
			"faces": {
				"north": {"uv": [10, 2, 5, 3], "texture": "#0"},
				"east": {"uv": [9, 2, 10, 9], "rotation": 90, "texture": "#0"},
				"south": {"uv": [5, 8, 10, 9], "texture": "#0"},
				"west": {"uv": [5, 2, 6, 9], "rotation": 270, "texture": "#0"},
				"up": {"uv": [5, 2, 10, 9], "texture": "#0"},
				"down": {"uv": [5, 9, 10, 2], "texture": "#0"}
			}
		},
		{
			"name": "cellulosepulp_1",
			"from": [2.90909, 7.5, 2.59091],
			"to": [4.90909, 8.5, 10.59091],
			"rotation": {"angle": 0, "axis": "y", "origin": [-0.09091, 7.5, -0.40909]},
			"faces": {
				"north": {"uv": [5, 3, 3, 4], "texture": "#0"},
				"east": {"uv": [4, 3, 5, 11], "rotation": 90, "texture": "#0"},
				"south": {"uv": [3, 10, 5, 11], "texture": "#0"},
				"west": {"uv": [3, 3, 4, 11], "rotation": 270, "texture": "#0"},
				"up": {"uv": [3, 3, 5, 11], "texture": "#0"},
				"down": {"uv": [3, 11, 5, 3], "texture": "#0"}
			}
		},
		{
			"name": "cellulosepulp_2",
			"from": [9.90909, 7.5, 2.59091],
			"to": [10.90909, 8.5, 12.59091],
			"rotation": {"angle": 0, "axis": "y", "origin": [-0.09091, 7.5, -0.40909]},
			"faces": {
				"north": {"uv": [11, 3, 10, 4], "texture": "#0"},
				"east": {"uv": [10, 3, 11, 13], "rotation": 90, "texture": "#0"},
				"south": {"uv": [10, 12, 11, 13], "texture": "#0"},
				"west": {"uv": [10, 3, 11, 13], "rotation": 270, "texture": "#0"},
				"up": {"uv": [10, 3, 11, 13], "texture": "#0"},
				"down": {"uv": [10, 13, 11, 3], "texture": "#0"}
			}
		},
		{
			"name": "cellulosepulp_3",
			"from": [1.90909, 7.5, 3.59091],
			"to": [2.90909, 8.5, 7.59091],
			"rotation": {"angle": 0, "axis": "y", "origin": [-0.09091, 7.5, -0.40909]},
			"faces": {
				"north": {"uv": [3, 4, 2, 5], "texture": "#0"},
				"east": {"uv": [2, 4, 3, 8], "rotation": 90, "texture": "#0"},
				"south": {"uv": [2, 7, 3, 8], "texture": "#0"},
				"west": {"uv": [2, 4, 3, 8], "rotation": 270, "texture": "#0"},
				"up": {"uv": [2, 4, 3, 8], "texture": "#0"},
				"down": {"uv": [2, 8, 3, 4], "texture": "#0"}
			}
		},
		{
			"name": "cellulosepulp_4",
			"from": [10.90909, 7.5, 3.59091],
			"to": [12.90909, 8.5, 8.59091],
			"rotation": {"angle": 0, "axis": "y", "origin": [-0.09091, 7.5, -0.40909]},
			"faces": {
				"north": {"uv": [13, 4, 11, 5], "texture": "#0"},
				"east": {"uv": [12, 4, 13, 9], "rotation": 90, "texture": "#0"},
				"south": {"uv": [11, 8, 13, 9], "texture": "#0"},
				"west": {"uv": [11, 4, 12, 9], "rotation": 270, "texture": "#0"},
				"up": {"uv": [11, 4, 13, 9], "texture": "#0"},
				"down": {"uv": [11, 9, 13, 4], "texture": "#0"}
			}
		},
		{
			"name": "cellulosepulp_5",
			"from": [12.90909, 7.5, 4.59091],
			"to": [13.90909, 8.5, 7.59091],
			"rotation": {"angle": 0, "axis": "y", "origin": [-0.09091, 7.5, -0.40909]},
			"faces": {
				"north": {"uv": [14, 5, 13, 6], "texture": "#0"},
				"east": {"uv": [13, 5, 14, 8], "rotation": 90, "texture": "#0"},
				"south": {"uv": [13, 7, 14, 8], "texture": "#0"},
				"west": {"uv": [13, 5, 14, 8], "rotation": 270, "texture": "#0"},
				"up": {"uv": [13, 5, 14, 8], "texture": "#0"},
				"down": {"uv": [13, 8, 14, 5], "texture": "#0"}
			}
		},
		{
			"name": "cellulosepulp_6",
			"from": [4.90909, 7.5, 8.59091],
			"to": [5.90909, 8.5, 10.59091],
			"rotation": {"angle": 0, "axis": "y", "origin": [-0.09091, 7.5, -0.40909]},
			"faces": {
				"north": {"uv": [6, 9, 5, 10], "texture": "#0"},
				"east": {"uv": [5, 9, 6, 11], "rotation": 90, "texture": "#0"},
				"south": {"uv": [5, 10, 6, 11], "texture": "#0"},
				"west": {"uv": [5, 9, 6, 11], "rotation": 270, "texture": "#0"},
				"up": {"uv": [5, 9, 6, 11], "texture": "#0"},
				"down": {"uv": [5, 11, 6, 9], "texture": "#0"}
			}
		},
		{
			"name": "cellulosepulp_7",
			"from": [6.90909, 7.5, 8.59091],
			"to": [9.90909, 8.5, 9.59091],
			"rotation": {"angle": 0, "axis": "y", "origin": [-0.09091, 7.5, -0.40909]},
			"faces": {
				"north": {"uv": [10, 9, 7, 10], "texture": "#0"},
				"east": {"uv": [9, 9, 10, 10], "rotation": 90, "texture": "#0"},
				"south": {"uv": [7, 9, 10, 10], "texture": "#0"},
				"west": {"uv": [7, 9, 8, 10], "rotation": 270, "texture": "#0"},
				"up": {"uv": [7, 9, 10, 10], "texture": "#0"},
				"down": {"uv": [7, 10, 10, 9], "texture": "#0"}
			}
		},
		{
			"name": "cellulosepulp_8",
			"from": [10.90909, 7.5, 8.59091],
			"to": [11.90909, 8.5, 10.59091],
			"rotation": {"angle": 0, "axis": "y", "origin": [-0.09091, 7.5, -0.40909]},
			"faces": {
				"north": {"uv": [12, 9, 11, 10], "texture": "#0"},
				"east": {"uv": [11, 9, 12, 11], "rotation": 90, "texture": "#0"},
				"south": {"uv": [11, 10, 12, 11], "texture": "#0"},
				"west": {"uv": [11, 9, 12, 11], "rotation": 270, "texture": "#0"},
				"up": {"uv": [11, 9, 12, 11], "texture": "#0"},
				"down": {"uv": [11, 11, 12, 9], "texture": "#0"}
			}
		},
		{
			"name": "cellulosepulp_9",
			"from": [7.90909, 7.5, 9.59091],
			"to": [9.90909, 8.5, 10.59091],
			"rotation": {"angle": 0, "axis": "y", "origin": [-0.09091, 7.5, -0.40909]},
			"faces": {
				"north": {"uv": [10, 10, 8, 11], "texture": "#0"},
				"east": {"uv": [9, 10, 10, 11], "rotation": 90, "texture": "#0"},
				"south": {"uv": [8, 10, 10, 11], "texture": "#0"},
				"west": {"uv": [8, 10, 9, 11], "rotation": 270, "texture": "#0"},
				"up": {"uv": [8, 10, 10, 11], "texture": "#0"},
				"down": {"uv": [8, 11, 10, 10], "texture": "#0"}
			}
		},
		{
			"name": "cellulosepulp_10",
			"from": [3.90909, 7.5, 10.59091],
			"to": [4.90909, 8.5, 14.59091],
			"rotation": {"angle": 0, "axis": "y", "origin": [-0.09091, 7.5, -0.40909]},
			"faces": {
				"north": {"uv": [5, 11, 4, 12], "texture": "#0"},
				"east": {"uv": [4, 11, 5, 15], "rotation": 90, "texture": "#0"},
				"south": {"uv": [4, 14, 5, 15], "texture": "#0"},
				"west": {"uv": [4, 11, 5, 15], "rotation": 270, "texture": "#0"},
				"up": {"uv": [4, 11, 5, 15], "texture": "#0"},
				"down": {"uv": [4, 15, 5, 11], "texture": "#0"}
			}
		}
	],
	"gui_light": "front",
	"display": {
		"thirdperson_righthand": {
			"rotation": [93, 0, 0],
			"translation": [0, 0.75, 0.75],
			"scale": [0.31, 0.31, 0.31]
		},
		"thirdperson_lefthand": {
			"rotation": [93, 0, 0],
			"translation": [0, 0.75, 0.75],
			"scale": [0.31, 0.31, 0.31]
		},
		"firstperson_righthand": {
			"rotation": [95, -3, 35],
			"translation": [-2.75, 5, 5.25],
			"scale": [0.31, 0.31, 0.31]
		},
		"firstperson_lefthand": {
			"rotation": [95, -3, 35],
			"translation": [-2.75, 5, 5.25],
			"scale": [0.31, 0.31, 0.31]
		},
		"ground": {
			"rotation": [90, 0, 0],
			"scale": [0.32, 0.32, 0.32]
		},
		"gui": {
			"rotation": [100, 0, 0],
			"translation": [0.25, 0, 0]
		},
		"fixed": {
			"rotation": [90, 0, 0],
			"translation": [0.5, -0.5, 0]
		}
	},
	"groups": [
		{
			"name": "cellulosepulp",
			"origin": [8, 8, 8],
			"color": 0,
			"children": [0, 1, 2, 3, 4, 5, 6, 7, 8, 9, 10]
		}
	]
}