{
	"credit": "Made with Blockbench",
	"textures": {
		"0": "item/cellulosepellet",
		"particle": "item/cellulosepellet"
	},
	"elements": [
		{
			"name": "cellulosepellet_0",
			"from": [10.29167, 7.5, -0.0625],
			"to": [12.29167, 8.5, 7.9375],
			"rotation": {"angle": 0, "axis": "y", "origin": [-0.70833, 7.5, -0.0625]},
			"faces": {
				"north": {"uv": [13, 0, 11, 1], "texture": "#0"},
				"east": {"uv": [12, 0, 13, 8], "rotation": 90, "texture": "#0"},
				"south": {"uv": [11, 7, 13, 8], "texture": "#0"},
				"west": {"uv": [11, 0, 12, 8], "rotation": 270, "texture": "#0"},
				"up": {"uv": [11, 0, 13, 8], "texture": "#0"},
				"down": {"uv": [11, 8, 13, 0], "texture": "#0"}
			}
		},
		{
			"name": "cellulosepellet_1",
			"from": [1.29167, 7.5, 0.9375],
			"to": [3.29167, 8.5, 4.9375],
			"rotation": {"angle": 0, "axis": "y", "origin": [-0.70833, 7.5, -0.0625]},
			"faces": {
				"north": {"uv": [4, 1, 2, 2], "texture": "#0"},
				"east": {"uv": [3, 1, 4, 5], "rotation": 90, "texture": "#0"},
				"south": {"uv": [2, 4, 4, 5], "texture": "#0"},
				"west": {"uv": [2, 1, 3, 5], "rotation": 270, "texture": "#0"},
				"up": {"uv": [2, 1, 4, 5], "texture": "#0"},
				"down": {"uv": [2, 5, 4, 1], "texture": "#0"}
			}
		},
		{
			"name": "cellulosepellet_2",
			"from": [9.29167, 7.5, 0.9375],
			"to": [10.29167, 8.5, 3.9375],
			"rotation": {"angle": 0, "axis": "y", "origin": [-0.70833, 7.5, -0.0625]},
			"faces": {
				"north": {"uv": [11, 1, 10, 2], "texture": "#0"},
				"east": {"uv": [10, 1, 11, 4], "rotation": 90, "texture": "#0"},
				"south": {"uv": [10, 3, 11, 4], "texture": "#0"},
				"west": {"uv": [10, 1, 11, 4], "rotation": 270, "texture": "#0"},
				"up": {"uv": [10, 1, 11, 4], "texture": "#0"},
				"down": {"uv": [10, 4, 11, 1], "texture": "#0"}
			}
		},
		{
			"name": "cellulosepellet_3",
			"from": [12.29167, 7.5, 0.9375],
			"to": [14.29167, 8.5, 2.9375],
			"rotation": {"angle": 0, "axis": "y", "origin": [-0.70833, 7.5, -0.0625]},
			"faces": {
				"north": {"uv": [15, 1, 13, 2], "texture": "#0"},
				"east": {"uv": [14, 1, 15, 3], "rotation": 90, "texture": "#0"},
				"south": {"uv": [13, 2, 15, 3], "texture": "#0"},
				"west": {"uv": [13, 1, 14, 3], "rotation": 270, "texture": "#0"},
				"up": {"uv": [13, 1, 15, 3], "texture": "#0"},
				"down": {"uv": [13, 3, 15, 1], "texture": "#0"}
			}
		},
		{
			"name": "cellulosepellet_4",
			"from": [0.29167, 7.5, 1.9375],
			"to": [1.29167, 8.5, 3.9375],
			"rotation": {"angle": 0, "axis": "y", "origin": [-0.70833, 7.5, -0.0625]},
			"faces": {
				"north": {"uv": [2, 2, 1, 3], "texture": "#0"},
				"east": {"uv": [1, 2, 2, 4], "rotation": 90, "texture": "#0"},
				"south": {"uv": [1, 3, 2, 4], "texture": "#0"},
				"west": {"uv": [1, 2, 2, 4], "rotation": 270, "texture": "#0"},
				"up": {"uv": [1, 2, 2, 4], "texture": "#0"},
				"down": {"uv": [1, 4, 2, 2], "texture": "#0"}
			}
		},
		{
			"name": "cellulosepellet_5",
			"from": [3.29167, 7.5, 1.9375],
			"to": [5.29167, 8.5, 5.9375],
			"rotation": {"angle": 0, "axis": "y", "origin": [-0.70833, 7.5, -0.0625]},
			"faces": {
				"north": {"uv": [6, 2, 4, 3], "texture": "#0"},
				"east": {"uv": [5, 2, 6, 6], "rotation": 90, "texture": "#0"},
				"south": {"uv": [4, 5, 6, 6], "texture": "#0"},
				"west": {"uv": [4, 2, 5, 6], "rotation": 270, "texture": "#0"},
				"up": {"uv": [4, 2, 6, 6], "texture": "#0"},
				"down": {"uv": [4, 6, 6, 2], "texture": "#0"}
			}
		},
		{
			"name": "cellulosepellet_6",
			"from": [8.29167, 7.5, 1.9375],
			"to": [9.29167, 8.5, 2.9375],
			"rotation": {"angle": 0, "axis": "y", "origin": [-0.70833, 7.5, -0.0625]},
			"faces": {
				"north": {"uv": [10, 2, 9, 3], "texture": "#0"},
				"east": {"uv": [9, 2, 10, 3], "rotation": 90, "texture": "#0"},
				"south": {"uv": [9, 2, 10, 3], "texture": "#0"},
				"west": {"uv": [9, 2, 10, 3], "rotation": 270, "texture": "#0"},
				"up": {"uv": [9, 2, 10, 3], "texture": "#0"},
				"down": {"uv": [9, 3, 10, 2], "texture": "#0"}
			}
		},
		{
			"name": "cellulosepellet_7",
			"from": [5.29167, 7.5, 2.9375],
			"to": [6.29167, 8.5, 4.9375],
			"rotation": {"angle": 0, "axis": "y", "origin": [-0.70833, 7.5, -0.0625]},
			"faces": {
				"north": {"uv": [7, 3, 6, 4], "texture": "#0"},
				"east": {"uv": [6, 3, 7, 5], "rotation": 90, "texture": "#0"},
				"south": {"uv": [6, 4, 7, 5], "texture": "#0"},
				"west": {"uv": [6, 3, 7, 5], "rotation": 270, "texture": "#0"},
				"up": {"uv": [6, 3, 7, 5], "texture": "#0"},
				"down": {"uv": [6, 5, 7, 3], "texture": "#0"}
			}
		},
		{
			"name": "cellulosepellet_8",
			"from": [12.29167, 7.5, 2.9375],
			"to": [13.29167, 8.5, 3.9375],
			"rotation": {"angle": 0, "axis": "y", "origin": [-0.70833, 7.5, -0.0625]},
			"faces": {
				"north": {"uv": [14, 3, 13, 4], "texture": "#0"},
				"east": {"uv": [13, 3, 14, 4], "rotation": 90, "texture": "#0"},
				"south": {"uv": [13, 3, 14, 4], "texture": "#0"},
				"west": {"uv": [13, 3, 14, 4], "rotation": 270, "texture": "#0"},
				"up": {"uv": [13, 3, 14, 4], "texture": "#0"},
				"down": {"uv": [13, 4, 14, 3], "texture": "#0"}
			}
		},
		{
			"name": "cellulosepellet_9",
			"from": [8.29167, 7.5, 4.9375],
			"to": [10.29167, 8.5, 8.9375],
			"rotation": {"angle": 0, "axis": "y", "origin": [-0.70833, 7.5, -0.0625]},
			"faces": {
				"north": {"uv": [11, 5, 9, 6], "texture": "#0"},
				"east": {"uv": [10, 5, 11, 9], "rotation": 90, "texture": "#0"},
				"south": {"uv": [9, 8, 11, 9], "texture": "#0"},
				"west": {"uv": [9, 5, 10, 9], "rotation": 270, "texture": "#0"},
				"up": {"uv": [9, 5, 11, 9], "texture": "#0"},
				"down": {"uv": [9, 9, 11, 5], "texture": "#0"}
			}
		},
		{
			"name": "cellulosepellet_10",
			"from": [7.29167, 7.5, 5.9375],
			"to": [8.29167, 8.5, 8.9375],
			"rotation": {"angle": 0, "axis": "y", "origin": [-0.70833, 7.5, -0.0625]},
			"faces": {
				"north": {"uv": [9, 6, 8, 7], "texture": "#0"},
				"east": {"uv": [8, 6, 9, 9], "rotation": 90, "texture": "#0"},
				"south": {"uv": [8, 8, 9, 9], "texture": "#0"},
				"west": {"uv": [8, 6, 9, 9], "rotation": 270, "texture": "#0"},
				"up": {"uv": [8, 6, 9, 9], "texture": "#0"},
				"down": {"uv": [8, 9, 9, 6], "texture": "#0"}
			}
		},
		{
			"name": "cellulosepellet_11",
			"from": [12.29167, 7.5, 5.9375],
			"to": [13.29167, 8.5, 6.9375],
			"rotation": {"angle": 0, "axis": "y", "origin": [-0.70833, 7.5, -0.0625]},
			"faces": {
				"north": {"uv": [14, 6, 13, 7], "texture": "#0"},
				"east": {"uv": [13, 6, 14, 7], "rotation": 90, "texture": "#0"},
				"south": {"uv": [13, 6, 14, 7], "texture": "#0"},
				"west": {"uv": [13, 6, 14, 7], "rotation": 270, "texture": "#0"},
				"up": {"uv": [13, 6, 14, 7], "texture": "#0"},
				"down": {"uv": [13, 7, 14, 6], "texture": "#0"}
			}
		},
		{
			"name": "cellulosepellet_12",
			"from": [2.29167, 7.5, 7.9375],
			"to": [4.29167, 8.5, 11.9375],
			"rotation": {"angle": 0, "axis": "y", "origin": [-0.70833, 7.5, -0.0625]},
			"faces": {
				"north": {"uv": [5, 8, 3, 9], "texture": "#0"},
				"east": {"uv": [4, 8, 5, 12], "rotation": 90, "texture": "#0"},
				"south": {"uv": [3, 11, 5, 12], "texture": "#0"},
				"west": {"uv": [3, 8, 4, 12], "rotation": 270, "texture": "#0"},
				"up": {"uv": [3, 8, 5, 12], "texture": "#0"},
				"down": {"uv": [3, 12, 5, 8], "texture": "#0"}
			}
		},
		{
			"name": "cellulosepellet_13",
			"from": [1.29167, 7.5, 8.9375],
			"to": [2.29167, 8.5, 12.9375],
			"rotation": {"angle": 0, "axis": "y", "origin": [-0.70833, 7.5, -0.0625]},
			"faces": {
				"north": {"uv": [3, 9, 2, 10], "texture": "#0"},
				"east": {"uv": [2, 9, 3, 13], "rotation": 90, "texture": "#0"},
				"south": {"uv": [2, 12, 3, 13], "texture": "#0"},
				"west": {"uv": [2, 9, 3, 13], "rotation": 270, "texture": "#0"},
				"up": {"uv": [2, 9, 3, 13], "texture": "#0"},
				"down": {"uv": [2, 13, 3, 9], "texture": "#0"}
			}
		},
		{
			"name": "cellulosepellet_14",
			"from": [4.29167, 7.5, 8.9375],
			"to": [5.29167, 8.5, 10.9375],
			"rotation": {"angle": 0, "axis": "y", "origin": [-0.70833, 7.5, -0.0625]},
			"faces": {
				"north": {"uv": [6, 9, 5, 10], "texture": "#0"},
				"east": {"uv": [5, 9, 6, 11], "rotation": 90, "texture": "#0"},
				"south": {"uv": [5, 10, 6, 11], "texture": "#0"},
				"west": {"uv": [5, 9, 6, 11], "rotation": 270, "texture": "#0"},
				"up": {"uv": [5, 9, 6, 11], "texture": "#0"},
				"down": {"uv": [5, 11, 6, 9], "texture": "#0"}
			}
		},
		{
			"name": "cellulosepellet_15",
			"from": [12.29167, 7.5, 8.9375],
			"to": [14.29167, 8.5, 11.9375],
			"rotation": {"angle": 0, "axis": "y", "origin": [-0.70833, 7.5, -0.0625]},
			"faces": {
				"north": {"uv": [15, 9, 13, 10], "texture": "#0"},
				"east": {"uv": [14, 9, 15, 12], "rotation": 90, "texture": "#0"},
				"south": {"uv": [13, 11, 15, 12], "texture": "#0"},
				"west": {"uv": [13, 9, 14, 12], "rotation": 270, "texture": "#0"},
				"up": {"uv": [13, 9, 15, 12], "texture": "#0"},
				"down": {"uv": [13, 12, 15, 9], "texture": "#0"}
			}
		},
		{
			"name": "cellulosepellet_16",
			"from": [0.29167, 7.5, 9.9375],
			"to": [1.29167, 8.5, 11.9375],
			"rotation": {"angle": 0, "axis": "y", "origin": [-0.70833, 7.5, -0.0625]},
			"faces": {
				"north": {"uv": [2, 10, 1, 11], "texture": "#0"},
				"east": {"uv": [1, 10, 2, 12], "rotation": 90, "texture": "#0"},
				"south": {"uv": [1, 11, 2, 12], "texture": "#0"},
				"west": {"uv": [1, 10, 2, 12], "rotation": 270, "texture": "#0"},
				"up": {"uv": [1, 10, 2, 12], "texture": "#0"},
				"down": {"uv": [1, 12, 2, 10], "texture": "#0"}
			}
		},
		{
			"name": "cellulosepellet_17",
			"from": [10.29167, 7.5, 9.9375],
			"to": [12.29167, 8.5, 11.9375],
			"rotation": {"angle": 0, "axis": "y", "origin": [-0.70833, 7.5, -0.0625]},
			"faces": {
				"north": {"uv": [13, 10, 11, 11], "texture": "#0"},
				"east": {"uv": [12, 10, 13, 12], "rotation": 90, "texture": "#0"},
				"south": {"uv": [11, 11, 13, 12], "texture": "#0"},
				"west": {"uv": [11, 10, 12, 12], "rotation": 270, "texture": "#0"},
				"up": {"uv": [11, 10, 13, 12], "texture": "#0"},
				"down": {"uv": [11, 12, 13, 10], "texture": "#0"}
			}
		},
		{
			"name": "cellulosepellet_18",
			"from": [14.29167, 7.5, 9.9375],
			"to": [15.29167, 8.5, 11.9375],
			"rotation": {"angle": 0, "axis": "y", "origin": [-0.70833, 7.5, -0.0625]},
			"faces": {
				"north": {"uv": [16, 10, 15, 11], "texture": "#0"},
				"east": {"uv": [15, 10, 16, 12], "rotation": 90, "texture": "#0"},
				"south": {"uv": [15, 11, 16, 12], "texture": "#0"},
				"west": {"uv": [15, 10, 16, 12], "rotation": 270, "texture": "#0"},
				"up": {"uv": [15, 10, 16, 12], "texture": "#0"},
				"down": {"uv": [15, 12, 16, 10], "texture": "#0"}
			}
		},
		{
			"name": "cellulosepellet_19",
			"from": [6.29167, 7.5, 11.9375],
			"to": [8.29167, 8.5, 14.9375],
			"rotation": {"angle": 0, "axis": "y", "origin": [-0.70833, 7.5, -0.0625]},
			"faces": {
				"north": {"uv": [9, 12, 7, 13], "texture": "#0"},
				"east": {"uv": [8, 12, 9, 15], "rotation": 90, "texture": "#0"},
				"south": {"uv": [7, 14, 9, 15], "texture": "#0"},
				"west": {"uv": [7, 12, 8, 15], "rotation": 270, "texture": "#0"},
				"up": {"uv": [7, 12, 9, 15], "texture": "#0"},
				"down": {"uv": [7, 15, 9, 12], "texture": "#0"}
			}
		},
		{
			"name": "cellulosepellet_20",
			"from": [11.29167, 7.5, 11.9375],
			"to": [13.29167, 8.5, 12.9375],
			"rotation": {"angle": 0, "axis": "y", "origin": [-0.70833, 7.5, -0.0625]},
			"faces": {
				"north": {"uv": [14, 12, 12, 13], "texture": "#0"},
				"east": {"uv": [13, 12, 14, 13], "rotation": 90, "texture": "#0"},
				"south": {"uv": [12, 12, 14, 13], "texture": "#0"},
				"west": {"uv": [12, 12, 13, 13], "rotation": 270, "texture": "#0"},
				"up": {"uv": [12, 12, 14, 13], "texture": "#0"},
				"down": {"uv": [12, 13, 14, 12], "texture": "#0"}
			}
		},
		{
			"name": "cellulosepellet_21",
			"from": [5.29167, 7.5, 12.9375],
			"to": [6.29167, 8.5, 14.9375],
			"rotation": {"angle": 0, "axis": "y", "origin": [-0.70833, 7.5, -0.0625]},
			"faces": {
				"north": {"uv": [7, 13, 6, 14], "texture": "#0"},
				"east": {"uv": [6, 13, 7, 15], "rotation": 90, "texture": "#0"},
				"south": {"uv": [6, 14, 7, 15], "texture": "#0"},
				"west": {"uv": [6, 13, 7, 15], "rotation": 270, "texture": "#0"},
				"up": {"uv": [6, 13, 7, 15], "texture": "#0"},
				"down": {"uv": [6, 15, 7, 13], "texture": "#0"}
			}
		},
		{
			"name": "cellulosepellet_22",
			"from": [8.29167, 7.5, 12.9375],
			"to": [10.29167, 8.5, 14.9375],
			"rotation": {"angle": 0, "axis": "y", "origin": [-0.70833, 7.5, -0.0625]},
			"faces": {
				"north": {"uv": [11, 13, 9, 14], "texture": "#0"},
				"east": {"uv": [10, 13, 11, 15], "rotation": 90, "texture": "#0"},
				"south": {"uv": [9, 14, 11, 15], "texture": "#0"},
				"west": {"uv": [9, 13, 10, 15], "rotation": 270, "texture": "#0"},
				"up": {"uv": [9, 13, 11, 15], "texture": "#0"},
				"down": {"uv": [9, 15, 11, 13], "texture": "#0"}
			}
		},
		{
			"name": "cellulosepellet_23",
			"from": [7.29167, 7.5, 14.9375],
			"to": [9.29167, 8.5, 15.9375],
			"rotation": {"angle": 0, "axis": "y", "origin": [-0.70833, 7.5, -0.0625]},
			"faces": {
				"north": {"uv": [10, 15, 8, 16], "texture": "#0"},
				"east": {"uv": [9, 15, 10, 16], "rotation": 90, "texture": "#0"},
				"south": {"uv": [8, 15, 10, 16], "texture": "#0"},
				"west": {"uv": [8, 15, 9, 16], "rotation": 270, "texture": "#0"},
				"up": {"uv": [8, 15, 10, 16], "texture": "#0"},
				"down": {"uv": [8, 16, 10, 15], "texture": "#0"}
			}
		}
	],
	"gui_light": "front",
	"display": {
		"thirdperson_righthand": {
			"rotation": [93, 0, 0],
			"translation": [0, 0.75, 0.75],
			"scale": [0.31, 0.31, 0.31]
		},
		"thirdperson_lefthand": {
			"rotation": [93, 0, 0],
			"translation": [0, 0.75, 0.75],
			"scale": [0.31, 0.31, 0.31]
		},
		"firstperson_righthand": {
			"rotation": [95, -3, 35],
			"translation": [-2.75, 5, 5.25],
			"scale": [0.31, 0.31, 0.31]
		},
		"firstperson_lefthand": {
			"rotation": [95, -3, 35],
			"translation": [-2.75, 5, 5.25],
			"scale": [0.31, 0.31, 0.31]
		},
		"ground": {
			"rotation": [90, 0, 0],
			"scale": [0.32, 0.32, 0.32]
		},
		"gui": {
			"rotation": [90, 0, 0],
			"translation": [0.25, 0, 0]
		},
		"fixed": {
			"rotation": [90, 0, 0],
			"translation": [0.5, -0.25, 0]
		}
	},
	"groups": [
		{
			"name": "cellulosepellet",
			"origin": [8, 8, 8],
			"color": 0,
			"children": [0, 1, 2, 3, 4, 5, 6, 7, 8, 9, 10, 11, 12, 13, 14, 15, 16, 17, 18, 19, 20, 21, 22, 23]
		}
	]
}