{
	"credit": "Made with Blockbench",
	"textures": {
		"0": "item/cellulosefiber",
		"particle": "item/cellulosefiber"
	},
	"elements": [
		{
			"name": "cellulosefiber_0",
			"from": [2.34615, 7.5, -0.26923],
			"to": [5.34615, 8.5, 4.73077],
			"rotation": {"angle": 0, "axis": "y", "origin": [0.34615, 7.5, -1.26923]},
			"faces": {
				"north": {"uv": [5, 1, 2, 2], "texture": "#0"},
				"east": {"uv": [4, 1, 5, 6], "rotation": 90, "texture": "#0"},
				"south": {"uv": [2, 5, 5, 6], "texture": "#0"},
				"west": {"uv": [2, 1, 3, 6], "rotation": 270, "texture": "#0"},
				"up": {"uv": [2, 1, 5, 6], "texture": "#0"},
				"down": {"uv": [2, 6, 5, 1], "texture": "#0"}
			}
		},
		{
			"name": "cellulosefiber_1",
			"from": [1.34615, 7.5, 0.73077],
			"to": [2.34615, 8.5, 2.73077],
			"rotation": {"angle": 0, "axis": "y", "origin": [0.34615, 7.5, -1.26923]},
			"faces": {
				"north": {"uv": [2, 2, 1, 3], "texture": "#0"},
				"east": {"uv": [1, 2, 2, 4], "rotation": 90, "texture": "#0"},
				"south": {"uv": [1, 3, 2, 4], "texture": "#0"},
				"west": {"uv": [1, 2, 2, 4], "rotation": 270, "texture": "#0"},
				"up": {"uv": [1, 2, 2, 4], "texture": "#0"},
				"down": {"uv": [1, 4, 2, 2], "texture": "#0"}
			}
		},
		{
			"name": "cellulosefiber_2",
			"from": [5.34615, 7.5, 0.73077],
			"to": [6.34615, 8.5, 9.73077],
			"rotation": {"angle": 0, "axis": "y", "origin": [0.34615, 7.5, -1.26923]},
			"faces": {
				"north": {"uv": [6, 2, 5, 3], "texture": "#0"},
				"east": {"uv": [5, 2, 6, 11], "rotation": 90, "texture": "#0"},
				"south": {"uv": [5, 10, 6, 11], "texture": "#0"},
				"west": {"uv": [5, 2, 6, 11], "rotation": 270, "texture": "#0"},
				"up": {"uv": [5, 2, 6, 11], "texture": "#0"},
				"down": {"uv": [5, 11, 6, 2], "texture": "#0"}
			}
		},
		{
			"name": "cellulosefiber_3",
			"from": [6.34615, 7.5, 2.73077],
			"to": [7.34615, 8.5, 10.73077],
			"rotation": {"angle": 0, "axis": "y", "origin": [0.34615, 7.5, -1.26923]},
			"faces": {
				"north": {"uv": [7, 4, 6, 5], "texture": "#0"},
				"east": {"uv": [6, 4, 7, 12], "rotation": 90, "texture": "#0"},
				"south": {"uv": [6, 11, 7, 12], "texture": "#0"},
				"west": {"uv": [6, 4, 7, 12], "rotation": 270, "texture": "#0"},
				"up": {"uv": [6, 4, 7, 12], "texture": "#0"},
				"down": {"uv": [6, 12, 7, 4], "texture": "#0"}
			}
		},
		{
			"name": "cellulosefiber_4",
			"from": [3.34615, 7.5, 4.73077],
			"to": [5.34615, 8.5, 6.73077],
			"rotation": {"angle": 0, "axis": "y", "origin": [0.34615, 7.5, -1.26923]},
			"faces": {
				"north": {"uv": [5, 6, 3, 7], "texture": "#0"},
				"east": {"uv": [4, 6, 5, 8], "rotation": 90, "texture": "#0"},
				"south": {"uv": [3, 7, 5, 8], "texture": "#0"},
				"west": {"uv": [3, 6, 4, 8], "rotation": 270, "texture": "#0"},
				"up": {"uv": [3, 6, 5, 8], "texture": "#0"},
				"down": {"uv": [3, 8, 5, 6], "texture": "#0"}
			}
		},
		{
			"name": "cellulosefiber_5",
			"from": [7.34615, 7.5, 4.73077],
			"to": [8.34615, 8.5, 10.73077],
			"rotation": {"angle": 0, "axis": "y", "origin": [0.34615, 7.5, -1.26923]},
			"faces": {
				"north": {"uv": [8, 6, 7, 7], "texture": "#0"},
				"east": {"uv": [7, 6, 8, 12], "rotation": 90, "texture": "#0"},
				"south": {"uv": [7, 11, 8, 12], "texture": "#0"},
				"west": {"uv": [7, 6, 8, 12], "rotation": 270, "texture": "#0"},
				"up": {"uv": [7, 6, 8, 12], "texture": "#0"},
				"down": {"uv": [7, 12, 8, 6], "texture": "#0"}
			}
		},
		{
			"name": "cellulosefiber_6",
			"from": [4.34615, 7.5, 6.73077],
			"to": [5.34615, 8.5, 8.73077],
			"rotation": {"angle": 0, "axis": "y", "origin": [0.34615, 7.5, -1.26923]},
			"faces": {
				"north": {"uv": [5, 8, 4, 9], "texture": "#0"},
				"east": {"uv": [4, 8, 5, 10], "rotation": 90, "texture": "#0"},
				"south": {"uv": [4, 9, 5, 10], "texture": "#0"},
				"west": {"uv": [4, 8, 5, 10], "rotation": 270, "texture": "#0"},
				"up": {"uv": [4, 8, 5, 10], "texture": "#0"},
				"down": {"uv": [4, 10, 5, 8], "texture": "#0"}
			}
		},
		{
			"name": "cellulosefiber_7",
			"from": [8.34615, 7.5, 6.73077],
			"to": [9.34615, 8.5, 11.73077],
			"rotation": {"angle": 0, "axis": "y", "origin": [0.34615, 7.5, -1.26923]},
			"faces": {
				"north": {"uv": [9, 8, 8, 9], "texture": "#0"},
				"east": {"uv": [8, 8, 9, 13], "rotation": 90, "texture": "#0"},
				"south": {"uv": [8, 12, 9, 13], "texture": "#0"},
				"west": {"uv": [8, 8, 9, 13], "rotation": 270, "texture": "#0"},
				"up": {"uv": [8, 8, 9, 13], "texture": "#0"},
				"down": {"uv": [8, 13, 9, 8], "texture": "#0"}
			}
		},
		{
			"name": "cellulosefiber_8",
			"from": [9.34615, 7.5, 7.73077],
			"to": [11.34615, 8.5, 12.73077],
			"rotation": {"angle": 0, "axis": "y", "origin": [0.34615, 7.5, -1.26923]},
			"faces": {
				"north": {"uv": [11, 9, 9, 10], "texture": "#0"},
				"east": {"uv": [10, 9, 11, 14], "rotation": 90, "texture": "#0"},
				"south": {"uv": [9, 13, 11, 14], "texture": "#0"},
				"west": {"uv": [9, 9, 10, 14], "rotation": 270, "texture": "#0"},
				"up": {"uv": [9, 9, 11, 14], "texture": "#0"},
				"down": {"uv": [9, 14, 11, 9], "texture": "#0"}
			}
		},
		{
			"name": "cellulosefiber_9",
			"from": [11.34615, 7.5, 8.73077],
			"to": [12.34615, 8.5, 13.73077],
			"rotation": {"angle": 0, "axis": "y", "origin": [0.34615, 7.5, -1.26923]},
			"faces": {
				"north": {"uv": [12, 10, 11, 11], "texture": "#0"},
				"east": {"uv": [11, 10, 12, 15], "rotation": 90, "texture": "#0"},
				"south": {"uv": [11, 14, 12, 15], "texture": "#0"},
				"west": {"uv": [11, 10, 12, 15], "rotation": 270, "texture": "#0"},
				"up": {"uv": [11, 10, 12, 15], "texture": "#0"},
				"down": {"uv": [11, 15, 12, 10], "texture": "#0"}
			}
		},
		{
			"name": "cellulosefiber_10",
			"from": [12.34615, 7.5, 9.73077],
			"to": [13.34615, 8.5, 12.73077],
			"rotation": {"angle": 0, "axis": "y", "origin": [0.34615, 7.5, -1.26923]},
			"faces": {
				"north": {"uv": [13, 11, 12, 12], "texture": "#0"},
				"east": {"uv": [12, 11, 13, 14], "rotation": 90, "texture": "#0"},
				"south": {"uv": [12, 13, 13, 14], "texture": "#0"},
				"west": {"uv": [12, 11, 13, 14], "rotation": 270, "texture": "#0"},
				"up": {"uv": [12, 11, 13, 14], "texture": "#0"},
				"down": {"uv": [12, 14, 13, 11], "texture": "#0"}
			}
		},
		{
			"name": "cellulosefiber_11",
			"from": [13.34615, 7.5, 10.73077],
			"to": [14.34615, 8.5, 12.73077],
			"rotation": {"angle": 0, "axis": "y", "origin": [0.34615, 7.5, -1.26923]},
			"faces": {
				"north": {"uv": [14, 12, 13, 13], "texture": "#0"},
				"east": {"uv": [13, 12, 14, 14], "rotation": 90, "texture": "#0"},
				"south": {"uv": [13, 13, 14, 14], "texture": "#0"},
				"west": {"uv": [13, 12, 14, 14], "rotation": 270, "texture": "#0"},
				"up": {"uv": [13, 12, 14, 14], "texture": "#0"},
				"down": {"uv": [13, 14, 14, 12], "texture": "#0"}
			}
		},
		{
			"name": "cellulosefiber_12",
			"from": [10.34615, 7.5, 12.73077],
			"to": [11.34615, 8.5, 13.73077],
			"rotation": {"angle": 0, "axis": "y", "origin": [0.34615, 7.5, -1.26923]},
			"faces": {
				"north": {"uv": [11, 14, 10, 15], "texture": "#0"},
				"east": {"uv": [10, 14, 11, 15], "rotation": 90, "texture": "#0"},
				"south": {"uv": [10, 14, 11, 15], "texture": "#0"},
				"west": {"uv": [10, 14, 11, 15], "rotation": 270, "texture": "#0"},
				"up": {"uv": [10, 14, 11, 15], "texture": "#0"},
				"down": {"uv": [10, 15, 11, 14], "texture": "#0"}
			}
		}
	],
	"gui_light": "front",
	"display": {
		"thirdperson_righthand": {
			"rotation": [93, 0, 0],
			"translation": [0, 0.75, 0.75],
			"scale": [0.31, 0.31, 0.31]
		},
		"thirdperson_lefthand": {
			"rotation": [93, 0, 0],
			"translation": [0, 0.75, 0.75],
			"scale": [0.31, 0.31, 0.31]
		},
		"firstperson_righthand": {
			"rotation": [95, -3, 35],
			"translation": [-2.75, 5, 5.25],
			"scale": [0.31, 0.31, 0.31]
		},
		"firstperson_lefthand": {
			"rotation": [95, -3, 35],
			"translation": [-2.75, 5, 5.25],
			"scale": [0.31, 0.31, 0.31]
		},
		"ground": {
			"rotation": [90, 0, 0],
			"scale": [0.32, 0.32, 0.32]
		},
		"gui": {
			"rotation": [90, 0, 0],
			"translation": [0.25, -1.25, 0]
		},
		"fixed": {
			"rotation": [90, 0, 0],
			"translation": [0.5, -1.5, 0]
		}
	},
	"groups": [
		{
			"name": "cellulosefiber",
			"origin": [8, 8, 8],
			"color": 0,
			"children": [0, 1, 2, 3, 4, 5, 6, 7, 8, 9, 10, 11, 12]
		}
	]
}