{
	"credit": "Made with Blockbench",
	"textures": {
		"0": "block/observer_top",
		"1": "block/red_nether_bricks",
		"particle": "block/observer_top"
	},
	"elements": [
		{
			"from": [7.75, 11.125, 7.75],
			"to": [8.25, 11.375, 8.25],
			"rotation": {"angle": 0, "axis": "y", "origin": [7.75, 5.25, 7.75]},
			"faces": {
				"north": {"uv": [7, 4, 8, 4.25], "texture": "#0"},
				"east": {"uv": [7, 4, 8, 4.25], "texture": "#0"},
				"south": {"uv": [7, 4, 8, 4.25], "texture": "#0"},
				"west": {"uv": [7, 4, 8, 4.25], "texture": "#0"},
				"up": {"uv": [7, 4, 8, 4.25], "texture": "#0"},
				"down": {"uv": [7, 4, 8, 4.25], "texture": "#0"}
			}
		},
		{
			"from": [7.625, 10.75, 7.625],
			"to": [8.375, 11.125, 8.375],
			"rotation": {"angle": 0, "axis": "y", "origin": [7.75, 5.25, 7.75]},
			"faces": {
				"north": {"uv": [7, 4, 8.25, 4.375], "texture": "#0"},
				"east": {"uv": [7, 4, 8.25, 4.375], "texture": "#0"},
				"south": {"uv": [7, 4, 8.25, 4.375], "texture": "#0"},
				"west": {"uv": [7, 4, 8.25, 4.375], "texture": "#0"},
				"up": {"uv": [7, 4, 8.25, 4.375], "texture": "#0"},
				"down": {"uv": [7, 4, 8.25, 4.375], "texture": "#0"}
			}
		},
		{
			"from": [7.625, 5.125, 7.75],
			"to": [7.75, 10.75, 8.25],
			"rotation": {"angle": 0, "axis": "y", "origin": [7.75, 5.25, 7.75]},
			"faces": {
				"north": {"uv": [7, 4, 7.625, 9.625], "texture": "#0"},
				"east": {"uv": [7, 4, 7.625, 9.625], "texture": "#0"},
				"south": {"uv": [7, 4, 7.625, 9.625], "texture": "#0"},
				"west": {"uv": [7, 4, 7.625, 9.625], "texture": "#0"},
				"up": {"uv": [7, 4, 7.625, 9.625], "texture": "#0"},
				"down": {"uv": [7, 4, 7.625, 9.625], "texture": "#0"}
			}
		},
		{
			"from": [8.25, 5.125, 7.75],
			"to": [8.375, 10.75, 8.25],
			"rotation": {"angle": 0, "axis": "y", "origin": [7.75, 5.25, 7.75]},
			"faces": {
				"north": {"uv": [7, 4, 7.625, 9.625], "texture": "#0"},
				"east": {"uv": [7, 4, 7.625, 9.625], "texture": "#0"},
				"south": {"uv": [7, 4, 7.625, 9.625], "texture": "#0"},
				"west": {"uv": [7, 4, 7.625, 9.625], "texture": "#0"},
				"up": {"uv": [7, 4, 7.625, 9.625], "texture": "#0"},
				"down": {"uv": [7, 4, 7.625, 9.625], "texture": "#0"}
			}
		},
		{
			"from": [7.75, 4.875, 7.75],
			"to": [8.25, 5.25, 8.25],
			"rotation": {"angle": 0, "axis": "y", "origin": [7.75, 5.25, 7.75]},
			"faces": {
				"north": {"uv": [7, 4, 8, 4.375], "texture": "#0"},
				"east": {"uv": [7, 4, 8, 4.375], "texture": "#0"},
				"south": {"uv": [7, 4, 8, 4.375], "texture": "#0"},
				"west": {"uv": [7, 4, 8, 4.375], "texture": "#0"},
				"up": {"uv": [7, 4, 8, 4.375], "texture": "#0"},
				"down": {"uv": [7, 4, 8, 4.375], "texture": "#0"}
			}
		},
		{
			"from": [7.75, 5.25, 7.75],
			"to": [8.25, 10.75, 8.25],
			"rotation": {"angle": 0, "axis": "y", "origin": [7.75, 5.25, 7.75]},
			"faces": {
				"north": {"uv": [5, 4, 5.5, 5], "texture": "#1"},
				"east": {"uv": [5, 4, 5.5, 5], "texture": "#1"},
				"south": {"uv": [5, 4, 5.5, 5], "texture": "#1"},
				"west": {"uv": [5, 4, 5.5, 5], "texture": "#1"},
				"up": {"uv": [5, 4, 5.5, 5], "texture": "#1"},
				"down": {"uv": [5, 4, 5.5, 5], "texture": "#1"}
			}
		}
	],
	"gui_light": "front",
	"display": {
		"thirdperson_righthand": {
			"rotation": [0, 25, 0],
			"translation": [0, -2, 0],
			"scale": [1.34, 1.34, 1.34]
		},
		"thirdperson_lefthand": {
			"rotation": [0, 25, 0],
			"translation": [0, -2, 0],
			"scale": [1.34, 1.34, 1.34]
		},
		"firstperson_righthand": {
			"rotation": [0, 102, 0],
			"translation": [-1.25, 6, 4.25]
		},
		"firstperson_lefthand": {
			"rotation": [0, 102, 0],
			"translation": [-1.25, 6, 4.25]
		},
		"ground": {
			"translation": [0, 1.5, 0],
			"scale": [1.29, 1.29, 1.29]
		},
		"gui": {
			"rotation": [-10, 160, -12],
			"translation": [-0.25, -0.25, 0],
			"scale": [2.39, 2.39, 2.39]
		},
		"fixed": {
			"translation": [0, -0.25, 0],
			"scale": [2.46, 2.46, 2.46]
		}
	},
	"groups": [
		{
			"name": "group",
			"origin": [7.75, 5.25, 7.75],
			"color": 0,
			"children": [0, 1, 2, 3, 4]
		},
		5
	]
}