{
	"credit": "Made with Blockbench",
	"textures": {
		"0": "item/coke",
		"particle": "item/coke"
	},
	"elements": [
		{
			"name": "coke_0",
			"from": [4.05, 7.5, 0.75],
			"to": [8.05, 8.5, 13.75],
			"rotation": {"angle": 0, "axis": "y", "origin": [-0.95, 7.5, -1.25]},
			"faces": {
				"north": {"uv": [9, 2, 5, 3], "texture": "#0"},
				"east": {"uv": [8, 2, 9, 15], "rotation": 90, "texture": "#0"},
				"south": {"uv": [5, 14, 9, 15], "texture": "#0"},
				"west": {"uv": [5, 2, 6, 15], "rotation": 270, "texture": "#0"},
				"up": {"uv": [5, 2, 9, 15], "texture": "#0"},
				"down": {"uv": [5, 15, 9, 2], "texture": "#0"}
			}
		},
		{
			"name": "coke_1",
			"from": [3.05, 7.5, 1.75],
			"to": [4.05, 8.5, 12.75],
			"rotation": {"angle": 0, "axis": "y", "origin": [-0.95, 7.5, -1.25]},
			"faces": {
				"north": {"uv": [5, 3, 4, 4], "texture": "#0"},
				"east": {"uv": [4, 3, 5, 14], "rotation": 90, "texture": "#0"},
				"south": {"uv": [4, 13, 5, 14], "texture": "#0"},
				"west": {"uv": [4, 3, 5, 14], "rotation": 270, "texture": "#0"},
				"up": {"uv": [4, 3, 5, 14], "texture": "#0"},
				"down": {"uv": [4, 14, 5, 3], "texture": "#0"}
			}
		},
		{
			"name": "coke_2",
			"from": [8.05, 7.5, 1.75],
			"to": [9.05, 8.5, 12.75],
			"rotation": {"angle": 0, "axis": "y", "origin": [-0.95, 7.5, -1.25]},
			"faces": {
				"north": {"uv": [10, 3, 9, 4], "texture": "#0"},
				"east": {"uv": [9, 3, 10, 14], "rotation": 90, "texture": "#0"},
				"south": {"uv": [9, 13, 10, 14], "texture": "#0"},
				"west": {"uv": [9, 3, 10, 14], "rotation": 270, "texture": "#0"},
				"up": {"uv": [9, 3, 10, 14], "texture": "#0"},
				"down": {"uv": [9, 14, 10, 3], "texture": "#0"}
			}
		},
		{
			"name": "coke_3",
			"from": [2.05, 7.5, 2.75],
			"to": [3.05, 8.5, 11.75],
			"rotation": {"angle": 0, "axis": "y", "origin": [-0.95, 7.5, -1.25]},
			"faces": {
				"north": {"uv": [4, 4, 3, 5], "texture": "#0"},
				"east": {"uv": [3, 4, 4, 13], "rotation": 90, "texture": "#0"},
				"south": {"uv": [3, 12, 4, 13], "texture": "#0"},
				"west": {"uv": [3, 4, 4, 13], "rotation": 270, "texture": "#0"},
				"up": {"uv": [3, 4, 4, 13], "texture": "#0"},
				"down": {"uv": [3, 13, 4, 4], "texture": "#0"}
			}
		},
		{
			"name": "coke_4",
			"from": [9.05, 7.5, 2.75],
			"to": [10.05, 8.5, 12.75],
			"rotation": {"angle": 0, "axis": "y", "origin": [-0.95, 7.5, -1.25]},
			"faces": {
				"north": {"uv": [11, 4, 10, 5], "texture": "#0"},
				"east": {"uv": [10, 4, 11, 14], "rotation": 90, "texture": "#0"},
				"south": {"uv": [10, 13, 11, 14], "texture": "#0"},
				"west": {"uv": [10, 4, 11, 14], "rotation": 270, "texture": "#0"},
				"up": {"uv": [10, 4, 11, 14], "texture": "#0"},
				"down": {"uv": [10, 14, 11, 4], "texture": "#0"}
			}
		},
		{
			"name": "coke_5",
			"from": [10.05, 7.5, 3.75],
			"to": [11.05, 8.5, 12.75],
			"rotation": {"angle": 0, "axis": "y", "origin": [-0.95, 7.5, -1.25]},
			"faces": {
				"north": {"uv": [12, 5, 11, 6], "texture": "#0"},
				"east": {"uv": [11, 5, 12, 14], "rotation": 90, "texture": "#0"},
				"south": {"uv": [11, 13, 12, 14], "texture": "#0"},
				"west": {"uv": [11, 5, 12, 14], "rotation": 270, "texture": "#0"},
				"up": {"uv": [11, 5, 12, 14], "texture": "#0"},
				"down": {"uv": [11, 14, 12, 5], "texture": "#0"}
			}
		},
		{
			"name": "coke_6",
			"from": [11.05, 7.5, 4.75],
			"to": [12.05, 8.5, 12.75],
			"rotation": {"angle": 0, "axis": "y", "origin": [-0.95, 7.5, -1.25]},
			"faces": {
				"north": {"uv": [13, 6, 12, 7], "texture": "#0"},
				"east": {"uv": [12, 6, 13, 14], "rotation": 90, "texture": "#0"},
				"south": {"uv": [12, 13, 13, 14], "texture": "#0"},
				"west": {"uv": [12, 6, 13, 14], "rotation": 270, "texture": "#0"},
				"up": {"uv": [12, 6, 13, 14], "texture": "#0"},
				"down": {"uv": [12, 14, 13, 6], "texture": "#0"}
			}
		},
		{
			"name": "coke_7",
			"from": [1.05, 7.5, 5.75],
			"to": [2.05, 8.5, 10.75],
			"rotation": {"angle": 0, "axis": "y", "origin": [-0.95, 7.5, -1.25]},
			"faces": {
				"north": {"uv": [3, 7, 2, 8], "texture": "#0"},
				"east": {"uv": [2, 7, 3, 12], "rotation": 90, "texture": "#0"},
				"south": {"uv": [2, 11, 3, 12], "texture": "#0"},
				"west": {"uv": [2, 7, 3, 12], "rotation": 270, "texture": "#0"},
				"up": {"uv": [2, 7, 3, 12], "texture": "#0"},
				"down": {"uv": [2, 12, 3, 7], "texture": "#0"}
			}
		},
		{
			"name": "coke_8",
			"from": [12.05, 7.5, 5.75],
			"to": [13.05, 8.5, 11.75],
			"rotation": {"angle": 0, "axis": "y", "origin": [-0.95, 7.5, -1.25]},
			"faces": {
				"north": {"uv": [14, 7, 13, 8], "texture": "#0"},
				"east": {"uv": [13, 7, 14, 13], "rotation": 90, "texture": "#0"},
				"south": {"uv": [13, 12, 14, 13], "texture": "#0"},
				"west": {"uv": [13, 7, 14, 13], "rotation": 270, "texture": "#0"},
				"up": {"uv": [13, 7, 14, 13], "texture": "#0"},
				"down": {"uv": [13, 13, 14, 7], "texture": "#0"}
			}
		},
		{
			"name": "coke_9",
			"from": [13.05, 7.5, 7.75],
			"to": [14.05, 8.5, 10.75],
			"rotation": {"angle": 0, "axis": "y", "origin": [-0.95, 7.5, -1.25]},
			"faces": {
				"north": {"uv": [15, 9, 14, 10], "texture": "#0"},
				"east": {"uv": [14, 9, 15, 12], "rotation": 90, "texture": "#0"},
				"south": {"uv": [14, 11, 15, 12], "texture": "#0"},
				"west": {"uv": [14, 9, 15, 12], "rotation": 270, "texture": "#0"},
				"up": {"uv": [14, 9, 15, 12], "texture": "#0"},
				"down": {"uv": [14, 12, 15, 9], "texture": "#0"}
			}
		}
	],
	"gui_light": "front",
	"display": {
		"thirdperson_righthand": {
			"rotation": [94, -1, 5],
			"translation": [0, 1.25, 0.75],
			"scale": [0.28, 0.28, 0.28]
		},
		"thirdperson_lefthand": {
			"rotation": [94, 1, 6],
			"translation": [0, 1.25, 0.75],
			"scale": [0.28, 0.28, 0.28]
		},
		"firstperson_righthand": {
			"rotation": [80, 0, 94],
			"translation": [0, 4, 2],
			"scale": [0.46, 0.46, 0.46]
		},
		"firstperson_lefthand": {
			"rotation": [80, 0, 94],
			"translation": [0, 4, 2],
			"scale": [0.46, 0.46, 0.46]
		},
		"ground": {
			"rotation": [90, 0, 0],
			"scale": [0.33, 0.33, 0.33]
		},
		"gui": {
			"rotation": [90, 0, 0],
			"translation": [0.25, -0.75, 0],
			"scale": [1.01, 1.01, 1.01]
		},
		"fixed": {
			"rotation": [90, 0, 0],
			"translation": [0.25, -0.75, -0.5],
			"scale": [0.99, 0.99, 0.99]
		}
	},
	"groups": [
		{
			"name": "coke",
			"origin": [8, 8, 8],
			"color": 0,
			"children": [0, 1, 2, 3, 4, 5, 6, 7, 8, 9]
		}
	]
}