{
	"credit": "Made with Blockbench",
	"textures": {
		"0": "block/iron_block",
		"1": "block/bee_nest_bottom",
		"2": "block/orange_concrete_powder",
		"particle": "block/iron_block"
	},
	"elements": [
		{
			"from": [7.75, 4.69688, 7.75],
			"to": [8.25, 7.07188, 8.25],
			"rotation": {"angle": 0, "axis": "y", "origin": [2.25, 5.07188, 1.25]},
			"faces": {
				"north": {"uv": [1, 3, 3, 8], "texture": "#1"},
				"east": {"uv": [1, 3, 3, 8], "texture": "#1"},
				"south": {"uv": [1, 3, 3, 8], "texture": "#1"},
				"west": {"uv": [1, 3, 3, 8], "texture": "#1"},
				"up": {"uv": [1, 3, 3, 8], "texture": "#1"},
				"down": {"uv": [1, 3, 3, 8], "texture": "#1"}
			}
		},
		{
			"from": [7.625, 4.38438, 7.625],
			"to": [8.375, 4.69688, 8.375],
			"rotation": {"angle": 45, "axis": "y", "origin": [8, 4.57188, 8]},
			"faces": {
				"north": {"uv": [6, 6, 10, 7], "texture": "#1"},
				"east": {"uv": [6, 6, 10, 7], "texture": "#1"},
				"south": {"uv": [6, 6, 10, 7], "texture": "#1"},
				"west": {"uv": [6, 6, 10, 7], "texture": "#1"},
				"up": {"uv": [6, 6, 10, 10], "texture": "#1"},
				"down": {"uv": [6, 6, 10, 10], "texture": "#1"}
			}
		},
		{
			"from": [7.5, 7.32188, 7.9375],
			"to": [8.5, 11.19688, 8.0625],
			"rotation": {"angle": 0, "axis": "y", "origin": [2.25, 5.07188, 1.25]},
			"faces": {
				"north": {"uv": [2, 2, 3, 5], "rotation": 90, "texture": "#0"},
				"east": {"uv": [2, 2, 3, 5], "rotation": 90, "texture": "#0"},
				"south": {"uv": [2, 2, 3, 5], "rotation": 90, "texture": "#0"},
				"west": {"uv": [2, 2, 3, 5], "rotation": 90, "texture": "#0"},
				"up": {"uv": [2, 2, 3, 5], "rotation": 90, "texture": "#0"},
				"down": {"uv": [2, 2, 3, 5], "rotation": 90, "texture": "#0"}
			}
		},
		{
			"from": [7.59375, 11.19688, 7.96875],
			"to": [8.40625, 12.32188, 8.03125],
			"rotation": {"angle": 0, "axis": "y", "origin": [2.25, 5.07188, 1.25]},
			"faces": {
				"north": {"uv": [2, 2, 3, 5], "rotation": 90, "texture": "#0"},
				"east": {"uv": [2, 2, 3, 5], "rotation": 90, "texture": "#0"},
				"south": {"uv": [2, 2, 3, 5], "rotation": 90, "texture": "#0"},
				"west": {"uv": [2, 2, 3, 5], "rotation": 90, "texture": "#0"},
				"up": {"uv": [2, 2, 3, 5], "rotation": 90, "texture": "#0"},
				"down": {"uv": [2, 2, 3, 5], "rotation": 90, "texture": "#0"}
			}
		},
		{
			"from": [7.78125, 12.32188, 7.98438],
			"to": [8.21875, 12.82188, 8.01563],
			"rotation": {"angle": 0, "axis": "y", "origin": [2.25, 5.07188, 1.25]},
			"faces": {
				"north": {"uv": [2, 2, 3, 5], "rotation": 90, "texture": "#0"},
				"east": {"uv": [2, 2, 3, 5], "rotation": 90, "texture": "#0"},
				"south": {"uv": [2, 2, 3, 5], "rotation": 90, "texture": "#0"},
				"west": {"uv": [2, 2, 3, 5], "rotation": 90, "texture": "#0"},
				"up": {"uv": [2, 2, 3, 5], "rotation": 90, "texture": "#0"},
				"down": {"uv": [2, 2, 3, 5], "rotation": 90, "texture": "#0"}
			}
		},
		{
			"from": [6.875, 7.13438, 7.6875],
			"to": [7.25, 7.25938, 8.3125],
			"rotation": {"angle": 0, "axis": "y", "origin": [2.25, 5.07188, 1.25]},
			"faces": {
				"north": {"uv": [0, 0, 2, 2], "texture": "#2"},
				"east": {"uv": [0, 0, 2, 2], "texture": "#2"},
				"south": {"uv": [0, 0, 2, 2], "texture": "#2"},
				"west": {"uv": [0, 0, 2, 2], "texture": "#2"},
				"up": {"uv": [0, 0, 2, 2], "texture": "#2"},
				"down": {"uv": [0, 0, 2, 2], "texture": "#2"}
			}
		},
		{
			"from": [7.25, 7.07188, 7.625],
			"to": [8.75, 7.32188, 8.375],
			"rotation": {"angle": 0, "axis": "y", "origin": [2.25, 5.07188, 1.25]},
			"faces": {
				"north": {"uv": [0, 0, 2, 2], "texture": "#2"},
				"east": {"uv": [0, 0, 2, 2], "texture": "#2"},
				"south": {"uv": [0, 0, 2, 2], "texture": "#2"},
				"west": {"uv": [0, 0, 2, 2], "texture": "#2"},
				"up": {"uv": [0, 0, 2, 2], "texture": "#2"},
				"down": {"uv": [0, 0, 2, 2], "texture": "#2"}
			}
		},
		{
			"from": [8.75, 7.13438, 7.6875],
			"to": [9.125, 7.25938, 8.3125],
			"rotation": {"angle": 0, "axis": "y", "origin": [2.25, 5.07188, 1.25]},
			"faces": {
				"north": {"uv": [0, 0, 2, 2], "texture": "#2"},
				"east": {"uv": [0, 0, 2, 2], "texture": "#2"},
				"south": {"uv": [0, 0, 2, 2], "texture": "#2"},
				"west": {"uv": [0, 0, 2, 2], "texture": "#2"},
				"up": {"uv": [0, 0, 2, 2], "texture": "#2"},
				"down": {"uv": [0, 0, 2, 2], "texture": "#2"}
			}
		},
		{
			"from": [9.125, 7.15, 7.8125],
			"to": [9.3125, 7.24375, 8.1875],
			"rotation": {"angle": 0, "axis": "y", "origin": [2.25, 5.07188, 1.25]},
			"faces": {
				"north": {"uv": [0, 0, 2, 2], "texture": "#2"},
				"east": {"uv": [0, 0, 2, 2], "texture": "#2"},
				"south": {"uv": [0, 0, 2, 2], "texture": "#2"},
				"west": {"uv": [0, 0, 2, 2], "texture": "#2"},
				"up": {"uv": [0, 0, 2, 2], "texture": "#2"},
				"down": {"uv": [0, 0, 2, 2], "texture": "#2"}
			}
		},
		{
			"from": [6.6875, 7.15, 7.8125],
			"to": [6.875, 7.24375, 8.1875],
			"rotation": {"angle": 0, "axis": "y", "origin": [2.25, 5.07188, 1.25]},
			"faces": {
				"north": {"uv": [0, 0, 2, 2], "texture": "#2"},
				"east": {"uv": [0, 0, 2, 2], "texture": "#2"},
				"south": {"uv": [0, 0, 2, 2], "texture": "#2"},
				"west": {"uv": [0, 0, 2, 2], "texture": "#2"},
				"up": {"uv": [0, 0, 2, 2], "texture": "#2"},
				"down": {"uv": [0, 0, 2, 2], "texture": "#2"}
			}
		}
	],
	"gui_light": "front",
	"display": {
		"thirdperson_righthand": {
			"rotation": [-180, 90, 0],
			"translation": [-0.5, -4.75, 1.75],
			"scale": [0.91, 0.91, 0.91]
		},
		"thirdperson_lefthand": {
			"rotation": [-180, 90, 0],
			"translation": [-0.5, -4.75, 1.75],
			"scale": [0.91, 0.91, 0.91]
		},
		"firstperson_righthand": {
			"rotation": [-115, -90, 0],
			"translation": [-4, 6.75, 5.75],
			"scale": [0.99, 0.99, 0.99]
		},
		"firstperson_lefthand": {
			"rotation": [-115, -90, 0],
			"translation": [-4, 6.75, 5.75],
			"scale": [0.99, 0.99, 0.99]
		},
		"ground": {
			"rotation": [-180, 0, 0],
			"scale": [1.1, 1.1, 1.1]
		},
		"gui": {
			"rotation": [-26, 10, 139],
			"translation": [0.75, 0.5, 0],
			"scale": [2.34, 2.34, 2.34]
		},
		"fixed": {
			"translation": [0, -1.25, 0],
			"scale": [2.13, 2.13, 2.13]
		}
	}
}