{
	"credit": "Made with Blockbench",
	"textures": {
		"0": "block/acacia_planks",
		"1": "block/anvil",
		"2": "block/lapis_block",
		"particle": "block/acacia_planks"
	},
	"elements": [
		{
			"from": [7.8125, 7.8125, 4.67969],
			"to": [8.1875, 8.1875, 13.67969],
			"rotation": {"angle": 0, "axis": "y", "origin": [7.75, 7.75, 9.67969]},
			"faces": {
				"north": {"uv": [0, 0, 0.375, 0.375], "rotation": 180, "texture": "#0"},
				"east": {"uv": [0, 0, 0.375, 9], "rotation": 90, "texture": "#0"},
				"south": {"uv": [0, 0, 0.375, 0.375], "texture": "#0"},
				"west": {"uv": [0, 0, 0.375, 9], "rotation": 270, "texture": "#0"},
				"up": {"uv": [0, 0, 0.375, 9], "texture": "#0"},
				"down": {"uv": [0, 0, 0.375, 9], "rotation": 180, "texture": "#0"}
			}
		},
		{
			"from": [7.75, 7.75, 4.55469],
			"to": [8.25, 8.25, 4.92969],
			"rotation": {"angle": 0, "axis": "y", "origin": [7.75, 7.75, 9.67969]},
			"faces": {
				"north": {"uv": [4, 1, 4.5, 1.375], "rotation": 180, "texture": "#1"},
				"east": {"uv": [4, 1, 4.5, 1.375], "rotation": 90, "texture": "#1"},
				"south": {"uv": [4, 1, 4.5, 1.375], "texture": "#1"},
				"west": {"uv": [4, 1, 4.5, 1.375], "rotation": 270, "texture": "#1"},
				"up": {"uv": [4, 1, 4.5, 1.375], "texture": "#1"},
				"down": {"uv": [4, 1, 4.5, 1.375], "rotation": 180, "texture": "#1"}
			}
		},
		{
			"from": [7.625, 7.625, 3.80469],
			"to": [8.375, 8.375, 4.55469],
			"rotation": {"angle": 0, "axis": "y", "origin": [7.75, 7.75, 9.67969]},
			"faces": {
				"north": {"uv": [0, 0, 2, 2], "rotation": 180, "texture": "#2"},
				"east": {"uv": [0, 0, 2, 2], "rotation": 90, "texture": "#2"},
				"south": {"uv": [0, 0, 2, 2], "texture": "#2"},
				"west": {"uv": [0, 0, 2, 2], "rotation": 270, "texture": "#2"},
				"up": {"uv": [0, 0, 2, 2], "texture": "#2"},
				"down": {"uv": [0, 0, 2, 2], "rotation": 180, "texture": "#2"}
			}
		},
		{
			"from": [7.8125, 7.8125, 13.67969],
			"to": [8.1875, 8.1875, 14.11719],
			"rotation": {"angle": 0, "axis": "y", "origin": [7.75, 7.75, 9.67969]},
			"faces": {
				"north": {"uv": [4, 1, 4.5, 1.375], "rotation": 180, "texture": "#1"},
				"east": {"uv": [4, 1, 4.5, 1.375], "rotation": 90, "texture": "#1"},
				"south": {"uv": [4, 1, 4.5, 1.375], "texture": "#1"},
				"west": {"uv": [4, 1, 4.5, 1.375], "rotation": 270, "texture": "#1"},
				"up": {"uv": [4, 1, 4.5, 1.375], "texture": "#1"},
				"down": {"uv": [4, 1, 4.5, 1.375], "rotation": 180, "texture": "#1"}
			}
		}
	],
	"display": {
		"thirdperson_righthand": {
			"rotation": [90, 0, 0],
			"translation": [-0.25, 0.75, 1.5],
			"scale": [1.58, 1.58, 1.58]
		},
		"thirdperson_lefthand": {
			"rotation": [90, 0, 0],
			"translation": [-0.25, 0.75, 1.5],
			"scale": [1.58, 1.58, 1.58]
		},
		"firstperson_righthand": {
			"rotation": [72, 0, 0],
			"translation": [-3.5, 4.5, 6.75]
		},
		"firstperson_lefthand": {
			"rotation": [72, 0, 0],
			"translation": [-3.5, 4.5, 6.75]
		},
		"ground": {
			"rotation": [90, 0, 0],
			"translation": [0, 4.75, 0],
			"scale": [1.19, 1.19, 1.19]
		},
		"gui": {
			"rotation": [65, 35, -15],
			"translation": [-0.5, 1.25, 0],
			"scale": [1.86, 1.86, 1.86]
		},
		"fixed": {
			"rotation": [90, 0, 0],
			"translation": [0, 1.75, 0],
			"scale": [1.86, 1.86, 1.86]
		}
	}
}