{
	"credit": "Made with Blockbench",
	"textures": {
		"6": "block/bedrock",
		"particle": "block/amethyst_cluster"
	},
	"elements": [
		{
			"from": [7.25, 7.75, 6.25],
			"to": [8.75, 8.75, 8.25],
			"rotation": {"angle": 0, "axis": "y", "origin": [7.75, 7.75, 7.75]},
			"faces": {
				"north": {"uv": [2, 1, 3, 2], "texture": "#6"},
				"east": {"uv": [2, 1, 3, 2], "texture": "#6"},
				"south": {"uv": [2, 1, 3, 2], "texture": "#6"},
				"west": {"uv": [2, 1, 3, 2], "texture": "#6"},
				"up": {"uv": [2, 1, 3, 2], "texture": "#6"},
				"down": {"uv": [2, 1, 3, 2], "texture": "#6"}
			}
		},
		{
			"from": [7.75, 7.25, 7.25],
			"to": [9.25, 9.25, 8.79688],
			"rotation": {"angle": 0, "axis": "y", "origin": [7.75, 7.75, 7.75]},
			"faces": {
				"north": {"uv": [12, 3, 13, 4], "texture": "#6"},
				"east": {"uv": [12, 3, 13, 4], "texture": "#6"},
				"south": {"uv": [12, 3, 13, 4], "texture": "#6"},
				"west": {"uv": [12, 3, 13, 4], "texture": "#6"},
				"up": {"uv": [12, 3, 13, 4], "texture": "#6"},
				"down": {"uv": [12, 3, 13, 4], "texture": "#6"}
			}
		},
		{
			"from": [7.0625, 7.78125, 5.9375],
			"to": [7.625, 8.14063, 6.46875],
			"rotation": {"angle": 0, "axis": "y", "origin": [7.75, 7.75, 7.75]},
			"faces": {
				"north": {"uv": [2, 2, 3, 3], "texture": "#6"},
				"east": {"uv": [2, 2, 3, 3], "texture": "#6"},
				"south": {"uv": [2, 2, 3, 3], "texture": "#6"},
				"west": {"uv": [2, 2, 3, 3], "texture": "#6"},
				"up": {"uv": [2, 2, 3, 3], "texture": "#6"},
				"down": {"uv": [2, 2, 3, 3], "texture": "#6"}
			}
		},
		{
			"from": [7.875, 7.75, 7.8125],
			"to": [9.8125, 8.75, 9.1875],
			"rotation": {"angle": 0, "axis": "y", "origin": [7.75, 7.75, 7.75]},
			"faces": {
				"north": {"uv": [2, 1, 3, 2], "texture": "#6"},
				"east": {"uv": [2, 1, 3, 2], "texture": "#6"},
				"south": {"uv": [2, 1, 3, 2], "texture": "#6"},
				"west": {"uv": [2, 1, 3, 2], "texture": "#6"},
				"up": {"uv": [2, 1, 3, 2], "texture": "#6"},
				"down": {"uv": [2, 1, 3, 2], "texture": "#6"}
			}
		},
		{
			"from": [6.84375, 8.34375, 6.57813],
			"to": [7.625, 8.95313, 8.125],
			"rotation": {"angle": 0, "axis": "y", "origin": [7.75, 7.75, 7.75]},
			"faces": {
				"north": {"uv": [4, 3, 5, 4], "texture": "#6"},
				"east": {"uv": [4, 3, 5, 4], "texture": "#6"},
				"south": {"uv": [4, 3, 5, 4], "texture": "#6"},
				"west": {"uv": [4, 3, 5, 4], "texture": "#6"},
				"up": {"uv": [4, 3, 5, 4], "texture": "#6"},
				"down": {"uv": [4, 3, 5, 4], "texture": "#6"}
			}
		},
		{
			"from": [8.21875, 8.84375, 7.20313],
			"to": [9.375, 9.45313, 8.125],
			"rotation": {"angle": 0, "axis": "y", "origin": [7.75, 7.75, 7.75]},
			"faces": {
				"north": {"uv": [4, 3, 5, 4], "texture": "#6"},
				"east": {"uv": [4, 3, 5, 4], "texture": "#6"},
				"south": {"uv": [4, 3, 5, 4], "texture": "#6"},
				"west": {"uv": [4, 3, 5, 4], "texture": "#6"},
				"up": {"uv": [4, 3, 5, 4], "texture": "#6"},
				"down": {"uv": [4, 3, 5, 4], "texture": "#6"}
			}
		},
		{
			"from": [8.04688, 7.85938, 6.04688],
			"to": [8.92188, 8.46875, 7.01563],
			"rotation": {"angle": 0, "axis": "y", "origin": [7.75, 7.75, 7.75]},
			"faces": {
				"north": {"uv": [2, 2, 3, 3], "texture": "#6"},
				"east": {"uv": [2, 2, 3, 3], "texture": "#6"},
				"south": {"uv": [2, 2, 3, 3], "texture": "#6"},
				"west": {"uv": [2, 2, 3, 3], "texture": "#6"},
				"up": {"uv": [2, 2, 3, 3], "texture": "#6"},
				"down": {"uv": [2, 2, 3, 3], "texture": "#6"}
			}
		},
		{
			"from": [7.65625, 8.60938, 8.375],
			"to": [8.10938, 9.10938, 8.89063],
			"rotation": {"angle": 0, "axis": "y", "origin": [7.75, 7.75, 7.75]},
			"faces": {
				"north": {"uv": [2, 2, 3, 3], "texture": "#6"},
				"east": {"uv": [2, 2, 3, 3], "texture": "#6"},
				"south": {"uv": [2, 2, 3, 3], "texture": "#6"},
				"west": {"uv": [2, 2, 3, 3], "texture": "#6"},
				"up": {"uv": [2, 2, 3, 3], "texture": "#6"},
				"down": {"uv": [2, 2, 3, 3], "texture": "#6"}
			}
		},
		{
			"from": [8.42188, 7.98438, 8.54688],
			"to": [9.29688, 8.59375, 9.51563],
			"rotation": {"angle": 0, "axis": "y", "origin": [7.75, 7.75, 7.75]},
			"faces": {
				"north": {"uv": [2, 2, 3, 3], "texture": "#6"},
				"east": {"uv": [2, 2, 3, 3], "texture": "#6"},
				"south": {"uv": [2, 2, 3, 3], "texture": "#6"},
				"west": {"uv": [2, 2, 3, 3], "texture": "#6"},
				"up": {"uv": [2, 2, 3, 3], "texture": "#6"},
				"down": {"uv": [2, 2, 3, 3], "texture": "#6"}
			}
		},
		{
			"from": [7.53125, 8.98438, 8.375],
			"to": [8.10938, 9.35938, 9.01563],
			"rotation": {"angle": 0, "axis": "y", "origin": [7.75, 7.75, 7.75]},
			"faces": {
				"north": {"uv": [7, 3, 8, 4], "texture": "#6"},
				"east": {"uv": [7, 3, 8, 4], "texture": "#6"},
				"south": {"uv": [7, 3, 8, 4], "texture": "#6"},
				"west": {"uv": [7, 3, 8, 4], "texture": "#6"},
				"up": {"uv": [7, 3, 8, 4], "texture": "#6"},
				"down": {"uv": [7, 3, 8, 4], "texture": "#6"}
			}
		},
		{
			"from": [7.65625, 7.10938, 7.5],
			"to": [8.23438, 7.48438, 8.14063],
			"rotation": {"angle": 0, "axis": "y", "origin": [7.75, 7.75, 7.75]},
			"faces": {
				"north": {"uv": [7, 3, 8, 4], "texture": "#6"},
				"east": {"uv": [7, 3, 8, 4], "texture": "#6"},
				"south": {"uv": [7, 3, 8, 4], "texture": "#6"},
				"west": {"uv": [7, 3, 8, 4], "texture": "#6"},
				"up": {"uv": [7, 3, 8, 4], "texture": "#6"},
				"down": {"uv": [7, 3, 8, 4], "texture": "#6"}
			}
		},
		{
			"from": [7.53125, 8.23438, 6.125],
			"to": [8.10938, 8.60938, 6.76563],
			"rotation": {"angle": 0, "axis": "y", "origin": [7.75, 7.75, 7.75]},
			"faces": {
				"north": {"uv": [7, 3, 8, 4], "texture": "#6"},
				"east": {"uv": [7, 3, 8, 4], "texture": "#6"},
				"south": {"uv": [7, 3, 8, 4], "texture": "#6"},
				"west": {"uv": [7, 3, 8, 4], "texture": "#6"},
				"up": {"uv": [7, 3, 8, 4], "texture": "#6"},
				"down": {"uv": [7, 3, 8, 4], "texture": "#6"}
			}
		},
		{
			"from": [9.03125, 7.85938, 7.5],
			"to": [9.60938, 8.23438, 8.14063],
			"rotation": {"angle": 0, "axis": "y", "origin": [7.75, 7.75, 7.75]},
			"faces": {
				"north": {"uv": [7, 3, 8, 4], "texture": "#6"},
				"east": {"uv": [7, 3, 8, 4], "texture": "#6"},
				"south": {"uv": [7, 3, 8, 4], "texture": "#6"},
				"west": {"uv": [7, 3, 8, 4], "texture": "#6"},
				"up": {"uv": [7, 3, 8, 4], "texture": "#6"},
				"down": {"uv": [7, 3, 8, 4], "texture": "#6"}
			}
		}
	],
	"gui_light": "front",
	"display": {
		"thirdperson_righthand": {
			"translation": [0, 0.25, 1.5],
			"scale": [0.95, 0.95, 0.95]
		},
		"thirdperson_lefthand": {
			"translation": [0, 0.25, 1.5],
			"scale": [0.95, 0.95, 0.95]
		},
		"firstperson_righthand": {
			"rotation": [-50, 35, 57],
			"translation": [-1, 5, 4.75],
			"scale": [1.46, 1.46, 1.46]
		},
		"firstperson_lefthand": {
			"rotation": [-50, 35, 57],
			"translation": [-1, 5, 4.75],
			"scale": [1.46, 1.46, 1.46]
		},
		"ground": {
			"translation": [0, -0.25, 0],
			"scale": [1.7, 1.7, 1.7]
		},
		"gui": {
			"rotation": [61, 125, -25],
			"translation": [2.25, -1, 0],
			"scale": [4, 4, 4]
		},
		"fixed": {
			"rotation": [-90, 0, 0],
			"translation": [-0.25, 3.5, 0],
			"scale": [3.74, 3.74, 3.74]
		}
	},
	"groups": [0, 1, 2, 3, 4, 5, 6, 7, 8,
		{
			"name": "group",
			"origin": [7.75, 7.75, 7.75],
			"color": 0,
			"children": [9, 10, 11, 12]
		}
	]
}