{
	"credit": "Made with Blockbench",
	"textures": {
		"0": "block/anvil",
		"1": "block/oak_log",
		"particle": "block/anvil"
	},
	"elements": [
		{
			"from": [7.8125, 1.27885, 8.2488],
			"to": [8.1875, 9.52885, 8.6238],
			"rotation": {"angle": 0, "axis": "y", "origin": [7.75, 3.65385, 8.6863]},
			"faces": {
				"north": {"uv": [7, 1, 7.375, 9.25], "texture": "#1"},
				"east": {"uv": [7, 1, 7.375, 9.25], "texture": "#1"},
				"south": {"uv": [7, 1, 7.375, 9.25], "texture": "#1"},
				"west": {"uv": [7, 1, 7.375, 9.25], "texture": "#1"},
				"up": {"uv": [7, 1, 7.375, 9.25], "rotation": 270, "texture": "#1"},
				"down": {"uv": [7, 1, 7.375, 9.25], "rotation": 90, "texture": "#1"}
			}
		},
		{
			"from": [7.6875, 8.02885, 8.1238],
			"to": [8.3125, 9.21635, 8.7488],
			"rotation": {"angle": 0, "axis": "y", "origin": [7.75, 3.65385, 8.6863]},
			"faces": {
				"north": {"uv": [4, 1, 5, 2], "texture": "#0"},
				"east": {"uv": [4, 1, 5, 2], "texture": "#0"},
				"south": {"uv": [4, 1, 5, 2], "texture": "#0"},
				"west": {"uv": [4, 1, 5, 2], "texture": "#0"},
				"up": {"uv": [4, 1, 5, 2], "rotation": 270, "texture": "#0"},
				"down": {"uv": [4, 1, 5, 2], "rotation": 90, "texture": "#0"}
			}
		},
		{
			"from": [7.75, 8.15385, 8.7488],
			"to": [8.25, 9.09135, 9.2488],
			"rotation": {"angle": 0, "axis": "y", "origin": [7.75, 3.65385, 8.6863]},
			"faces": {
				"north": {"uv": [4, 1, 5, 2], "texture": "#0"},
				"east": {"uv": [4, 1, 5, 2], "texture": "#0"},
				"south": {"uv": [4, 1, 5, 2], "texture": "#0"},
				"west": {"uv": [4, 1, 5, 2], "texture": "#0"},
				"up": {"uv": [4, 1, 5, 2], "texture": "#0"},
				"down": {"uv": [4, 1, 5, 2], "texture": "#0"}
			}
		},
		{
			"from": [7.6875, 8.02885, 9.2488],
			"to": [8.3125, 9.21635, 9.6238],
			"rotation": {"angle": 0, "axis": "y", "origin": [7.75, 3.65385, 8.6863]},
			"faces": {
				"north": {"uv": [4, 1, 5, 2], "texture": "#0"},
				"east": {"uv": [4, 1, 5, 2], "texture": "#0"},
				"south": {"uv": [4, 1, 5, 2], "texture": "#0"},
				"west": {"uv": [4, 1, 5, 2], "texture": "#0"},
				"up": {"uv": [4, 1, 5, 2], "texture": "#0"},
				"down": {"uv": [4, 1, 5, 2], "texture": "#0"}
			}
		},
		{
			"from": [7.625, 7.96635, 9.6238],
			"to": [8.375, 9.27885, 10.4988],
			"rotation": {"angle": 0, "axis": "y", "origin": [7.75, 3.65385, 8.6863]},
			"faces": {
				"north": {"uv": [4, 1, 5, 2], "texture": "#0"},
				"east": {"uv": [4, 1, 5, 2], "texture": "#0"},
				"south": {"uv": [4, 1, 5, 2], "texture": "#0"},
				"west": {"uv": [4, 1, 5, 2], "texture": "#0"},
				"up": {"uv": [4, 1, 5, 2], "texture": "#0"},
				"down": {"uv": [4, 1, 5, 2], "texture": "#0"}
			}
		},
		{
			"from": [7.75, 8.15385, 7.7512],
			"to": [8.25, 9.09135, 8.2512],
			"rotation": {"angle": 0, "axis": "y", "origin": [7.75, 3.65385, 7.3137]},
			"faces": {
				"north": {"uv": [6, 1, 5, 2], "texture": "#0"},
				"east": {"uv": [6, 1, 5, 2], "texture": "#0"},
				"south": {"uv": [6, 1, 5, 2], "texture": "#0"},
				"west": {"uv": [6, 1, 5, 2], "texture": "#0"},
				"up": {"uv": [6, 1, 5, 2], "texture": "#0"},
				"down": {"uv": [6, 1, 5, 2], "texture": "#0"}
			}
		},
		{
			"from": [7.6875, 8.02885, 7.3762],
			"to": [8.3125, 9.21635, 7.7512],
			"rotation": {"angle": 0, "axis": "y", "origin": [7.75, 3.65385, 7.3137]},
			"faces": {
				"north": {"uv": [6, 1, 5, 2], "texture": "#0"},
				"east": {"uv": [6, 1, 5, 2], "texture": "#0"},
				"south": {"uv": [6, 1, 5, 2], "texture": "#0"},
				"west": {"uv": [6, 1, 5, 2], "texture": "#0"},
				"up": {"uv": [6, 1, 5, 2], "texture": "#0"},
				"down": {"uv": [6, 1, 5, 2], "texture": "#0"}
			}
		},
		{
			"from": [7.625, 7.96635, 6.5012],
			"to": [8.375, 9.27885, 7.3762],
			"rotation": {"angle": 0, "axis": "y", "origin": [7.75, 3.65385, 7.3137]},
			"faces": {
				"north": {"uv": [6, 1, 5, 2], "texture": "#0"},
				"east": {"uv": [6, 1, 5, 2], "texture": "#0"},
				"south": {"uv": [6, 1, 5, 2], "texture": "#0"},
				"west": {"uv": [6, 1, 5, 2], "texture": "#0"},
				"up": {"uv": [6, 1, 5, 2], "texture": "#0"},
				"down": {"uv": [6, 1, 5, 2], "texture": "#0"}
			}
		},
		{
			"from": [7.75, 0.90385, 8.1863],
			"to": [8.25, 1.27885, 8.6863],
			"rotation": {"angle": 0, "axis": "y", "origin": [7.75, 3.65385, 8.6863]},
			"faces": {
				"north": {"uv": [4, 1, 5, 2], "texture": "#0"},
				"east": {"uv": [4, 1, 5, 2], "texture": "#0"},
				"south": {"uv": [4, 1, 5, 2], "texture": "#0"},
				"west": {"uv": [4, 1, 5, 2], "texture": "#0"},
				"up": {"uv": [4, 1, 5, 2], "texture": "#0"},
				"down": {"uv": [4, 1, 5, 2], "texture": "#0"}
			}
		}
	],
	"gui_light": "front",
	"display": {
		"thirdperson_righthand": {
			"translation": [-0.25, 2.75, 0.25],
			"scale": [1.38, 1.38, 1.38]
		},
		"thirdperson_lefthand": {
			"translation": [-0.25, 2.75, 0.25],
			"scale": [1.38, 1.38, 1.38]
		},
		"firstperson_righthand": {
			"rotation": [9, 0, -1],
			"translation": [-4.5, 7.25, 6.25]
		},
		"firstperson_lefthand": {
			"rotation": [9, 0, -1],
			"translation": [-4.5, 7.25, 6.25]
		},
		"ground": {
			"rotation": [-140, 0, 0],
			"translation": [0, 0, -1.25],
			"scale": [1.5, 1.5, 1.5]
		},
		"gui": {
			"rotation": [-83, 135, 63],
			"translation": [1.75, 3.5, 0],
			"scale": [2.1, 2.1, 2.1]
		},
		"fixed": {
			"rotation": [0, 90, 0],
			"translation": [0, 5, 0],
			"scale": [2.01, 2.01, 2.01]
		}
	}
}