{
	"credit": "Made with Blockbench",
	"textures": {
		"0": "block/anvil",
		"1": "block/oak_log",
		"particle": "block/anvil"
	},
	"elements": [
		{
			"from": [7.875, 1.27885, 8.2488],
			"to": [8.125, 9.52885, 8.6238],
			"rotation": {"angle": 0, "axis": "y", "origin": [7.75, 3.65385, 8.6863]},
			"faces": {
				"north": {"uv": [7, 1, 7.375, 9.25], "texture": "#1"},
				"east": {"uv": [7, 1, 7.375, 9.25], "texture": "#1"},
				"south": {"uv": [7, 1, 7.375, 9.25], "texture": "#1"},
				"west": {"uv": [7, 1, 7.375, 9.25], "texture": "#1"},
				"up": {"uv": [7, 1, 7.375, 9.25], "rotation": 270, "texture": "#1"},
				"down": {"uv": [7, 1, 7.375, 9.25], "rotation": 90, "texture": "#1"}
			}
		},
		{
			"from": [7.75, 7.40385, 8.1238],
			"to": [8.25, 9.21635, 8.7488],
			"rotation": {"angle": 0, "axis": "y", "origin": [7.75, 3.65385, 8.6863]},
			"faces": {
				"north": {"uv": [4, 1, 5, 2], "texture": "#0"},
				"east": {"uv": [4, 1, 5, 2], "texture": "#0"},
				"south": {"uv": [4, 1, 5, 2], "texture": "#0"},
				"west": {"uv": [4, 1, 5, 2], "texture": "#0"},
				"up": {"uv": [4, 1, 5, 2], "rotation": 270, "texture": "#0"},
				"down": {"uv": [4, 1, 5, 2], "rotation": 90, "texture": "#0"}
			}
		},
		{
			"from": [7.875, 7.21635, 6.6863],
			"to": [8.125, 9.40385, 7.4988],
			"rotation": {"angle": 0, "axis": "y", "origin": [7.75, 3.65385, 8.6863]},
			"faces": {
				"north": {"uv": [7, 1, 7.8125, 3.1875], "texture": "#0"},
				"east": {"uv": [7, 1, 7.8125, 3.1875], "texture": "#0"},
				"south": {"uv": [7, 1, 7.8125, 3.1875], "texture": "#0"},
				"west": {"uv": [7, 1, 7.8125, 3.1875], "texture": "#0"},
				"up": {"uv": [7, 1, 7.8125, 3.1875], "rotation": 270, "texture": "#0"},
				"down": {"uv": [7, 1, 7.8125, 3.1875], "rotation": 90, "texture": "#0"}
			}
		},
		{
			"from": [7.9375, 7.09135, 6.4988],
			"to": [8.0625, 9.27885, 6.8113],
			"rotation": {"angle": 0, "axis": "y", "origin": [7.75, 3.65385, 8.6863]},
			"faces": {
				"north": {"uv": [7, 1, 7.3125, 3.1875], "texture": "#0"},
				"east": {"uv": [7, 1, 7.3125, 3.1875], "texture": "#0"},
				"south": {"uv": [7, 1, 7.3125, 3.1875], "texture": "#0"},
				"west": {"uv": [7, 1, 7.3125, 3.1875], "texture": "#0"},
				"up": {"uv": [7, 1, 7.3125, 3.1875], "rotation": 270, "texture": "#0"},
				"down": {"uv": [7, 1, 7.3125, 3.1875], "rotation": 90, "texture": "#0"}
			}
		},
		{
			"from": [7.96875, 7.3726, 6.35817],
			"to": [8.03125, 9.02885, 6.4988],
			"rotation": {"angle": 0, "axis": "y", "origin": [7.75, 3.65385, 8.6863]},
			"faces": {
				"north": {"uv": [7, 1, 7.14063, 2.65625], "texture": "#0"},
				"east": {"uv": [7, 1, 7.14063, 2.65625], "texture": "#0"},
				"south": {"uv": [7, 1, 7.14063, 2.65625], "texture": "#0"},
				"west": {"uv": [7, 1, 7.14063, 2.65625], "texture": "#0"},
				"up": {"uv": [7, 1, 7.14063, 2.65625], "rotation": 270, "texture": "#0"},
				"down": {"uv": [7, 1, 7.14063, 2.65625], "rotation": 90, "texture": "#0"}
			}
		},
		{
			"from": [7.875, 7.34135, 7.4988],
			"to": [8.125, 9.27885, 7.8113],
			"rotation": {"angle": 0, "axis": "y", "origin": [7.75, 3.65385, 8.6863]},
			"faces": {
				"north": {"uv": [7, 1, 7.3125, 2.9375], "texture": "#0"},
				"east": {"uv": [7, 1, 7.3125, 2.9375], "texture": "#0"},
				"south": {"uv": [7, 1, 7.3125, 2.9375], "texture": "#0"},
				"west": {"uv": [7, 1, 7.3125, 2.9375], "texture": "#0"},
				"up": {"uv": [7, 1, 7.3125, 2.9375], "rotation": 270, "texture": "#0"},
				"down": {"uv": [7, 1, 7.3125, 2.9375], "rotation": 90, "texture": "#0"}
			}
		},
		{
			"from": [7.9375, 6.96635, 6.8113],
			"to": [8.0625, 9.46635, 7.3113],
			"rotation": {"angle": 0, "axis": "y", "origin": [7.75, 3.65385, 8.6863]},
			"faces": {
				"north": {"uv": [7, 1, 7.5, 3.5], "texture": "#0"},
				"east": {"uv": [7, 1, 7.5, 3.5], "texture": "#0"},
				"south": {"uv": [7, 1, 7.5, 3.5], "texture": "#0"},
				"west": {"uv": [7, 1, 7.5, 3.5], "texture": "#0"},
				"up": {"uv": [7, 1, 7.5, 3.5], "rotation": 270, "texture": "#0"},
				"down": {"uv": [7, 1, 7.5, 3.5], "rotation": 90, "texture": "#0"}
			}
		},
		{
			"from": [7.9375, 6.8101, 6.88942],
			"to": [8.0625, 6.96635, 7.21755],
			"rotation": {"angle": 0, "axis": "y", "origin": [7.75, 3.65385, 8.6863]},
			"faces": {
				"north": {"uv": [7, 1, 7.32813, 1.15625], "texture": "#0"},
				"east": {"uv": [7, 1, 7.32813, 1.15625], "texture": "#0"},
				"south": {"uv": [7, 1, 7.32813, 1.15625], "texture": "#0"},
				"west": {"uv": [7, 1, 7.32813, 1.15625], "texture": "#0"},
				"up": {"uv": [7, 1, 7.32813, 1.15625], "rotation": 270, "texture": "#0"},
				"down": {"uv": [7, 1, 7.32813, 1.15625], "rotation": 90, "texture": "#0"}
			}
		},
		{
			"from": [7.8125, 7.46635, 7.4988],
			"to": [8.1875, 9.15385, 8.1238],
			"rotation": {"angle": 0, "axis": "y", "origin": [7.75, 3.65385, 8.6863]},
			"faces": {
				"north": {"uv": [7, 1, 7.625, 2.6875], "texture": "#0"},
				"east": {"uv": [7, 1, 7.625, 2.6875], "texture": "#0"},
				"south": {"uv": [7, 1, 7.625, 2.6875], "texture": "#0"},
				"west": {"uv": [7, 1, 7.625, 2.6875], "texture": "#0"},
				"up": {"uv": [7, 1, 7.625, 2.6875], "rotation": 270, "texture": "#0"},
				"down": {"uv": [7, 1, 7.625, 2.6875], "rotation": 90, "texture": "#0"}
			}
		},
		{
			"from": [7.8125, 8.21635, 8.7488],
			"to": [8.1875, 8.90385, 9.3738],
			"rotation": {"angle": 0, "axis": "y", "origin": [7.75, 3.65385, 8.6863]},
			"faces": {
				"north": {"uv": [7, 1, 7.625, 1.6875], "texture": "#0"},
				"east": {"uv": [7, 1, 7.625, 1.6875], "texture": "#0"},
				"south": {"uv": [7, 1, 7.625, 1.6875], "texture": "#0"},
				"west": {"uv": [7, 1, 7.625, 1.6875], "texture": "#0"},
				"up": {"uv": [7, 1, 7.625, 1.6875], "rotation": 270, "texture": "#0"},
				"down": {"uv": [7, 1, 7.625, 1.6875], "rotation": 90, "texture": "#0"}
			}
		},
		{
			"from": [7.875, 7.96635, 8.7488],
			"to": [8.125, 8.21635, 9.2488],
			"rotation": {"angle": 0, "axis": "y", "origin": [7.75, 3.65385, 8.6863]},
			"faces": {
				"north": {"uv": [7, 1, 7.5, 1.25], "texture": "#0"},
				"east": {"uv": [7, 1, 7.5, 1.25], "texture": "#0"},
				"south": {"uv": [7, 1, 7.5, 1.25], "texture": "#0"},
				"west": {"uv": [7, 1, 7.5, 1.25], "texture": "#0"},
				"up": {"uv": [7, 1, 7.5, 1.25], "rotation": 270, "texture": "#0"},
				"down": {"uv": [7, 1, 7.5, 1.25], "rotation": 90, "texture": "#0"}
			}
		},
		{
			"from": [7.875, 8.34135, 9.3738],
			"to": [8.125, 8.84135, 9.6238],
			"rotation": {"angle": 0, "axis": "y", "origin": [7.75, 3.65385, 8.6863]},
			"faces": {
				"north": {"uv": [7, 1, 7.25, 1.5], "texture": "#0"},
				"east": {"uv": [7, 1, 7.25, 1.5], "texture": "#0"},
				"south": {"uv": [7, 1, 7.25, 1.5], "texture": "#0"},
				"west": {"uv": [7, 1, 7.25, 1.5], "texture": "#0"},
				"up": {"uv": [7, 1, 7.25, 1.5], "rotation": 270, "texture": "#0"},
				"down": {"uv": [7, 1, 7.25, 1.5], "rotation": 90, "texture": "#0"}
			}
		},
		{
			"from": [7.9375, 8.46635, 9.6238],
			"to": [8.0625, 8.77885, 9.9988],
			"rotation": {"angle": 0, "axis": "y", "origin": [7.75, 3.65385, 8.6863]},
			"faces": {
				"north": {"uv": [7, 1, 7.375, 1.3125], "texture": "#0"},
				"east": {"uv": [7, 1, 7.375, 1.3125], "texture": "#0"},
				"south": {"uv": [7, 1, 7.375, 1.3125], "texture": "#0"},
				"west": {"uv": [7, 1, 7.375, 1.3125], "texture": "#0"},
				"up": {"uv": [7, 1, 7.375, 1.3125], "rotation": 270, "texture": "#0"},
				"down": {"uv": [7, 1, 7.375, 1.3125], "rotation": 90, "texture": "#0"}
			}
		}
	],
	"gui_light": "front",
	"display": {
		"thirdperson_righthand": {
			"translation": [-0.25, 2.75, 0.5],
			"scale": [1.17, 1.17, 1.17]
		},
		"thirdperson_lefthand": {
			"translation": [-0.25, 2.75, 0.5],
			"scale": [1.17, 1.17, 1.17]
		},
		"firstperson_righthand": {
			"rotation": [8, 0, -13],
			"translation": [-4.25, 7, 6]
		},
		"firstperson_lefthand": {
			"rotation": [8, 0, -13],
			"translation": [-4.25, 7, 6]
		},
		"ground": {
			"rotation": [-140, 0, 0],
			"translation": [0, 0, -1.25],
			"scale": [1.5, 1.5, 1.5]
		},
		"gui": {
			"rotation": [-81, 144, 55],
			"translation": [3.25, 3, 0],
			"scale": [2.42, 2.42, 2.42]
		},
		"fixed": {
			"rotation": [0, 90, 0],
			"translation": [0, 5, 0],
			"scale": [2.01, 2.01, 2.01]
		}
	}
}