{
	"credit": "Made with Blockbench",
	"textures": {
		"0": "block/anvil",
		"1": "block/oak_log",
		"particle": "block/anvil"
	},
	"elements": [
		{
			"from": [7.8125, 1.27885, 8.2488],
			"to": [8.1875, 9.52885, 8.6238],
			"rotation": {"angle": 0, "axis": "y", "origin": [7.75, 3.65385, 8.6863]},
			"faces": {
				"north": {"uv": [7, 1, 7.375, 9.25], "texture": "#1"},
				"east": {"uv": [7, 1, 7.375, 9.25], "texture": "#1"},
				"south": {"uv": [7, 1, 7.375, 9.25], "texture": "#1"},
				"west": {"uv": [7, 1, 7.375, 9.25], "texture": "#1"},
				"up": {"uv": [7, 1, 7.375, 9.25], "rotation": 270, "texture": "#1"},
				"down": {"uv": [7, 1, 7.375, 9.25], "rotation": 90, "texture": "#1"}
			}
		},
		{
			"from": [7.6875, 8.65385, 8.1238],
			"to": [8.3125, 9.21635, 8.7488],
			"rotation": {"angle": 0, "axis": "y", "origin": [7.75, 3.65385, 8.6863]},
			"faces": {
				"north": {"uv": [4, 1, 5, 2], "texture": "#0"},
				"east": {"uv": [4, 1, 5, 2], "texture": "#0"},
				"south": {"uv": [4, 1, 5, 2], "texture": "#0"},
				"west": {"uv": [2, 1, 3, 2], "texture": "#0"},
				"up": {"uv": [4, 1, 5, 2], "rotation": 270, "texture": "#0"},
				"down": {"uv": [4, 1, 5, 2], "rotation": 90, "texture": "#0"}
			}
		},
		{
			"from": [7.75, 8.15385, 8.1863],
			"to": [8.25, 8.65385, 8.6863],
			"rotation": {"angle": 0, "axis": "y", "origin": [7.75, 3.65385, 8.6863]},
			"faces": {
				"north": {"uv": [4, 1, 5, 2], "texture": "#0"},
				"east": {"uv": [4, 1, 5, 2], "texture": "#0"},
				"south": {"uv": [4, 1, 5, 2], "texture": "#0"},
				"west": {"uv": [2, 1, 3, 2], "texture": "#0"},
				"up": {"uv": [4, 1, 5, 2], "rotation": 270, "texture": "#0"},
				"down": {"uv": [4, 1, 5, 2], "rotation": 90, "texture": "#0"}
			}
		},
		{
			"from": [7.875, 8.46635, 7.1863],
			"to": [8.0625, 9.02885, 8.1863],
			"rotation": {"angle": 0, "axis": "y", "origin": [7.75, 3.65385, 8.6863]},
			"faces": {
				"north": {"uv": [4, 1, 5, 2], "texture": "#0"},
				"east": {"uv": [4, 1, 5, 2], "texture": "#0"},
				"south": {"uv": [4, 1, 5, 2], "texture": "#0"},
				"west": {"uv": [4, 1, 5, 2], "texture": "#0"},
				"up": {"uv": [4, 1, 5, 2], "rotation": 270, "texture": "#0"},
				"down": {"uv": [4, 1, 5, 2], "rotation": 90, "texture": "#0"}
			}
		},
		{
			"from": [7.89062, 8.77885, 6.0613],
			"to": [8.04687, 9.15385, 7.1863],
			"rotation": {"angle": 0, "axis": "y", "origin": [7.75, 3.65385, 8.6863]},
			"faces": {
				"north": {"uv": [4, 1, 5, 2], "texture": "#0"},
				"east": {"uv": [4, 1, 5, 2], "texture": "#0"},
				"south": {"uv": [4, 1, 5, 2], "texture": "#0"},
				"west": {"uv": [4, 1, 5, 2], "texture": "#0"},
				"up": {"uv": [4, 1, 5, 2], "rotation": 270, "texture": "#0"},
				"down": {"uv": [4, 1, 5, 2], "rotation": 90, "texture": "#0"}
			}
		},
		{
			"from": [7.92187, 8.65385, 6.6863],
			"to": [8.03125, 9.09135, 7.8738],
			"rotation": {"angle": 0, "axis": "y", "origin": [7.75, 3.65385, 8.6863]},
			"faces": {
				"north": {"uv": [4, 1, 5, 2], "texture": "#0"},
				"east": {"uv": [4, 1, 5, 2], "texture": "#0"},
				"south": {"uv": [4, 1, 5, 2], "texture": "#0"},
				"west": {"uv": [4, 1, 5, 2], "texture": "#0"},
				"up": {"uv": [4, 1, 5, 2], "rotation": 270, "texture": "#0"},
				"down": {"uv": [4, 1, 5, 2], "rotation": 90, "texture": "#0"}
			}
		},
		{
			"from": [7.92187, 8.71635, 5.4363],
			"to": [8.03125, 9.02885, 6.3113],
			"rotation": {"angle": 0, "axis": "y", "origin": [7.75, 3.65385, 8.6863]},
			"faces": {
				"north": {"uv": [4, 1, 5, 2], "texture": "#0"},
				"east": {"uv": [4, 1, 5, 2], "texture": "#0"},
				"south": {"uv": [4, 1, 5, 2], "texture": "#0"},
				"west": {"uv": [4, 1, 5, 2], "texture": "#0"},
				"up": {"uv": [4, 1, 5, 2], "rotation": 270, "texture": "#0"},
				"down": {"uv": [4, 1, 5, 2], "rotation": 90, "texture": "#0"}
			}
		},
		{
			"from": [7.9375, 8.65385, 5.10817],
			"to": [8.01562, 8.90385, 5.6863],
			"rotation": {"angle": 0, "axis": "y", "origin": [7.75, 3.65385, 8.6863]},
			"faces": {
				"north": {"uv": [4, 1, 5, 2], "texture": "#0"},
				"east": {"uv": [4, 1, 5, 2], "texture": "#0"},
				"south": {"uv": [4, 1, 5, 2], "texture": "#0"},
				"west": {"uv": [4, 1, 5, 2], "texture": "#0"},
				"up": {"uv": [4, 1, 5, 2], "rotation": 270, "texture": "#0"},
				"down": {"uv": [4, 1, 5, 2], "rotation": 90, "texture": "#0"}
			}
		},
		{
			"from": [7.95312, 8.57572, 4.9988],
			"to": [8, 8.77885, 5.2488],
			"rotation": {"angle": 0, "axis": "y", "origin": [7.75, 3.65385, 8.6863]},
			"faces": {
				"north": {"uv": [4, 1, 5, 2], "texture": "#0"},
				"east": {"uv": [4, 1, 5, 2], "texture": "#0"},
				"south": {"uv": [4, 1, 5, 2], "texture": "#0"},
				"west": {"uv": [4, 1, 5, 2], "texture": "#0"},
				"up": {"uv": [4, 1, 5, 2], "rotation": 270, "texture": "#0"},
				"down": {"uv": [4, 1, 5, 2], "rotation": 90, "texture": "#0"}
			}
		},
		{
			"from": [7.96875, 8.4976, 4.9363],
			"to": [7.98437, 8.66947, 5.09255],
			"rotation": {"angle": 0, "axis": "y", "origin": [7.75, 3.65385, 8.6863]},
			"faces": {
				"north": {"uv": [4, 1, 5, 2], "texture": "#0"},
				"east": {"uv": [4, 1, 5, 2], "texture": "#0"},
				"south": {"uv": [4, 1, 5, 2], "texture": "#0"},
				"west": {"uv": [4, 1, 5, 2], "texture": "#0"},
				"up": {"uv": [4, 1, 5, 2], "rotation": 270, "texture": "#0"},
				"down": {"uv": [4, 1, 5, 2], "rotation": 90, "texture": "#0"}
			}
		},
		{
			"from": [7.92187, 8.34135, 7.6863],
			"to": [8.03125, 8.46635, 8.2488],
			"rotation": {"angle": 0, "axis": "y", "origin": [7.75, 3.65385, 8.6863]},
			"faces": {
				"north": {"uv": [4, 1, 5, 2], "texture": "#0"},
				"east": {"uv": [4, 1, 5, 2], "texture": "#0"},
				"south": {"uv": [4, 1, 5, 2], "texture": "#0"},
				"west": {"uv": [4, 1, 5, 2], "texture": "#0"},
				"up": {"uv": [4, 1, 5, 2], "rotation": 270, "texture": "#0"},
				"down": {"uv": [4, 1, 5, 2], "rotation": 90, "texture": "#0"}
			}
		},
		{
			"from": [7.85937, 8.27885, 8.6238],
			"to": [8.09375, 8.90385, 9.0613],
			"rotation": {"angle": 0, "axis": "y", "origin": [7.75, 3.65385, 8.6863]},
			"faces": {
				"north": {"uv": [4, 1, 5, 2], "texture": "#0"},
				"east": {"uv": [4, 1, 5, 2], "texture": "#0"},
				"south": {"uv": [4, 1, 5, 2], "texture": "#0"},
				"west": {"uv": [4, 1, 5, 2], "texture": "#0"},
				"up": {"uv": [4, 1, 5, 2], "rotation": 270, "texture": "#0"},
				"down": {"uv": [4, 1, 5, 2], "rotation": 90, "texture": "#0"}
			}
		},
		{
			"from": [7.85937, 8.21635, 9.0613],
			"to": [8.09375, 8.84135, 9.2488],
			"rotation": {"angle": 0, "axis": "y", "origin": [7.75, 3.65385, 8.6863]},
			"faces": {
				"north": {"uv": [4, 1, 5, 2], "texture": "#0"},
				"east": {"uv": [4, 1, 5, 2], "texture": "#0"},
				"south": {"uv": [4, 1, 5, 2], "texture": "#0"},
				"west": {"uv": [4, 1, 5, 2], "texture": "#0"},
				"up": {"uv": [4, 1, 5, 2], "rotation": 270, "texture": "#0"},
				"down": {"uv": [4, 1, 5, 2], "rotation": 90, "texture": "#0"}
			}
		}
	],
	"gui_light": "front",
	"display": {
		"thirdperson_righthand": {
			"translation": [-0.25, 3.25, 0.25],
			"scale": [1.48, 1.48, 1.48]
		},
		"thirdperson_lefthand": {
			"translation": [-0.25, 3.25, 0.25],
			"scale": [1.48, 1.48, 1.48]
		},
		"firstperson_righthand": {
			"rotation": [15, 0, -38],
			"translation": [-4.5, 7.25, 7]
		},
		"firstperson_lefthand": {
			"rotation": [15, 0, -38],
			"translation": [-4.5, 7.25, 7]
		},
		"ground": {
			"rotation": [-140, 0, 0],
			"translation": [0, 0, -2.25],
			"scale": [1.5, 1.5, 1.5]
		},
		"gui": {
			"rotation": [-120, 119, 88],
			"translation": [1.75, 3.5, 0],
			"scale": [2.1, 2.1, 2.1]
		},
		"fixed": {
			"rotation": [0, 90, 0],
			"translation": [1, 5.25, 0],
			"scale": [2.01, 2.01, 2.01]
		}
	}
}