{
	"credit": "Made with Blockbench",
	"textures": {
		"0": "block/magenta_concrete_powder",
		"1": "block/gray_stained_glass",
		"2": "block/yellow_concrete_powder",
		"particle": "block/magenta_concrete_powder"
	},
	"elements": [
		{
			"from": [6.5, 5.33405, 6.52155],
			"to": [9.5, 5.83405, 9.52155],
			"rotation": {"angle": 0, "axis": "y", "origin": [14.5, 13.33405, 14.52155]},
			"faces": {
				"north": {"uv": [0, 0, 1, 1], "texture": "#1"},
				"east": {"uv": [0, 0, 1, 1], "texture": "#1"},
				"south": {"uv": [0, 0, 1, 1], "texture": "#1"},
				"west": {"uv": [0, 0, 1, 1], "texture": "#1"},
				"up": {"uv": [0, 0, 1, 1], "texture": "#1"},
				"down": {"uv": [0, 0, 1, 1], "texture": "#1"}
			}
		},
		{
			"from": [6.5, 9.52155, 6.52155],
			"to": [9.5, 9.95905, 9.52155],
			"rotation": {"angle": 0, "axis": "y", "origin": [14.5, 17.52155, 14.52155]},
			"faces": {
				"north": {"uv": [0, 0, 1, 0.25], "texture": "#1"},
				"east": {"uv": [0, 0, 1, 0.25], "texture": "#1"},
				"south": {"uv": [0, 0, 1, 0.25], "texture": "#1"},
				"west": {"uv": [0, 0, 1, 0.25], "texture": "#1"},
				"up": {"uv": [0, 0, 1, 0.25], "texture": "#1"},
				"down": {"uv": [0, 0, 1, 0.25], "texture": "#1"}
			}
		},
		{
			"from": [7.0625, 9.83405, 7.08405],
			"to": [8.9375, 10.33405, 8.83405],
			"rotation": {"angle": 0, "axis": "y", "origin": [14.5, 17.52155, 14.52155]},
			"faces": {
				"north": {"uv": [0, 0, 1, 0.25], "texture": "#1"},
				"east": {"uv": [0, 0, 1, 0.25], "texture": "#1"},
				"south": {"uv": [0, 0, 1, 0.25], "texture": "#1"},
				"west": {"uv": [0, 0, 1, 0.25], "texture": "#1"},
				"up": {"uv": [0, 0, 1, 0.25], "texture": "#1"},
				"down": {"uv": [0, 0, 1, 0.25], "texture": "#1"}
			}
		},
		{
			"from": [7.4375, 10.20905, 7.45905],
			"to": [8.5625, 10.77155, 8.45905],
			"rotation": {"angle": 0, "axis": "y", "origin": [14.5, 17.52155, 14.52155]},
			"faces": {
				"north": {"uv": [0, 0, 1, 0.25], "texture": "#1"},
				"east": {"uv": [0, 0, 1, 0.25], "texture": "#1"},
				"south": {"uv": [0, 0, 1, 0.25], "texture": "#1"},
				"west": {"uv": [0, 0, 1, 0.25], "texture": "#1"},
				"up": {"uv": [0, 0, 1, 0.25], "texture": "#1"},
				"down": {"uv": [0, 0, 1, 0.25], "texture": "#1"}
			}
		},
		{
			"from": [7.6875, 10.58405, 7.64655],
			"to": [8.3125, 11.58405, 8.27155],
			"rotation": {"angle": 0, "axis": "y", "origin": [14.5, 17.52155, 14.52155]},
			"faces": {
				"north": {"uv": [4, 1, 4.625, 2], "texture": "#2"},
				"east": {"uv": [4, 1, 4.625, 2], "texture": "#2"},
				"south": {"uv": [4, 1, 4.625, 2], "texture": "#2"},
				"west": {"uv": [4, 1, 4.625, 2], "texture": "#2"},
				"up": {"uv": [4, 1, 4.625, 2], "texture": "#2"},
				"down": {"uv": [4, 1, 4.625, 2], "texture": "#2"}
			}
		},
		{
			"from": [7.875, 11.58405, 7.83405],
			"to": [8.125, 12.08405, 8.08405],
			"rotation": {"angle": 0, "axis": "y", "origin": [14.5, 17.52155, 14.52155]},
			"faces": {
				"north": {"uv": [4, 1, 4.625, 2], "texture": "#2"},
				"east": {"uv": [4, 1, 4.625, 2], "texture": "#2"},
				"south": {"uv": [4, 1, 4.625, 2], "texture": "#2"},
				"west": {"uv": [4, 1, 4.625, 2], "texture": "#2"},
				"up": {"uv": [4, 1, 4.625, 2], "texture": "#2"},
				"down": {"uv": [4, 1, 4.625, 2], "texture": "#2"}
			}
		},
		{
			"from": [6.75, 5.83405, 6.77155],
			"to": [9.25, 7.70905, 9.27155],
			"rotation": {"angle": 0, "axis": "y", "origin": [14.5, 13.33405, 14.52155]},
			"faces": {
				"north": {"uv": [2, 3, 2.5, 3.5], "texture": "#0"},
				"east": {"uv": [0, 3, 0.5, 3.5], "texture": "#0"},
				"south": {"uv": [0, 3, 0.5, 3.5], "texture": "#0"},
				"west": {"uv": [0, 3, 0.5, 3.5], "texture": "#0"},
				"up": {"uv": [0, 3, 0.5, 3.5], "texture": "#0"},
				"down": {"uv": [0, 3, 0.5, 3.5], "texture": "#0"}
			}
		},
		{
			"from": [9.25, 5.77155, 7.27155],
			"to": [9.6875, 7.70905, 8.77155],
			"rotation": {"angle": 0, "axis": "y", "origin": [17.4375, 13.33405, 14.52155]},
			"faces": {
				"north": {"uv": [2, 3, 2.5, 3.5], "texture": "#0"},
				"east": {"uv": [0, 3, 0.5, 3.5], "texture": "#0"},
				"south": {"uv": [0, 3, 0.5, 3.5], "texture": "#0"},
				"west": {"uv": [0, 3, 0.5, 3.5], "texture": "#0"},
				"up": {"uv": [0, 3, 0.5, 3.5], "texture": "#0"},
				"down": {"uv": [0, 3, 0.5, 3.5], "texture": "#0"}
			}
		},
		{
			"from": [6.3125, 5.77155, 7.27155],
			"to": [6.75, 7.70905, 8.77155],
			"rotation": {"angle": 0, "axis": "y", "origin": [14.5, 13.33405, 14.52155]},
			"faces": {
				"north": {"uv": [2, 3, 2.5, 3.5], "texture": "#0"},
				"east": {"uv": [0, 3, 0.5, 3.5], "texture": "#0"},
				"south": {"uv": [0, 3, 0.5, 3.5], "texture": "#0"},
				"west": {"uv": [0, 3, 0.5, 3.5], "texture": "#0"},
				"up": {"uv": [0, 3, 0.5, 3.5], "texture": "#0"},
				"down": {"uv": [0, 3, 0.5, 3.5], "texture": "#0"}
			}
		},
		{
			"from": [6, 5.39655, 7.02155],
			"to": [10, 5.77155, 9.02155],
			"rotation": {"angle": 0, "axis": "y", "origin": [14.5, 13.33405, 14.52155]},
			"faces": {
				"north": {"uv": [0, 0, 1, 1], "texture": "#1"},
				"east": {"uv": [0, 0, 1, 1], "texture": "#1"},
				"south": {"uv": [0, 0, 1, 1], "texture": "#1"},
				"west": {"uv": [0, 0, 1, 1], "texture": "#1"},
				"up": {"uv": [0, 0, 1, 1], "texture": "#1"},
				"down": {"uv": [0, 0, 1, 1], "texture": "#1"}
			}
		},
		{
			"from": [6, 9.52155, 7.02155],
			"to": [10, 9.77155, 9.02155],
			"rotation": {"angle": 0, "axis": "y", "origin": [14.5, 17.20905, 14.52155]},
			"faces": {
				"north": {"uv": [0, 0, 1, 0.25], "texture": "#1"},
				"east": {"uv": [0, 0, 1, 0.25], "texture": "#1"},
				"south": {"uv": [0, 0, 1, 0.25], "texture": "#1"},
				"west": {"uv": [0, 0, 1, 0.25], "texture": "#1"},
				"up": {"uv": [0, 0, 1, 0.25], "texture": "#1"},
				"down": {"uv": [0, 0, 1, 0.25], "texture": "#1"}
			}
		},
		{
			"from": [6.5, 5.83405, 6.52155],
			"to": [6.75, 9.52155, 6.77155],
			"rotation": {"angle": 0, "axis": "y", "origin": [7, 6.33405, 7.02155]},
			"faces": {
				"north": {"uv": [0, 0, 0.25, 3.6875], "texture": "#1"},
				"east": {"uv": [0, 0, 0.25, 3.6875], "texture": "#1"},
				"south": {"uv": [0, 0, 0.25, 3.6875], "texture": "#1"},
				"west": {"uv": [0, 0, 0.25, 3.6875], "texture": "#1"},
				"up": {"uv": [0, 0, 0.25, 0.25], "texture": "#1"},
				"down": {"uv": [0, 0, 0.25, 0.25], "texture": "#1"}
			}
		},
		{
			"from": [9.25, 5.83405, 9.27155],
			"to": [9.5, 9.52155, 9.52155],
			"rotation": {"angle": 0, "axis": "y", "origin": [9.75, 6.33405, 9.77155]},
			"faces": {
				"north": {"uv": [0, 0, 0.25, 3.6875], "texture": "#1"},
				"east": {"uv": [0, 0, 0.25, 3.6875], "texture": "#1"},
				"south": {"uv": [0, 0, 0.25, 3.6875], "texture": "#1"},
				"west": {"uv": [0, 0, 0.25, 3.6875], "texture": "#1"},
				"up": {"uv": [0, 0, 0.25, 0.25], "texture": "#1"},
				"down": {"uv": [0, 0, 0.25, 0.25], "texture": "#1"}
			}
		},
		{
			"from": [9.75, 5.77155, 7.83405],
			"to": [10, 9.52155, 8.08405],
			"rotation": {"angle": 0, "axis": "y", "origin": [10.25, 6.27155, 8.33405]},
			"faces": {
				"north": {"uv": [0, 0, 0.25, 3.75], "texture": "#1"},
				"east": {"uv": [0, 0, 0.25, 3.75], "texture": "#1"},
				"south": {"uv": [0, 0, 0.25, 3.75], "texture": "#1"},
				"west": {"uv": [0, 0, 0.25, 3.75], "texture": "#1"},
				"up": {"uv": [0, 0, 0.25, 0.25], "texture": "#1"},
				"down": {"uv": [0, 0, 0.25, 0.25], "texture": "#1"}
			}
		},
		{
			"from": [6, 5.77155, 7.83405],
			"to": [6.25, 9.52155, 8.08405],
			"rotation": {"angle": 0, "axis": "y", "origin": [6.5, 6.27155, 8.33405]},
			"faces": {
				"north": {"uv": [0, 0, 0.25, 3.75], "texture": "#1"},
				"east": {"uv": [0, 0, 0.25, 3.75], "texture": "#1"},
				"south": {"uv": [0, 0, 0.25, 3.75], "texture": "#1"},
				"west": {"uv": [0, 0, 0.25, 3.75], "texture": "#1"},
				"up": {"uv": [0, 0, 0.25, 0.25], "texture": "#1"},
				"down": {"uv": [0, 0, 0.25, 0.25], "texture": "#1"}
			}
		},
		{
			"from": [9.25, 5.83405, 6.52155],
			"to": [9.5, 9.52155, 6.77155],
			"rotation": {"angle": 0, "axis": "y", "origin": [9.75, 6.33405, 7.02155]},
			"faces": {
				"north": {"uv": [0, 0, 0.25, 3.6875], "texture": "#1"},
				"east": {"uv": [0, 0, 0.25, 3.6875], "texture": "#1"},
				"south": {"uv": [0, 0, 0.25, 3.6875], "texture": "#1"},
				"west": {"uv": [0, 0, 0.25, 3.6875], "texture": "#1"},
				"up": {"uv": [0, 0, 0.25, 0.25], "texture": "#1"},
				"down": {"uv": [0, 0, 0.25, 0.25], "texture": "#1"}
			}
		},
		{
			"from": [6.5, 5.83405, 9.27155],
			"to": [6.75, 9.52155, 9.52155],
			"rotation": {"angle": 0, "axis": "y", "origin": [7, 6.33405, 9.77155]},
			"faces": {
				"north": {"uv": [0, 0, 0.25, 3.6875], "texture": "#1"},
				"east": {"uv": [0, 0, 0.25, 3.6875], "texture": "#1"},
				"south": {"uv": [0, 0, 0.25, 3.6875], "texture": "#1"},
				"west": {"uv": [0, 0, 0.25, 3.6875], "texture": "#1"},
				"up": {"uv": [0, 0, 0.25, 0.25], "texture": "#1"},
				"down": {"uv": [0, 0, 0.25, 0.25], "texture": "#1"}
			}
		},
		{
			"from": [6.3125, 4.95905, 6.33405],
			"to": [6.5625, 5.83405, 6.58405],
			"rotation": {"angle": 0, "axis": "y", "origin": [14.5, 13.33405, 14.52155]},
			"faces": {
				"north": {"uv": [0, 0, 1.25, 0.25], "texture": "#1"},
				"east": {"uv": [0, 0, 1.25, 0.25], "texture": "#1"},
				"south": {"uv": [0, 0, 1.25, 0.25], "texture": "#1"},
				"west": {"uv": [0, 0, 1.25, 0.25], "texture": "#1"},
				"up": {"uv": [0, 0, 1.25, 0.25], "texture": "#1"},
				"down": {"uv": [0, 0, 1.25, 0.25], "texture": "#1"}
			}
		},
		{
			"from": [9.4375, 4.95905, 6.33405],
			"to": [9.6875, 5.83405, 6.58405],
			"rotation": {"angle": 0, "axis": "y", "origin": [17.625, 13.33405, 14.52155]},
			"faces": {
				"north": {"uv": [0, 0, 1.25, 0.25], "texture": "#1"},
				"east": {"uv": [0, 0, 1.25, 0.25], "texture": "#1"},
				"south": {"uv": [0, 0, 1.25, 0.25], "texture": "#1"},
				"west": {"uv": [0, 0, 1.25, 0.25], "texture": "#1"},
				"up": {"uv": [0, 0, 1.25, 0.25], "texture": "#1"},
				"down": {"uv": [0, 0, 1.25, 0.25], "texture": "#1"}
			}
		},
		{
			"from": [9.4375, 4.95905, 9.45905],
			"to": [9.6875, 5.83405, 9.70905],
			"rotation": {"angle": 0, "axis": "y", "origin": [17.625, 13.33405, 17.64655]},
			"faces": {
				"north": {"uv": [0, 0, 1.25, 0.25], "texture": "#1"},
				"east": {"uv": [0, 0, 1.25, 0.25], "texture": "#1"},
				"south": {"uv": [0, 0, 1.25, 0.25], "texture": "#1"},
				"west": {"uv": [0, 0, 1.25, 0.25], "texture": "#1"},
				"up": {"uv": [0, 0, 1.25, 0.25], "texture": "#1"},
				"down": {"uv": [0, 0, 1.25, 0.25], "texture": "#1"}
			}
		},
		{
			"from": [6.3125, 4.95905, 9.45905],
			"to": [6.5625, 5.83405, 9.70905],
			"rotation": {"angle": 0, "axis": "y", "origin": [14.5, 13.33405, 17.64655]},
			"faces": {
				"north": {"uv": [0, 0, 1.25, 0.25], "texture": "#1"},
				"east": {"uv": [0, 0, 1.25, 0.25], "texture": "#1"},
				"south": {"uv": [0, 0, 1.25, 0.25], "texture": "#1"},
				"west": {"uv": [0, 0, 1.25, 0.25], "texture": "#1"},
				"up": {"uv": [0, 0, 1.25, 0.25], "texture": "#1"},
				"down": {"uv": [0, 0, 1.25, 0.25], "texture": "#1"}
			}
		},
		{
			"from": [5.8125, 4.89655, 7.83405],
			"to": [6.0625, 5.77155, 8.08405],
			"rotation": {"angle": 0, "axis": "y", "origin": [14, 13.27155, 16.02155]},
			"faces": {
				"north": {"uv": [0, 0, 1.25, 0.25], "texture": "#1"},
				"east": {"uv": [0, 0, 1.25, 0.25], "texture": "#1"},
				"south": {"uv": [0, 0, 1.25, 0.25], "texture": "#1"},
				"west": {"uv": [0, 0, 1.25, 0.25], "texture": "#1"},
				"up": {"uv": [0, 0, 1.25, 0.25], "texture": "#1"},
				"down": {"uv": [0, 0, 1.25, 0.25], "texture": "#1"}
			}
		},
		{
			"from": [9.9375, 4.89655, 7.83405],
			"to": [10.1875, 5.77155, 8.08405],
			"rotation": {"angle": 0, "axis": "y", "origin": [18.125, 13.27155, 16.02155]},
			"faces": {
				"north": {"uv": [0, 0, 1.25, 0.25], "texture": "#1"},
				"east": {"uv": [0, 0, 1.25, 0.25], "texture": "#1"},
				"south": {"uv": [0, 0, 1.25, 0.25], "texture": "#1"},
				"west": {"uv": [0, 0, 1.25, 0.25], "texture": "#1"},
				"up": {"uv": [0, 0, 1.25, 0.25], "texture": "#1"},
				"down": {"uv": [0, 0, 1.25, 0.25], "texture": "#1"}
			}
		},
		{
			"from": [6.3125, 9.58405, 6.33405],
			"to": [6.5625, 10.27155, 6.58405],
			"rotation": {"angle": 0, "axis": "y", "origin": [14.5, 17.95905, 14.52155]},
			"faces": {
				"north": {"uv": [0, 0, 1.25, 0.25], "texture": "#1"},
				"east": {"uv": [0, 0, 1.25, 0.25], "texture": "#1"},
				"south": {"uv": [0, 0, 1.25, 0.25], "texture": "#1"},
				"west": {"uv": [0, 0, 1.25, 0.25], "texture": "#1"},
				"up": {"uv": [0, 0, 1.25, 0.25], "texture": "#1"},
				"down": {"uv": [0, 0, 1.25, 0.25], "texture": "#1"}
			}
		},
		{
			"from": [9.4375, 9.58405, 6.33405],
			"to": [9.6875, 10.27155, 6.58405],
			"rotation": {"angle": 0, "axis": "y", "origin": [17.625, 17.95905, 14.52155]},
			"faces": {
				"north": {"uv": [0, 0, 1.25, 0.25], "texture": "#1"},
				"east": {"uv": [0, 0, 1.25, 0.25], "texture": "#1"},
				"south": {"uv": [0, 0, 1.25, 0.25], "texture": "#1"},
				"west": {"uv": [0, 0, 1.25, 0.25], "texture": "#1"},
				"up": {"uv": [0, 0, 1.25, 0.25], "texture": "#1"},
				"down": {"uv": [0, 0, 1.25, 0.25], "texture": "#1"}
			}
		},
		{
			"from": [9.4375, 9.58405, 9.45905],
			"to": [9.6875, 10.27155, 9.70905],
			"rotation": {"angle": 0, "axis": "y", "origin": [17.625, 17.95905, 17.64655]},
			"faces": {
				"north": {"uv": [0, 0, 1.25, 0.25], "texture": "#1"},
				"east": {"uv": [0, 0, 1.25, 0.25], "texture": "#1"},
				"south": {"uv": [0, 0, 1.25, 0.25], "texture": "#1"},
				"west": {"uv": [0, 0, 1.25, 0.25], "texture": "#1"},
				"up": {"uv": [0, 0, 1.25, 0.25], "texture": "#1"},
				"down": {"uv": [0, 0, 1.25, 0.25], "texture": "#1"}
			}
		},
		{
			"from": [6.3125, 9.58405, 9.45905],
			"to": [6.5625, 10.27155, 9.70905],
			"rotation": {"angle": 0, "axis": "y", "origin": [14.5, 17.95905, 17.64655]},
			"faces": {
				"north": {"uv": [0, 0, 1.25, 0.25], "texture": "#1"},
				"east": {"uv": [0, 0, 1.25, 0.25], "texture": "#1"},
				"south": {"uv": [0, 0, 1.25, 0.25], "texture": "#1"},
				"west": {"uv": [0, 0, 1.25, 0.25], "texture": "#1"},
				"up": {"uv": [0, 0, 1.25, 0.25], "texture": "#1"},
				"down": {"uv": [0, 0, 1.25, 0.25], "texture": "#1"}
			}
		},
		{
			"from": [5.8125, 9.52155, 7.83405],
			"to": [6.0625, 10.20905, 8.08405],
			"rotation": {"angle": 0, "axis": "y", "origin": [14, 17.89655, 16.02155]},
			"faces": {
				"north": {"uv": [0, 0, 1.25, 0.25], "texture": "#1"},
				"east": {"uv": [0, 0, 1.25, 0.25], "texture": "#1"},
				"south": {"uv": [0, 0, 1.25, 0.25], "texture": "#1"},
				"west": {"uv": [0, 0, 1.25, 0.25], "texture": "#1"},
				"up": {"uv": [0, 0, 1.25, 0.25], "texture": "#1"},
				"down": {"uv": [0, 0, 1.25, 0.25], "texture": "#1"}
			}
		},
		{
			"from": [9.9375, 9.52155, 7.83405],
			"to": [10.1875, 10.20905, 8.08405],
			"rotation": {"angle": 0, "axis": "y", "origin": [18.125, 17.89655, 16.02155]},
			"faces": {
				"north": {"uv": [0, 0, 1.25, 0.25], "texture": "#1"},
				"east": {"uv": [0, 0, 1.25, 0.25], "texture": "#1"},
				"south": {"uv": [0, 0, 1.25, 0.25], "texture": "#1"},
				"west": {"uv": [0, 0, 1.25, 0.25], "texture": "#1"},
				"up": {"uv": [0, 0, 1.25, 0.25], "texture": "#1"},
				"down": {"uv": [0, 0, 1.25, 0.25], "texture": "#1"}
			}
		}
	],
	"gui_light": "front",
	"display": {
		"thirdperson_righthand": {
			"rotation": [0, -90, 0],
			"translation": [-1, 0, 0]
		},
		"thirdperson_lefthand": {
			"rotation": [0, -90, 0],
			"translation": [-1, 0, 0]
		},
		"firstperson_righthand": {
			"rotation": [0, -34, -3],
			"translation": [-1, 4.75, 4]
		},
		"firstperson_lefthand": {
			"rotation": [0, -34, -3],
			"translation": [-1, 4.75, 4]
		},
		"ground": {
			"scale": [1.08, 1.08, 1.08]
		},
		"gui": {
			"rotation": [5, 14, 19],
			"translation": [0, -0.75, 0],
			"scale": [2.04, 2.04, 2.04]
		},
		"fixed": {
			"translation": [0, -0.75, 0],
			"scale": [2.25, 2.25, 2.25]
		}
	},
	"groups": [0, 1, 2, 3, 4, 5, 6, 7, 8, 9, 10, 11, 12, 13, 14, 15, 16,
		{
			"name": "group",
			"origin": [11.625, 7.9375, 9.5],
			"children": [17, 18, 19, 20, 21, 22]
		},
		{
			"name": "group",
			"origin": [11.625, 7.9375, 9.5],
			"children": [23, 24, 25, 26, 27, 28]
		}
	]
}