{
	"credit": "Made with Blockbench",
	"textures": {
		"0": "item/cosmicwater",
		"particle": "item/cosmicwater"
	},
	"elements": [
		{
			"name": "cosmicwater_0",
			"from": [7, 7.5, -0.94444],
			"to": [9, 8.5, 14.05556],
			"rotation": {"angle": 0, "axis": "y", "origin": [0, 7.5, -0.94444]},
			"faces": {
				"north": {"uv": [9, 0, 7, 1], "texture": "#0"},
				"east": {"uv": [8, 0, 9, 15], "rotation": 90, "texture": "#0"},
				"south": {"uv": [7, 14, 9, 15], "texture": "#0"},
				"west": {"uv": [7, 0, 8, 15], "rotation": 270, "texture": "#0"},
				"up": {"uv": [7, 0, 9, 15], "texture": "#0"},
				"down": {"uv": [7, 15, 9, 0], "texture": "#0"}
			}
		},
		{
			"name": "cosmicwater_1",
			"from": [6, 7.5, 0.05556],
			"to": [7, 8.5, 14.05556],
			"rotation": {"angle": 0, "axis": "y", "origin": [0, 7.5, -0.94444]},
			"faces": {
				"north": {"uv": [7, 1, 6, 2], "texture": "#0"},
				"east": {"uv": [6, 1, 7, 15], "rotation": 90, "texture": "#0"},
				"south": {"uv": [6, 14, 7, 15], "texture": "#0"},
				"west": {"uv": [6, 1, 7, 15], "rotation": 270, "texture": "#0"},
				"up": {"uv": [6, 1, 7, 15], "texture": "#0"},
				"down": {"uv": [6, 15, 7, 1], "texture": "#0"}
			}
		},
		{
			"name": "cosmicwater_2",
			"from": [9, 7.5, 0.05556],
			"to": [10, 8.5, 14.05556],
			"rotation": {"angle": 0, "axis": "y", "origin": [0, 7.5, -0.94444]},
			"faces": {
				"north": {"uv": [10, 1, 9, 2], "texture": "#0"},
				"east": {"uv": [9, 1, 10, 15], "rotation": 90, "texture": "#0"},
				"south": {"uv": [9, 14, 10, 15], "texture": "#0"},
				"west": {"uv": [9, 1, 10, 15], "rotation": 270, "texture": "#0"},
				"up": {"uv": [9, 1, 10, 15], "texture": "#0"},
				"down": {"uv": [9, 15, 10, 1], "texture": "#0"}
			}
		},
		{
			"name": "cosmicwater_3",
			"from": [5, 7.5, 2.05556],
			"to": [6, 8.5, 14.05556],
			"rotation": {"angle": 0, "axis": "y", "origin": [0, 7.5, -0.94444]},
			"faces": {
				"north": {"uv": [6, 3, 5, 4], "texture": "#0"},
				"east": {"uv": [5, 3, 6, 15], "rotation": 90, "texture": "#0"},
				"south": {"uv": [5, 14, 6, 15], "texture": "#0"},
				"west": {"uv": [5, 3, 6, 15], "rotation": 270, "texture": "#0"},
				"up": {"uv": [5, 3, 6, 15], "texture": "#0"},
				"down": {"uv": [5, 15, 6, 3], "texture": "#0"}
			}
		},
		{
			"name": "cosmicwater_4",
			"from": [10, 7.5, 2.05556],
			"to": [11, 8.5, 14.05556],
			"rotation": {"angle": 0, "axis": "y", "origin": [0, 7.5, -0.94444]},
			"faces": {
				"north": {"uv": [11, 3, 10, 4], "texture": "#0"},
				"east": {"uv": [10, 3, 11, 15], "rotation": 90, "texture": "#0"},
				"south": {"uv": [10, 14, 11, 15], "texture": "#0"},
				"west": {"uv": [10, 3, 11, 15], "rotation": 270, "texture": "#0"},
				"up": {"uv": [10, 3, 11, 15], "texture": "#0"},
				"down": {"uv": [10, 15, 11, 3], "texture": "#0"}
			}
		},
		{
			"name": "cosmicwater_5",
			"from": [4, 7.5, 4.05556],
			"to": [5, 8.5, 13.05556],
			"rotation": {"angle": 0, "axis": "y", "origin": [0, 7.5, -0.94444]},
			"faces": {
				"north": {"uv": [5, 5, 4, 6], "texture": "#0"},
				"east": {"uv": [4, 5, 5, 14], "rotation": 90, "texture": "#0"},
				"south": {"uv": [4, 13, 5, 14], "texture": "#0"},
				"west": {"uv": [4, 5, 5, 14], "rotation": 270, "texture": "#0"},
				"up": {"uv": [4, 5, 5, 14], "texture": "#0"},
				"down": {"uv": [4, 14, 5, 5], "texture": "#0"}
			}
		},
		{
			"name": "cosmicwater_6",
			"from": [11, 7.5, 4.05556],
			"to": [12, 8.5, 13.05556],
			"rotation": {"angle": 0, "axis": "y", "origin": [0, 7.5, -0.94444]},
			"faces": {
				"north": {"uv": [12, 5, 11, 6], "texture": "#0"},
				"east": {"uv": [11, 5, 12, 14], "rotation": 90, "texture": "#0"},
				"south": {"uv": [11, 13, 12, 14], "texture": "#0"},
				"west": {"uv": [11, 5, 12, 14], "rotation": 270, "texture": "#0"},
				"up": {"uv": [11, 5, 12, 14], "texture": "#0"},
				"down": {"uv": [11, 14, 12, 5], "texture": "#0"}
			}
		},
		{
			"name": "cosmicwater_7",
			"from": [3, 7.5, 6.05556],
			"to": [4, 8.5, 12.05556],
			"rotation": {"angle": 0, "axis": "y", "origin": [0, 7.5, -0.94444]},
			"faces": {
				"north": {"uv": [4, 7, 3, 8], "texture": "#0"},
				"east": {"uv": [3, 7, 4, 13], "rotation": 90, "texture": "#0"},
				"south": {"uv": [3, 12, 4, 13], "texture": "#0"},
				"west": {"uv": [3, 7, 4, 13], "rotation": 270, "texture": "#0"},
				"up": {"uv": [3, 7, 4, 13], "texture": "#0"},
				"down": {"uv": [3, 13, 4, 7], "texture": "#0"}
			}
		},
		{
			"name": "cosmicwater_8",
			"from": [12, 7.5, 6.05556],
			"to": [13, 8.5, 12.05556],
			"rotation": {"angle": 0, "axis": "y", "origin": [0, 7.5, -0.94444]},
			"faces": {
				"north": {"uv": [13, 7, 12, 8], "texture": "#0"},
				"east": {"uv": [12, 7, 13, 13], "rotation": 90, "texture": "#0"},
				"south": {"uv": [12, 12, 13, 13], "texture": "#0"},
				"west": {"uv": [12, 7, 13, 13], "rotation": 270, "texture": "#0"},
				"up": {"uv": [12, 7, 13, 13], "texture": "#0"},
				"down": {"uv": [12, 13, 13, 7], "texture": "#0"}
			}
		}
	],
	"gui_light": "front",
	"display": {
		"thirdperson_righthand": {
			"rotation": [93, 0, 0],
			"translation": [0, 0.75, 0.75],
			"scale": [0.31, 0.31, 0.31]
		},
		"thirdperson_lefthand": {
			"rotation": [93, 0, 0],
			"translation": [0, 0.75, 0.75],
			"scale": [0.31, 0.31, 0.31]
		},
		"firstperson_righthand": {
			"rotation": [86, 0, 76],
			"translation": [-2.75, 5, 5.25],
			"scale": [0.31, 0.31, 0.31]
		},
		"firstperson_lefthand": {
			"rotation": [86, -1, 76],
			"translation": [-2.75, 5, 5.25],
			"scale": [0.31, 0.31, 0.31]
		},
		"ground": {
			"rotation": [90, 0, 0],
			"scale": [0.32, 0.32, 0.32]
		},
		"gui": {
			"rotation": [90, 0, 0],
			"translation": [0, -1.5, 0]
		},
		"fixed": {
			"rotation": [90, 0, 0],
			"translation": [0, -1, 0]
		}
	},
	"groups": [
		{
			"name": "cosmicwater",
			"origin": [8, 8, 8],
			"color": 0,
			"children": [0, 1, 2, 3, 4, 5, 6, 7, 8]
		}
	]
}