{
    "parent": "item/generated",
    "textures": {
        "layer0": "item/cyan_dye"
    },
    "overrides":
	[
    {"predicate": {"custom_model_data": 1},"model": "item/deepdarkartifact"},
    {"predicate": {"custom_model_data": 2},"model": "item/croptopia/turquoisefungus"},
    {"predicate": {"custom_model_data": 20},"model": "item/bansheeveil"},
    {"predicate": {"custom_model_data": 21},"model": "item/emerald_bansheeveil"},
    {"predicate": {"custom_model_data": 30},"model": "item/mithrilore"},
    {"predicate": {"custom_model_data": 31},"model": "item/water"},
    {"predicate": {"custom_model_data": 32},"model": "item/purewater"},
    {"predicate": {"custom_model_data": 33},"model": "item/salinewater"},
    {"predicate": {"custom_model_data": 34},"model": "item/slagwater"},
    {"predicate": {"custom_model_data": 35},"model": "item/waterrefine"},
    {"predicate": {"custom_model_data": 36},"model": "item/cosmicwater"}
	]
}
