{
	"credit": "Made with Blockbench",
	"textures": {
		"0": "item/defencestance",
		"particle": "item/defencestance"
	},
	"elements": [
		{
			"name": "defencestance_0",
			"from": [0, 7.5, 0],
			"to": [16, 8.5, 16],
			"rotation": {"angle": 0, "axis": "y", "origin": [0, 7.5, 0]},
			"faces": {
				"north": {"uv": [16, 0, 0, 1], "texture": "#0"},
				"east": {"uv": [15, 0, 16, 16], "rotation": 90, "texture": "#0"},
				"south": {"uv": [0, 15, 16, 16], "texture": "#0"},
				"west": {"uv": [0, 0, 1, 16], "rotation": 270, "texture": "#0"},
				"up": {"uv": [0, 0, 16, 16], "texture": "#0"},
				"down": {"uv": [0, 16, 16, 0], "texture": "#0"}
			}
		}
	],
	"gui_light": "front",
	"display": {
		"thirdperson_righthand": {
			"rotation": [77, 0, 0],
			"translation": [0, 1, 0.75],
			"scale": [0.21, 0.21, 0.21]
		},
		"thirdperson_lefthand": {
			"rotation": [77, 0, 0],
			"translation": [0, 1, 0.75],
			"scale": [0.21, 0.21, 0.21]
		},
		"firstperson_righthand": {
			"rotation": [90, 0, 0],
			"translation": [0, 4, 2.25],
			"scale": [0.34, 0.34, 0.34]
		},
		"firstperson_lefthand": {
			"rotation": [90, 0, 0],
			"translation": [0, 4, 2.25],
			"scale": [0.34, 0.34, 0.34]
		},
		"ground": {
			"rotation": [90, 0, 0],
			"scale": [0.33, 0.33, 0.33]
		},
		"gui": {
			"rotation": [90, 0, 0]
		},
		"fixed": {
			"rotation": [90, 0, 0],
			"translation": [0.25, -0.5, 0]
		}
	},
	"groups": [
		{
			"name": "defencestance",
			"origin": [8, 8, 8],
			"color": 0,
			"children": [0]
		}
	]
}