{
	"credit": "Made with Blockbench",
	"textures": {
		"0": "block/gold_block",
		"1": "block/allium",
		"2": "block/red_glazed_terracotta",
		"particle": "block/gold_block"
	},
	"elements": [
		{
			"from": [7.81456, 0.6359, 7.8125],
			"to": [8.18956, 4.7609, 8.1875],
			"rotation": {"angle": 0, "axis": "y", "origin": [7.75206, 4.1359, 7.75]},
			"faces": {
				"north": {"uv": [1, 4, 2, 16], "texture": "#0"},
				"east": {"uv": [1, 4, 2, 16], "texture": "#0"},
				"south": {"uv": [1, 4, 2, 16], "texture": "#0"},
				"west": {"uv": [1, 4, 2, 16], "texture": "#0"},
				"up": {"uv": [1, 4, 2, 16], "texture": "#0"},
				"down": {"uv": [1, 4, 2, 16], "texture": "#0"}
			}
		},
		{
			"from": [8.18956, 0.12027, 7.9375],
			"to": [8.59581, 1.1984, 8.0625],
			"rotation": {"angle": 0, "axis": "y", "origin": [7.75206, 4.1359, 7.75]},
			"faces": {
				"north": {"uv": [0, 3, 0.40625, 4.07813], "texture": "#2"},
				"east": {"uv": [0, 3, 0.40625, 4.07813], "texture": "#2"},
				"south": {"uv": [0, 3, 0.40625, 4.07813], "texture": "#2"},
				"west": {"uv": [0, 3, 0.40625, 4.07813], "texture": "#2"},
				"up": {"uv": [0, 3, 0.40625, 4.07813], "texture": "#2"},
				"down": {"uv": [0, 3, 0.40625, 4.07813], "texture": "#2"}
			}
		},
		{
			"from": [7.40831, 0.12027, 7.9375],
			"to": [7.81456, 1.1984, 8.0625],
			"rotation": {"angle": 0, "axis": "y", "origin": [7.75206, 4.1359, 7.75]},
			"faces": {
				"north": {"uv": [0, 3, 0.40625, 4.07813], "texture": "#2"},
				"east": {"uv": [0, 3, 0.40625, 4.07813], "texture": "#2"},
				"south": {"uv": [0, 3, 0.40625, 4.07813], "texture": "#2"},
				"west": {"uv": [0, 3, 0.40625, 4.07813], "texture": "#2"},
				"up": {"uv": [0, 3, 0.40625, 4.07813], "texture": "#2"},
				"down": {"uv": [0, 3, 0.40625, 4.07813], "texture": "#2"}
			}
		},
		{
			"from": [7.56456, -0.25473, 7.95313],
			"to": [7.83018, 0.12027, 8.04688],
			"rotation": {"angle": 0, "axis": "y", "origin": [7.75206, 4.1359, 7.75]},
			"faces": {
				"north": {"uv": [4, 3, 4.26563, 3.375], "texture": "#2"},
				"east": {"uv": [0, 3, 0.26563, 3.375], "texture": "#2"},
				"south": {"uv": [0, 3, 0.26563, 3.375], "texture": "#2"},
				"west": {"uv": [0, 3, 0.26563, 3.375], "texture": "#2"},
				"up": {"uv": [0, 3, 0.26563, 3.375], "texture": "#2"},
				"down": {"uv": [0, 3, 0.26563, 3.375], "texture": "#2"}
			}
		},
		{
			"from": [8.17393, -0.25473, 7.95313],
			"to": [8.43956, 0.12027, 8.04688],
			"rotation": {"angle": 0, "axis": "y", "origin": [7.75206, 4.1359, 7.75]},
			"faces": {
				"north": {"uv": [4, 3, 4.26563, 3.375], "texture": "#2"},
				"east": {"uv": [0, 3, 0.26563, 3.375], "texture": "#2"},
				"south": {"uv": [0, 3, 0.26563, 3.375], "texture": "#2"},
				"west": {"uv": [0, 3, 0.26563, 3.375], "texture": "#2"},
				"up": {"uv": [0, 3, 0.26563, 3.375], "texture": "#2"},
				"down": {"uv": [0, 3, 0.26563, 3.375], "texture": "#2"}
			}
		},
		{
			"from": [7.72081, -0.47348, 7.96875],
			"to": [7.86143, -0.25473, 8.03125],
			"rotation": {"angle": 0, "axis": "y", "origin": [7.75206, 4.1359, 7.75]},
			"faces": {
				"north": {"uv": [4, 3, 4.14063, 3.21875], "texture": "#2"},
				"east": {"uv": [0, 3, 0.14063, 3.21875], "texture": "#2"},
				"south": {"uv": [0, 3, 0.14063, 3.21875], "texture": "#2"},
				"west": {"uv": [0, 3, 0.14063, 3.21875], "texture": "#2"},
				"up": {"uv": [0, 3, 0.14063, 3.21875], "texture": "#2"},
				"down": {"uv": [0, 3, 0.14063, 3.21875], "texture": "#2"}
			}
		},
		{
			"from": [8.14268, -0.47348, 7.96875],
			"to": [8.28331, -0.25473, 8.03125],
			"rotation": {"angle": 0, "axis": "y", "origin": [7.75206, 4.1359, 7.75]},
			"faces": {
				"north": {"uv": [4, 3, 4.14063, 3.21875], "texture": "#2"},
				"east": {"uv": [0, 3, 0.14063, 3.21875], "texture": "#2"},
				"south": {"uv": [0, 3, 0.14063, 3.21875], "texture": "#2"},
				"west": {"uv": [0, 3, 0.14063, 3.21875], "texture": "#2"},
				"up": {"uv": [0, 3, 0.14063, 3.21875], "texture": "#2"},
				"down": {"uv": [0, 3, 0.14063, 3.21875], "texture": "#2"}
			}
		},
		{
			"from": [7.83018, 4.7609, 7.82813],
			"to": [8.17393, 8.8859, 8.17188],
			"rotation": {"angle": 0, "axis": "y", "origin": [7.75206, 4.1359, 7.75]},
			"faces": {
				"north": {"uv": [1, 0, 2, 6], "texture": "#0"},
				"east": {"uv": [1, 0, 2, 6], "texture": "#0"},
				"south": {"uv": [1, 0, 2, 6], "texture": "#0"},
				"west": {"uv": [1, 0, 2, 6], "texture": "#0"},
				"up": {"uv": [1, 0, 2, 6], "texture": "#0"},
				"down": {"uv": [1, 0, 2, 6], "texture": "#0"}
			}
		},
		{
			"from": [8.18956, 1.1984, 7.95313],
			"to": [8.42393, 1.5734, 8.04688],
			"rotation": {"angle": 0, "axis": "y", "origin": [7.75206, 4.1359, 7.75]},
			"faces": {
				"north": {"uv": [3, 2, 3.23438, 2.375], "texture": "#2"},
				"east": {"uv": [0, 3, 0.23438, 3.375], "texture": "#2"},
				"south": {"uv": [0, 3, 0.23438, 3.375], "texture": "#2"},
				"west": {"uv": [0, 3, 0.23438, 3.375], "texture": "#2"},
				"up": {"uv": [0, 3, 0.23438, 3.375], "texture": "#2"},
				"down": {"uv": [0, 3, 0.23438, 3.375], "texture": "#2"}
			}
		},
		{
			"from": [7.58018, 1.1984, 7.95313],
			"to": [7.81456, 1.5734, 8.04688],
			"rotation": {"angle": 0, "axis": "y", "origin": [7.75206, 4.1359, 7.75]},
			"faces": {
				"north": {"uv": [3, 2, 3.23438, 2.375], "texture": "#2"},
				"east": {"uv": [0, 3, 0.23438, 3.375], "texture": "#2"},
				"south": {"uv": [0, 3, 0.23438, 3.375], "texture": "#2"},
				"west": {"uv": [0, 3, 0.23438, 3.375], "texture": "#2"},
				"up": {"uv": [0, 3, 0.23438, 3.375], "texture": "#2"},
				"down": {"uv": [0, 3, 0.23438, 3.375], "texture": "#2"}
			}
		},
		{
			"from": [7.75206, 8.1984, 7.75],
			"to": [8.25206, 9.10465, 8.25],
			"rotation": {"angle": -45, "axis": "y", "origin": [8.00206, 8.65152, 8]},
			"faces": {
				"north": {"uv": [4, 6, 4.5, 6.90625], "texture": "#2"},
				"east": {"uv": [4, 6, 4.5, 6.90625], "texture": "#2"},
				"south": {"uv": [4, 6, 4.5, 6.90625], "texture": "#2"},
				"west": {"uv": [4, 6, 4.5, 6.90625], "texture": "#2"},
				"up": {"uv": [4, 6, 4.5, 6.90625], "texture": "#2"},
				"down": {"uv": [4, 6, 4.5, 6.90625], "texture": "#2"}
			}
		},
		{
			"from": [7.31456, 0.35465, 7.95313],
			"to": [7.40831, 0.97965, 8.04688],
			"rotation": {"angle": 0, "axis": "y", "origin": [7.75206, 4.1359, 7.75]},
			"faces": {
				"north": {"uv": [0, 3, 0.09375, 3.625], "texture": "#2"},
				"east": {"uv": [0, 3, 0.09375, 3.625], "texture": "#2"},
				"south": {"uv": [0, 3, 0.09375, 3.625], "texture": "#2"},
				"west": {"uv": [0, 3, 0.09375, 3.625], "texture": "#2"},
				"up": {"uv": [0, 3, 0.09375, 3.625], "texture": "#2"},
				"down": {"uv": [0, 3, 0.09375, 3.625], "texture": "#2"}
			}
		},
		{
			"from": [8.59581, 0.35465, 7.95313],
			"to": [8.68956, 0.97965, 8.04688],
			"rotation": {"angle": 0, "axis": "y", "origin": [7.75206, 4.1359, 7.75]},
			"faces": {
				"north": {"uv": [0, 3, 0.09375, 3.625], "texture": "#2"},
				"east": {"uv": [0, 3, 0.09375, 3.625], "texture": "#2"},
				"south": {"uv": [0, 3, 0.09375, 3.625], "texture": "#2"},
				"west": {"uv": [0, 3, 0.09375, 3.625], "texture": "#2"},
				"up": {"uv": [0, 3, 0.09375, 3.625], "texture": "#2"},
				"down": {"uv": [0, 3, 0.09375, 3.625], "texture": "#2"}
			}
		},
		{
			"from": [7.75206, 8.21402, 7.75],
			"to": [8.25206, 9.08902, 8.25],
			"rotation": {"angle": 0, "axis": "y", "origin": [8.00206, 8.65152, 8]},
			"faces": {
				"north": {"uv": [4, 6, 4.5, 6.875], "texture": "#2"},
				"east": {"uv": [4, 6, 4.5, 6.875], "texture": "#2"},
				"south": {"uv": [4, 6, 4.5, 6.875], "texture": "#2"},
				"west": {"uv": [4, 6, 4.5, 6.875], "texture": "#2"},
				"up": {"uv": [4, 6, 4.5, 6.875], "texture": "#2"},
				"down": {"uv": [4, 6, 4.5, 6.875], "texture": "#2"}
			}
		},
		{
			"from": [7.70518, 9.0109, 7.82813],
			"to": [8.29893, 9.46402, 8.17188],
			"rotation": {"angle": 0, "axis": "y", "origin": [7.75206, 4.1359, 7.75]},
			"faces": {
				"north": {"uv": [0, 0, 0.59375, 0.45313], "texture": "#0"},
				"east": {"uv": [0, 0, 0.59375, 0.45313], "texture": "#0"},
				"south": {"uv": [0, 0, 0.59375, 0.45313], "texture": "#0"},
				"west": {"uv": [0, 0, 0.59375, 0.45313], "texture": "#0"},
				"up": {"uv": [0, 0, 0.59375, 0.45313], "texture": "#0"},
				"down": {"uv": [0, 0, 0.59375, 0.45313], "texture": "#0"}
			}
		},
		{
			"from": [7.20518, 10.5109, 7.85938],
			"to": [8.79893, 10.66715, 8.14063],
			"rotation": {"angle": 0, "axis": "y", "origin": [7.75206, 4.1359, 7.75]},
			"faces": {
				"north": {"uv": [4, 2, 5.59375, 2.15625], "texture": "#2"},
				"east": {"uv": [4, 2, 5.59375, 2.15625], "texture": "#2"},
				"south": {"uv": [4, 2, 5.59375, 2.15625], "texture": "#2"},
				"west": {"uv": [4, 2, 5.59375, 2.15625], "texture": "#2"},
				"up": {"uv": [4, 2, 5.59375, 2.15625], "texture": "#2"},
				"down": {"uv": [4, 2, 5.59375, 2.15625], "texture": "#2"}
			}
		},
		{
			"from": [8.33018, 10.22965, 7.89063],
			"to": [8.86143, 10.5109, 8.10938],
			"rotation": {"angle": 0, "axis": "y", "origin": [7.75206, 4.1359, 7.75]},
			"faces": {
				"north": {"uv": [0, 0, 0.53125, 0.28125], "texture": "#0"},
				"east": {"uv": [0, 0, 0.53125, 0.28125], "texture": "#0"},
				"south": {"uv": [0, 0, 0.53125, 0.28125], "texture": "#0"},
				"west": {"uv": [0, 0, 0.53125, 0.28125], "texture": "#0"},
				"up": {"uv": [0, 0, 0.53125, 0.28125], "texture": "#0"},
				"down": {"uv": [0, 0, 0.53125, 0.28125], "texture": "#0"}
			}
		},
		{
			"from": [7.14268, 10.22965, 7.89063],
			"to": [7.67393, 10.5109, 8.10938],
			"rotation": {"angle": 0, "axis": "y", "origin": [7.75206, 4.1359, 7.75]},
			"faces": {
				"north": {"uv": [0, 0, 0.53125, 0.28125], "texture": "#0"},
				"east": {"uv": [0, 0, 0.53125, 0.28125], "texture": "#0"},
				"south": {"uv": [0, 0, 0.53125, 0.28125], "texture": "#0"},
				"west": {"uv": [0, 0, 0.53125, 0.28125], "texture": "#0"},
				"up": {"uv": [0, 0, 0.53125, 0.28125], "texture": "#0"},
				"down": {"uv": [0, 0, 0.53125, 0.28125], "texture": "#0"}
			}
		},
		{
			"from": [7.39268, 9.0734, 7.90625],
			"to": [7.78331, 10.47965, 8.09375],
			"rotation": {"angle": 22.5, "axis": "z", "origin": [7.58799, 9.90152, 8]},
			"faces": {
				"north": {"uv": [0, 0, 0.39063, 1.40625], "texture": "#0"},
				"east": {"uv": [0, 0, 0.39063, 1.40625], "texture": "#0"},
				"south": {"uv": [0, 0, 0.39063, 1.40625], "texture": "#0"},
				"west": {"uv": [0, 0, 0.39063, 1.40625], "texture": "#0"},
				"up": {"uv": [0, 0, 0.39063, 1.40625], "texture": "#0"},
				"down": {"uv": [0, 0, 0.39063, 1.40625], "texture": "#0"}
			}
		},
		{
			"from": [8.15831, 9.0734, 7.90625],
			"to": [8.54893, 10.47965, 8.09375],
			"rotation": {"angle": -22.5, "axis": "z", "origin": [8.41612, 9.77652, 8]},
			"faces": {
				"north": {"uv": [0, 0, 0.39063, 1.40625], "texture": "#0"},
				"east": {"uv": [0, 0, 0.39063, 1.40625], "texture": "#0"},
				"south": {"uv": [0, 0, 0.39063, 1.40625], "texture": "#0"},
				"west": {"uv": [0, 0, 0.39063, 1.40625], "texture": "#0"},
				"up": {"uv": [0, 0, 0.39063, 1.40625], "texture": "#0"},
				"down": {"uv": [0, 0, 0.39063, 1.40625], "texture": "#0"}
			}
		},
		{
			"from": [7.23643, 10.66715, 7.90625],
			"to": [7.59581, 11.4484, 8.09375],
			"rotation": {"angle": 0, "axis": "y", "origin": [7.75206, 4.1359, 7.75]},
			"faces": {
				"north": {"uv": [0, 0, 0.35938, 0.78125], "texture": "#0"},
				"east": {"uv": [0, 0, 0.35938, 0.78125], "texture": "#0"},
				"south": {"uv": [0, 0, 0.35938, 0.78125], "texture": "#0"},
				"west": {"uv": [0, 0, 0.35938, 0.78125], "texture": "#0"},
				"up": {"uv": [0, 0, 0.35938, 0.78125], "texture": "#0"},
				"down": {"uv": [0, 0, 0.35938, 0.78125], "texture": "#0"}
			}
		},
		{
			"from": [8.39268, 10.66715, 7.90625],
			"to": [8.75206, 11.4484, 8.09375],
			"rotation": {"angle": 0, "axis": "y", "origin": [7.75206, 4.1359, 7.75]},
			"faces": {
				"north": {"uv": [0, 0, 0.35938, 0.78125], "texture": "#0"},
				"east": {"uv": [0, 0, 0.35938, 0.78125], "texture": "#0"},
				"south": {"uv": [0, 0, 0.35938, 0.78125], "texture": "#0"},
				"west": {"uv": [0, 0, 0.35938, 0.78125], "texture": "#0"},
				"up": {"uv": [0, 0, 0.35938, 0.78125], "texture": "#0"},
				"down": {"uv": [0, 0, 0.35938, 0.78125], "texture": "#0"}
			}
		},
		{
			"from": [8.34581, 11.4484, 7.92188],
			"to": [8.61143, 11.99527, 8.07813],
			"rotation": {"angle": 0, "axis": "y", "origin": [7.75206, 4.1359, 7.75]},
			"faces": {
				"north": {"uv": [1, 0, 2, 6], "texture": "#0"},
				"east": {"uv": [1, 0, 2, 6], "texture": "#0"},
				"south": {"uv": [1, 0, 2, 6], "texture": "#0"},
				"west": {"uv": [1, 0, 2, 6], "texture": "#0"},
				"up": {"uv": [1, 0, 2, 6], "texture": "#0"},
				"down": {"uv": [1, 0, 2, 6], "texture": "#0"}
			}
		},
		{
			"from": [7.39268, 11.4484, 7.92188],
			"to": [7.65831, 11.99527, 8.07813],
			"rotation": {"angle": 0, "axis": "y", "origin": [7.75206, 4.1359, 7.75]},
			"faces": {
				"north": {"uv": [1, 0, 2, 6], "texture": "#0"},
				"east": {"uv": [1, 0, 2, 6], "texture": "#0"},
				"south": {"uv": [1, 0, 2, 6], "texture": "#0"},
				"west": {"uv": [1, 0, 2, 6], "texture": "#0"},
				"up": {"uv": [1, 0, 2, 6], "texture": "#0"},
				"down": {"uv": [1, 0, 2, 6], "texture": "#0"}
			}
		},
		{
			"from": [8.42393, 11.99527, 7.9375],
			"to": [8.64268, 12.21402, 8.0625],
			"rotation": {"angle": 0, "axis": "y", "origin": [7.75206, 4.1359, 7.75]},
			"faces": {
				"north": {"uv": [0, 0, 0.21875, 0.21875], "texture": "#0"},
				"east": {"uv": [0, 0, 0.21875, 0.21875], "texture": "#0"},
				"south": {"uv": [0, 0, 0.21875, 0.21875], "texture": "#0"},
				"west": {"uv": [0, 0, 0.21875, 0.21875], "texture": "#0"},
				"up": {"uv": [0, 0, 0.21875, 0.21875], "texture": "#0"},
				"down": {"uv": [0, 0, 0.21875, 0.21875], "texture": "#0"}
			}
		},
		{
			"from": [7.36143, 11.99527, 7.9375],
			"to": [7.58018, 12.21402, 8.0625],
			"rotation": {"angle": 0, "axis": "y", "origin": [7.75206, 4.1359, 7.75]},
			"faces": {
				"north": {"uv": [0, 0, 0.21875, 0.21875], "texture": "#0"},
				"east": {"uv": [0, 0, 0.21875, 0.21875], "texture": "#0"},
				"south": {"uv": [0, 0, 0.21875, 0.21875], "texture": "#0"},
				"west": {"uv": [0, 0, 0.21875, 0.21875], "texture": "#0"},
				"up": {"uv": [0, 0, 0.21875, 0.21875], "texture": "#0"},
				"down": {"uv": [0, 0, 0.21875, 0.21875], "texture": "#0"}
			}
		},
		{
			"from": [7.29893, 12.21402, 7.95313],
			"to": [7.45518, 12.37027, 8.04688],
			"rotation": {"angle": 0, "axis": "y", "origin": [7.75206, 4.1359, 7.75]},
			"faces": {
				"north": {"uv": [0, 0, 0.15625, 0.15625], "texture": "#0"},
				"east": {"uv": [0, 0, 0.15625, 0.15625], "texture": "#0"},
				"south": {"uv": [0, 0, 0.15625, 0.15625], "texture": "#0"},
				"west": {"uv": [0, 0, 0.15625, 0.15625], "texture": "#0"},
				"up": {"uv": [0, 0, 0.15625, 0.15625], "texture": "#0"},
				"down": {"uv": [0, 0, 0.15625, 0.15625], "texture": "#0"}
			}
		},
		{
			"from": [8.54893, 12.21402, 7.95313],
			"to": [8.70518, 12.37027, 8.04688],
			"rotation": {"angle": 0, "axis": "y", "origin": [7.75206, 4.1359, 7.75]},
			"faces": {
				"north": {"uv": [0, 0, 0.15625, 0.15625], "texture": "#0"},
				"east": {"uv": [0, 0, 0.15625, 0.15625], "texture": "#0"},
				"south": {"uv": [0, 0, 0.15625, 0.15625], "texture": "#0"},
				"west": {"uv": [0, 0, 0.15625, 0.15625], "texture": "#0"},
				"up": {"uv": [0, 0, 0.15625, 0.15625], "texture": "#0"},
				"down": {"uv": [0, 0, 0.15625, 0.15625], "texture": "#0"}
			}
		},
		{
			"from": [7.83018, 11.2609, 7.92188],
			"to": [8.17393, 12.18277, 8.07813],
			"rotation": {"angle": 0, "axis": "y", "origin": [7.75206, 4.1359, 7.75]},
			"faces": {
				"north": {"uv": [1, 0, 2, 5], "texture": "#0"},
				"east": {"uv": [1, 0, 2, 5], "texture": "#0"},
				"south": {"uv": [1, 0, 2, 5], "texture": "#0"},
				"west": {"uv": [1, 0, 2, 5], "texture": "#0"},
				"up": {"uv": [1, 0, 2, 5], "texture": "#0"},
				"down": {"uv": [1, 0, 2, 5], "texture": "#0"}
			}
		},
		{
			"from": [8.17393, 11.4484, 7.95313],
			"to": [8.26768, 12.05777, 8.04688],
			"rotation": {"angle": 0, "axis": "y", "origin": [7.75206, 4.1359, 7.75]},
			"faces": {
				"north": {"uv": [1, 0, 2, 6], "texture": "#0"},
				"east": {"uv": [1, 0, 2, 6], "texture": "#0"},
				"south": {"uv": [1, 0, 2, 6], "texture": "#0"},
				"west": {"uv": [1, 0, 2, 6], "texture": "#0"},
				"up": {"uv": [1, 0, 2, 6], "texture": "#0"},
				"down": {"uv": [1, 0, 2, 6], "texture": "#0"}
			}
		},
		{
			"from": [7.73643, 11.4484, 7.95313],
			"to": [7.83018, 12.05777, 8.04688],
			"rotation": {"angle": 0, "axis": "y", "origin": [7.75206, 4.1359, 7.75]},
			"faces": {
				"north": {"uv": [1, 0, 2, 6], "texture": "#0"},
				"east": {"uv": [1, 0, 2, 6], "texture": "#0"},
				"south": {"uv": [1, 0, 2, 6], "texture": "#0"},
				"west": {"uv": [1, 0, 2, 6], "texture": "#0"},
				"up": {"uv": [1, 0, 2, 6], "texture": "#0"},
				"down": {"uv": [1, 0, 2, 6], "texture": "#0"}
			}
		},
		{
			"from": [7.67393, 11.5734, 7.96875],
			"to": [7.73643, 11.93277, 8.03125],
			"rotation": {"angle": 0, "axis": "y", "origin": [7.75206, 4.1359, 7.75]},
			"faces": {
				"north": {"uv": [1, 0, 2, 6], "texture": "#0"},
				"east": {"uv": [1, 0, 2, 6], "texture": "#0"},
				"south": {"uv": [1, 0, 2, 6], "texture": "#0"},
				"west": {"uv": [1, 0, 2, 6], "texture": "#0"},
				"up": {"uv": [1, 0, 2, 6], "texture": "#0"},
				"down": {"uv": [1, 0, 2, 6], "texture": "#0"}
			}
		},
		{
			"from": [8.26768, 11.5734, 7.96875],
			"to": [8.33018, 11.93277, 8.03125],
			"rotation": {"angle": 0, "axis": "y", "origin": [7.75206, 4.1359, 7.75]},
			"faces": {
				"north": {"uv": [1, 0, 2, 6], "texture": "#0"},
				"east": {"uv": [1, 0, 2, 6], "texture": "#0"},
				"south": {"uv": [1, 0, 2, 6], "texture": "#0"},
				"west": {"uv": [1, 0, 2, 6], "texture": "#0"},
				"up": {"uv": [1, 0, 2, 6], "texture": "#0"},
				"down": {"uv": [1, 0, 2, 6], "texture": "#0"}
			}
		},
		{
			"from": [7.89268, 12.18277, 7.95313],
			"to": [8.11143, 12.35465, 8.04688],
			"rotation": {"angle": 0, "axis": "y", "origin": [7.75206, 4.1359, 7.75]},
			"faces": {
				"north": {"uv": [0, 0, 0.21875, 0.17188], "texture": "#0"},
				"east": {"uv": [0, 0, 0.21875, 0.17188], "texture": "#0"},
				"south": {"uv": [0, 0, 0.21875, 0.17188], "texture": "#0"},
				"west": {"uv": [0, 0, 0.21875, 0.17188], "texture": "#0"},
				"up": {"uv": [0, 0, 0.21875, 0.17188], "texture": "#0"},
				"down": {"uv": [0, 0, 0.21875, 0.17188], "texture": "#0"}
			}
		},
		{
			"from": [7.93956, 10.6359, 7.96875],
			"to": [8.06456, 11.1359, 8.03125],
			"rotation": {"angle": 0, "axis": "y", "origin": [7.75206, 4.1359, 7.75]},
			"faces": {
				"north": {"uv": [0, 0, 0.125, 0.5], "texture": "#0"},
				"east": {"uv": [0, 0, 0.125, 0.5], "texture": "#0"},
				"south": {"uv": [0, 0, 0.125, 0.5], "texture": "#0"},
				"west": {"uv": [0, 0, 0.125, 0.5], "texture": "#0"},
				"up": {"uv": [0, 0, 0.125, 0.5], "texture": "#0"},
				"down": {"uv": [0, 0, 0.125, 0.5], "texture": "#0"}
			}
		},
		{
			"from": [7.89268, 11.1359, 7.95313],
			"to": [8.11143, 11.2609, 8.04688],
			"rotation": {"angle": 0, "axis": "y", "origin": [7.75206, 4.1359, 7.75]},
			"faces": {
				"north": {"uv": [6, 4, 8, 6], "texture": "#1"},
				"east": {"uv": [6, 4, 8, 6], "texture": "#1"},
				"south": {"uv": [6, 4, 8, 6], "texture": "#1"},
				"west": {"uv": [6, 4, 8, 6], "texture": "#1"},
				"up": {"uv": [6, 4, 8, 6], "texture": "#1"},
				"down": {"uv": [6, 4, 8, 6], "texture": "#1"}
			}
		},
		{
			"from": [7.92393, 12.35465, 7.96875],
			"to": [8.08018, 12.52652, 8.03125],
			"rotation": {"angle": 0, "axis": "y", "origin": [7.75206, 4.1359, 7.75]},
			"faces": {
				"north": {"uv": [0, 0, 0.15625, 0.17188], "texture": "#0"},
				"east": {"uv": [0, 0, 0.15625, 0.17188], "texture": "#0"},
				"south": {"uv": [0, 0, 0.15625, 0.17188], "texture": "#0"},
				"west": {"uv": [0, 0, 0.15625, 0.17188], "texture": "#0"},
				"up": {"uv": [0, 0, 0.15625, 0.17188], "texture": "#0"},
				"down": {"uv": [0, 0, 0.15625, 0.17188], "texture": "#0"}
			}
		},
		{
			"from": [7.95518, 12.52652, 7.98438],
			"to": [8.04893, 12.6984, 8.01563],
			"rotation": {"angle": 0, "axis": "y", "origin": [7.75206, 4.1359, 7.75]},
			"faces": {
				"north": {"uv": [0, 0, 0.09375, 0.17188], "texture": "#0"},
				"east": {"uv": [0, 0, 0.09375, 0.17188], "texture": "#0"},
				"south": {"uv": [0, 0, 0.09375, 0.17188], "texture": "#0"},
				"west": {"uv": [0, 0, 0.09375, 0.17188], "texture": "#0"},
				"up": {"uv": [0, 0, 0.09375, 0.17188], "texture": "#0"},
				"down": {"uv": [0, 0, 0.09375, 0.17188], "texture": "#0"}
			}
		}
	],
	"gui_light": "front",
	"display": {
		"thirdperson_righthand": {
			"rotation": [0, 90, 0],
			"translation": [-0.5, 2.25, 1.25],
			"scale": [1.82, 1.7, 1.7]
		},
		"thirdperson_lefthand": {
			"rotation": [0, 90, 0],
			"translation": [-0.5, 2.25, 1.25],
			"scale": [1.82, 1.7, 1.7]
		},
		"firstperson_righthand": {
			"rotation": [-57, -60, -1],
			"translation": [-6, 6.5, 8.5]
		},
		"firstperson_lefthand": {
			"rotation": [-57, -60, -1],
			"translation": [-6, 6.5, 8.5]
		},
		"ground": {
			"rotation": [-44, 45, 0],
			"translation": [0, 4.5, -1]
		},
		"gui": {
			"rotation": [14, -39, -49],
			"translation": [1.75, 1.5, 0],
			"scale": [1.79, 1.79, 1.79]
		},
		"fixed": {
			"rotation": [0, 0, 45],
			"translation": [-2.5, 2.5, 0],
			"scale": [1.91, 1.91, 1.91]
		}
	}
}