{
	"credit": "Made with Blockbench",
	"textures": {
		"0": "item/diamondlongsword",
		"particle": "item/diamondlongsword"
	},
	"elements": [
		{
			"name": "meteoriumlongsword_0",
			"from": [14, 8, 0],
			"to": [16, 8.66667, 2],
			"rotation": {"angle": 0, "axis": "y", "origin": [0, 8, 0]},
			"faces": {
				"north": {"uv": [16, 0, 14, 0.66667], "texture": "#0"},
				"east": {"uv": [15.33333, 0, 16, 2], "rotation": 90, "texture": "#0"},
				"south": {"uv": [14, 1.33333, 16, 2], "texture": "#0"},
				"west": {"uv": [14, 0, 14.66667, 2], "rotation": 270, "texture": "#0"},
				"up": {"uv": [14, 0, 16, 2], "texture": "#0"},
				"down": {"uv": [14, 2, 16, 0], "texture": "#0"}
			}
		},
		{
			"name": "meteoriumlongsword_1",
			"from": [13.33333, 8, 0.66667],
			"to": [14, 8.66667, 4],
			"rotation": {"angle": 0, "axis": "y", "origin": [0, 8, 0]},
			"faces": {
				"north": {"uv": [14, 0.66667, 13.33333, 1.33333], "texture": "#0"},
				"east": {"uv": [13.33333, 0.66667, 14, 4], "rotation": 90, "texture": "#0"},
				"south": {"uv": [13.33333, 3.33333, 14, 4], "texture": "#0"},
				"west": {"uv": [13.33333, 0.66667, 14, 4], "rotation": 270, "texture": "#0"},
				"up": {"uv": [13.33333, 0.66667, 14, 4], "texture": "#0"},
				"down": {"uv": [13.33333, 4, 14, 0.66667], "texture": "#0"}
			}
		},
		{
			"name": "meteoriumlongsword_2",
			"from": [12.66667, 8, 1.33333],
			"to": [13.33333, 8.66667, 4.66667],
			"rotation": {"angle": 0, "axis": "y", "origin": [0, 8, 0]},
			"faces": {
				"north": {"uv": [13.33333, 1.33333, 12.66667, 2], "texture": "#0"},
				"east": {"uv": [12.66667, 1.33333, 13.33333, 4.66667], "rotation": 90, "texture": "#0"},
				"south": {"uv": [12.66667, 4, 13.33333, 4.66667], "texture": "#0"},
				"west": {"uv": [12.66667, 1.33333, 13.33333, 4.66667], "rotation": 270, "texture": "#0"},
				"up": {"uv": [12.66667, 1.33333, 13.33333, 4.66667], "texture": "#0"},
				"down": {"uv": [12.66667, 4.66667, 13.33333, 1.33333], "texture": "#0"}
			}
		},
		{
			"name": "meteoriumlongsword_3",
			"from": [12, 8, 2],
			"to": [12.66667, 8.66667, 5.33333],
			"rotation": {"angle": 0, "axis": "y", "origin": [0, 8, 0]},
			"faces": {
				"north": {"uv": [12.66667, 2, 12, 2.66667], "texture": "#0"},
				"east": {"uv": [12, 2, 12.66667, 5.33333], "rotation": 90, "texture": "#0"},
				"south": {"uv": [12, 4.66667, 12.66667, 5.33333], "texture": "#0"},
				"west": {"uv": [12, 2, 12.66667, 5.33333], "rotation": 270, "texture": "#0"},
				"up": {"uv": [12, 2, 12.66667, 5.33333], "texture": "#0"},
				"down": {"uv": [12, 5.33333, 12.66667, 2], "texture": "#0"}
			}
		},
		{
			"name": "meteoriumlongsword_4",
			"from": [14, 8, 2],
			"to": [15.33333, 8.66667, 2.66667],
			"rotation": {"angle": 0, "axis": "y", "origin": [0, 8, 0]},
			"faces": {
				"north": {"uv": [15.33333, 2, 14, 2.66667], "texture": "#0"},
				"east": {"uv": [14.66667, 2, 15.33333, 2.66667], "rotation": 90, "texture": "#0"},
				"south": {"uv": [14, 2, 15.33333, 2.66667], "texture": "#0"},
				"west": {"uv": [14, 2, 14.66667, 2.66667], "rotation": 270, "texture": "#0"},
				"up": {"uv": [14, 2, 15.33333, 2.66667], "texture": "#0"},
				"down": {"uv": [14, 2.66667, 15.33333, 2], "texture": "#0"}
			}
		},
		{
			"name": "meteoriumlongsword_5",
			"from": [11.33333, 8, 2.66667],
			"to": [12, 8.66667, 6],
			"rotation": {"angle": 0, "axis": "y", "origin": [0, 8, 0]},
			"faces": {
				"north": {"uv": [12, 2.66667, 11.33333, 3.33333], "texture": "#0"},
				"east": {"uv": [11.33333, 2.66667, 12, 6], "rotation": 90, "texture": "#0"},
				"south": {"uv": [11.33333, 5.33333, 12, 6], "texture": "#0"},
				"west": {"uv": [11.33333, 2.66667, 12, 6], "rotation": 270, "texture": "#0"},
				"up": {"uv": [11.33333, 2.66667, 12, 6], "texture": "#0"},
				"down": {"uv": [11.33333, 6, 12, 2.66667], "texture": "#0"}
			}
		},
		{
			"name": "meteoriumlongsword_6",
			"from": [14, 8, 2.66667],
			"to": [14.66667, 8.66667, 3.33333],
			"rotation": {"angle": 0, "axis": "y", "origin": [0, 8, 0]},
			"faces": {
				"north": {"uv": [14.66667, 2.66667, 14, 3.33333], "texture": "#0"},
				"east": {"uv": [14, 2.66667, 14.66667, 3.33333], "rotation": 90, "texture": "#0"},
				"south": {"uv": [14, 2.66667, 14.66667, 3.33333], "texture": "#0"},
				"west": {"uv": [14, 2.66667, 14.66667, 3.33333], "rotation": 270, "texture": "#0"},
				"up": {"uv": [14, 2.66667, 14.66667, 3.33333], "texture": "#0"},
				"down": {"uv": [14, 3.33333, 14.66667, 2.66667], "texture": "#0"}
			}
		},
		{
			"name": "meteoriumlongsword_7",
			"from": [10.66667, 8, 3.33333],
			"to": [11.33333, 8.66667, 6.66667],
			"rotation": {"angle": 0, "axis": "y", "origin": [0, 8, 0]},
			"faces": {
				"north": {"uv": [11.33333, 3.33333, 10.66667, 4], "texture": "#0"},
				"east": {"uv": [10.66667, 3.33333, 11.33333, 6.66667], "rotation": 90, "texture": "#0"},
				"south": {"uv": [10.66667, 6, 11.33333, 6.66667], "texture": "#0"},
				"west": {"uv": [10.66667, 3.33333, 11.33333, 6.66667], "rotation": 270, "texture": "#0"},
				"up": {"uv": [10.66667, 3.33333, 11.33333, 6.66667], "texture": "#0"},
				"down": {"uv": [10.66667, 6.66667, 11.33333, 3.33333], "texture": "#0"}
			}
		},
		{
			"name": "meteoriumlongsword_8",
			"from": [10, 8, 4],
			"to": [10.66667, 8.66667, 7.33333],
			"rotation": {"angle": 0, "axis": "y", "origin": [0, 8, 0]},
			"faces": {
				"north": {"uv": [10.66667, 4, 10, 4.66667], "texture": "#0"},
				"east": {"uv": [10, 4, 10.66667, 7.33333], "rotation": 90, "texture": "#0"},
				"south": {"uv": [10, 6.66667, 10.66667, 7.33333], "texture": "#0"},
				"west": {"uv": [10, 4, 10.66667, 7.33333], "rotation": 270, "texture": "#0"},
				"up": {"uv": [10, 4, 10.66667, 7.33333], "texture": "#0"},
				"down": {"uv": [10, 7.33333, 10.66667, 4], "texture": "#0"}
			}
		},
		{
			"name": "meteoriumlongsword_9",
			"from": [9.33333, 8, 4.66667],
			"to": [10, 8.66667, 8],
			"rotation": {"angle": 0, "axis": "y", "origin": [0, 8, 0]},
			"faces": {
				"north": {"uv": [10, 4.66667, 9.33333, 5.33333], "texture": "#0"},
				"east": {"uv": [9.33333, 4.66667, 10, 8], "rotation": 90, "texture": "#0"},
				"south": {"uv": [9.33333, 7.33333, 10, 8], "texture": "#0"},
				"west": {"uv": [9.33333, 4.66667, 10, 8], "rotation": 270, "texture": "#0"},
				"up": {"uv": [9.33333, 4.66667, 10, 8], "texture": "#0"},
				"down": {"uv": [9.33333, 8, 10, 4.66667], "texture": "#0"}
			}
		},
		{
			"name": "meteoriumlongsword_10",
			"from": [8.66667, 8, 5.33333],
			"to": [9.33333, 8.66667, 8.66667],
			"rotation": {"angle": 0, "axis": "y", "origin": [0, 8, 0]},
			"faces": {
				"north": {"uv": [9.33333, 5.33333, 8.66667, 6], "texture": "#0"},
				"east": {"uv": [8.66667, 5.33333, 9.33333, 8.66667], "rotation": 90, "texture": "#0"},
				"south": {"uv": [8.66667, 8, 9.33333, 8.66667], "texture": "#0"},
				"west": {"uv": [8.66667, 5.33333, 9.33333, 8.66667], "rotation": 270, "texture": "#0"},
				"up": {"uv": [8.66667, 5.33333, 9.33333, 8.66667], "texture": "#0"},
				"down": {"uv": [8.66667, 8.66667, 9.33333, 5.33333], "texture": "#0"}
			}
		},
		{
			"name": "meteoriumlongsword_11",
			"from": [8, 8, 6],
			"to": [8.66667, 8.66667, 9.33333],
			"rotation": {"angle": 0, "axis": "y", "origin": [0, 8, 0]},
			"faces": {
				"north": {"uv": [8.66667, 6, 8, 6.66667], "texture": "#0"},
				"east": {"uv": [8, 6, 8.66667, 9.33333], "rotation": 90, "texture": "#0"},
				"south": {"uv": [8, 8.66667, 8.66667, 9.33333], "texture": "#0"},
				"west": {"uv": [8, 6, 8.66667, 9.33333], "rotation": 270, "texture": "#0"},
				"up": {"uv": [8, 6, 8.66667, 9.33333], "texture": "#0"},
				"down": {"uv": [8, 9.33333, 8.66667, 6], "texture": "#0"}
			}
		},
		{
			"name": "meteoriumlongsword_12",
			"from": [7.33333, 8, 6.66667],
			"to": [8, 8.66667, 10],
			"rotation": {"angle": 0, "axis": "y", "origin": [0, 8, 0]},
			"faces": {
				"north": {"uv": [8, 6.66667, 7.33333, 7.33333], "texture": "#0"},
				"east": {"uv": [7.33333, 6.66667, 8, 10], "rotation": 90, "texture": "#0"},
				"south": {"uv": [7.33333, 9.33333, 8, 10], "texture": "#0"},
				"west": {"uv": [7.33333, 6.66667, 8, 10], "rotation": 270, "texture": "#0"},
				"up": {"uv": [7.33333, 6.66667, 8, 10], "texture": "#0"},
				"down": {"uv": [7.33333, 10, 8, 6.66667], "texture": "#0"}
			}
		},
		{
			"name": "meteoriumlongsword_13",
			"from": [6.66667, 8, 7.33333],
			"to": [7.33333, 8.66667, 10.66667],
			"rotation": {"angle": 0, "axis": "y", "origin": [0, 8, 0]},
			"faces": {
				"north": {"uv": [7.33333, 7.33333, 6.66667, 8], "texture": "#0"},
				"east": {"uv": [6.66667, 7.33333, 7.33333, 10.66667], "rotation": 90, "texture": "#0"},
				"south": {"uv": [6.66667, 10, 7.33333, 10.66667], "texture": "#0"},
				"west": {"uv": [6.66667, 7.33333, 7.33333, 10.66667], "rotation": 270, "texture": "#0"},
				"up": {"uv": [6.66667, 7.33333, 7.33333, 10.66667], "texture": "#0"},
				"down": {"uv": [6.66667, 10.66667, 7.33333, 7.33333], "texture": "#0"}
			}
		},
		{
			"name": "meteoriumlongsword_14",
			"from": [6, 8, 8],
			"to": [6.66667, 8.66667, 11.33333],
			"rotation": {"angle": 0, "axis": "y", "origin": [0, 8, 0]},
			"faces": {
				"north": {"uv": [6.66667, 8, 6, 8.66667], "texture": "#0"},
				"east": {"uv": [6, 8, 6.66667, 11.33333], "rotation": 90, "texture": "#0"},
				"south": {"uv": [6, 10.66667, 6.66667, 11.33333], "texture": "#0"},
				"west": {"uv": [6, 8, 6.66667, 11.33333], "rotation": 270, "texture": "#0"},
				"up": {"uv": [6, 8, 6.66667, 11.33333], "texture": "#0"},
				"down": {"uv": [6, 11.33333, 6.66667, 8], "texture": "#0"}
			}
		},
		{
			"name": "meteoriumlongsword_15",
			"from": [5.33333, 8, 8.66667],
			"to": [6, 8.66667, 14],
			"rotation": {"angle": 0, "axis": "y", "origin": [0, 8, 0]},
			"faces": {
				"north": {"uv": [6, 8.66667, 5.33333, 9.33333], "texture": "#0"},
				"east": {"uv": [5.33333, 8.66667, 6, 14], "rotation": 90, "texture": "#0"},
				"south": {"uv": [5.33333, 13.33333, 6, 14], "texture": "#0"},
				"west": {"uv": [5.33333, 8.66667, 6, 14], "rotation": 270, "texture": "#0"},
				"up": {"uv": [5.33333, 8.66667, 6, 14], "texture": "#0"},
				"down": {"uv": [5.33333, 14, 6, 8.66667], "texture": "#0"}
			}
		},
		{
			"name": "meteoriumlongsword_16",
			"from": [2, 8, 9.33333],
			"to": [3.33333, 8.66667, 10.66667],
			"rotation": {"angle": 0, "axis": "y", "origin": [0, 8, 0]},
			"faces": {
				"north": {"uv": [3.33333, 9.33333, 2, 10], "texture": "#0"},
				"east": {"uv": [2.66667, 9.33333, 3.33333, 10.66667], "rotation": 90, "texture": "#0"},
				"south": {"uv": [2, 10, 3.33333, 10.66667], "texture": "#0"},
				"west": {"uv": [2, 9.33333, 2.66667, 10.66667], "rotation": 270, "texture": "#0"},
				"up": {"uv": [2, 9.33333, 3.33333, 10.66667], "texture": "#0"},
				"down": {"uv": [2, 10.66667, 3.33333, 9.33333], "texture": "#0"}
			}
		},
		{
			"name": "meteoriumlongsword_17",
			"from": [4.66667, 8, 9.33333],
			"to": [5.33333, 8.66667, 13.33333],
			"rotation": {"angle": 0, "axis": "y", "origin": [0, 8, 0]},
			"faces": {
				"north": {"uv": [5.33333, 9.33333, 4.66667, 10], "texture": "#0"},
				"east": {"uv": [4.66667, 9.33333, 5.33333, 13.33333], "rotation": 90, "texture": "#0"},
				"south": {"uv": [4.66667, 12.66667, 5.33333, 13.33333], "texture": "#0"},
				"west": {"uv": [4.66667, 9.33333, 5.33333, 13.33333], "rotation": 270, "texture": "#0"},
				"up": {"uv": [4.66667, 9.33333, 5.33333, 13.33333], "texture": "#0"},
				"down": {"uv": [4.66667, 13.33333, 5.33333, 9.33333], "texture": "#0"}
			}
		},
		{
			"name": "meteoriumlongsword_18",
			"from": [3.33333, 8, 10],
			"to": [4.66667, 8.66667, 12.66667],
			"rotation": {"angle": 0, "axis": "y", "origin": [0, 8, 0]},
			"faces": {
				"north": {"uv": [4.66667, 10, 3.33333, 10.66667], "texture": "#0"},
				"east": {"uv": [4, 10, 4.66667, 12.66667], "rotation": 90, "texture": "#0"},
				"south": {"uv": [3.33333, 12, 4.66667, 12.66667], "texture": "#0"},
				"west": {"uv": [3.33333, 10, 4, 12.66667], "rotation": 270, "texture": "#0"},
				"up": {"uv": [3.33333, 10, 4.66667, 12.66667], "texture": "#0"},
				"down": {"uv": [3.33333, 12.66667, 4.66667, 10], "texture": "#0"}
			}
		},
		{
			"name": "meteoriumlongsword_19",
			"from": [2.66667, 8, 10.66667],
			"to": [3.33333, 8.66667, 11.33333],
			"rotation": {"angle": 0, "axis": "y", "origin": [0, 8, 0]},
			"faces": {
				"north": {"uv": [3.33333, 10.66667, 2.66667, 11.33333], "texture": "#0"},
				"east": {"uv": [2.66667, 10.66667, 3.33333, 11.33333], "rotation": 90, "texture": "#0"},
				"south": {"uv": [2.66667, 10.66667, 3.33333, 11.33333], "texture": "#0"},
				"west": {"uv": [2.66667, 10.66667, 3.33333, 11.33333], "rotation": 270, "texture": "#0"},
				"up": {"uv": [2.66667, 10.66667, 3.33333, 11.33333], "texture": "#0"},
				"down": {"uv": [2.66667, 11.33333, 3.33333, 10.66667], "texture": "#0"}
			}
		},
		{
			"name": "meteoriumlongsword_20",
			"from": [2.66667, 8, 12],
			"to": [3.33333, 8.66667, 14],
			"rotation": {"angle": 0, "axis": "y", "origin": [0, 8, 0]},
			"faces": {
				"north": {"uv": [3.33333, 12, 2.66667, 12.66667], "texture": "#0"},
				"east": {"uv": [2.66667, 12, 3.33333, 14], "rotation": 90, "texture": "#0"},
				"south": {"uv": [2.66667, 13.33333, 3.33333, 14], "texture": "#0"},
				"west": {"uv": [2.66667, 12, 3.33333, 14], "rotation": 270, "texture": "#0"},
				"up": {"uv": [2.66667, 12, 3.33333, 14], "texture": "#0"},
				"down": {"uv": [2.66667, 14, 3.33333, 12], "texture": "#0"}
			}
		},
		{
			"name": "meteoriumlongsword_21",
			"from": [2, 8, 12.66667],
			"to": [2.66667, 8.66667, 14.66667],
			"rotation": {"angle": 0, "axis": "y", "origin": [0, 8, 0]},
			"faces": {
				"north": {"uv": [2.66667, 12.66667, 2, 13.33333], "texture": "#0"},
				"east": {"uv": [2, 12.66667, 2.66667, 14.66667], "rotation": 90, "texture": "#0"},
				"south": {"uv": [2, 14, 2.66667, 14.66667], "texture": "#0"},
				"west": {"uv": [2, 12.66667, 2.66667, 14.66667], "rotation": 270, "texture": "#0"},
				"up": {"uv": [2, 12.66667, 2.66667, 14.66667], "texture": "#0"},
				"down": {"uv": [2, 14.66667, 2.66667, 12.66667], "texture": "#0"}
			}
		},
		{
			"name": "meteoriumlongsword_22",
			"from": [3.33333, 8, 12.66667],
			"to": [4, 8.66667, 13.33333],
			"rotation": {"angle": 0, "axis": "y", "origin": [0, 8, 0]},
			"faces": {
				"north": {"uv": [4, 12.66667, 3.33333, 13.33333], "texture": "#0"},
				"east": {"uv": [3.33333, 12.66667, 4, 13.33333], "rotation": 90, "texture": "#0"},
				"south": {"uv": [3.33333, 12.66667, 4, 13.33333], "texture": "#0"},
				"west": {"uv": [3.33333, 12.66667, 4, 13.33333], "rotation": 270, "texture": "#0"},
				"up": {"uv": [3.33333, 12.66667, 4, 13.33333], "texture": "#0"},
				"down": {"uv": [3.33333, 13.33333, 4, 12.66667], "texture": "#0"}
			}
		},
		{
			"name": "meteoriumlongsword_23",
			"from": [6, 8, 12.66667],
			"to": [6.66667, 8.66667, 14],
			"rotation": {"angle": 0, "axis": "y", "origin": [0, 8, 0]},
			"faces": {
				"north": {"uv": [6.66667, 12.66667, 6, 13.33333], "texture": "#0"},
				"east": {"uv": [6, 12.66667, 6.66667, 14], "rotation": 90, "texture": "#0"},
				"south": {"uv": [6, 13.33333, 6.66667, 14], "texture": "#0"},
				"west": {"uv": [6, 12.66667, 6.66667, 14], "rotation": 270, "texture": "#0"},
				"up": {"uv": [6, 12.66667, 6.66667, 14], "texture": "#0"},
				"down": {"uv": [6, 14, 6.66667, 12.66667], "texture": "#0"}
			}
		},
		{
			"name": "meteoriumlongsword_24",
			"from": [1.33333, 8, 13.33333],
			"to": [2, 8.66667, 16],
			"rotation": {"angle": 0, "axis": "y", "origin": [0, 8, 0]},
			"faces": {
				"north": {"uv": [2, 13.33333, 1.33333, 14], "texture": "#0"},
				"east": {"uv": [1.33333, 13.33333, 2, 16], "rotation": 90, "texture": "#0"},
				"south": {"uv": [1.33333, 15.33333, 2, 16], "texture": "#0"},
				"west": {"uv": [1.33333, 13.33333, 2, 16], "rotation": 270, "texture": "#0"},
				"up": {"uv": [1.33333, 13.33333, 2, 16], "texture": "#0"},
				"down": {"uv": [1.33333, 16, 2, 13.33333], "texture": "#0"}
			}
		},
		{
			"name": "meteoriumlongsword_25",
			"from": [0, 8, 14],
			"to": [1.33333, 8.66667, 15.33333],
			"rotation": {"angle": 0, "axis": "y", "origin": [0, 8, 0]},
			"faces": {
				"north": {"uv": [1.33333, 14, 0, 14.66667], "texture": "#0"},
				"east": {"uv": [0.66667, 14, 1.33333, 15.33333], "rotation": 90, "texture": "#0"},
				"south": {"uv": [0, 14.66667, 1.33333, 15.33333], "texture": "#0"},
				"west": {"uv": [0, 14, 0.66667, 15.33333], "rotation": 270, "texture": "#0"},
				"up": {"uv": [0, 14, 1.33333, 15.33333], "texture": "#0"},
				"down": {"uv": [0, 15.33333, 1.33333, 14], "texture": "#0"}
			}
		},
		{
			"name": "meteoriumlongsword_26",
			"from": [0.66667, 8, 15.33333],
			"to": [1.33333, 8.66667, 16],
			"rotation": {"angle": 0, "axis": "y", "origin": [0, 8, 0]},
			"faces": {
				"north": {"uv": [1.33333, 15.33333, 0.66667, 16], "texture": "#0"},
				"east": {"uv": [0.66667, 15.33333, 1.33333, 16], "rotation": 90, "texture": "#0"},
				"south": {"uv": [0.66667, 15.33333, 1.33333, 16], "texture": "#0"},
				"west": {"uv": [0.66667, 15.33333, 1.33333, 16], "rotation": 270, "texture": "#0"},
				"up": {"uv": [0.66667, 15.33333, 1.33333, 16], "texture": "#0"},
				"down": {"uv": [0.66667, 16, 1.33333, 15.33333], "texture": "#0"}
			}
		}
	],
	"gui_light": "front",
	"display": {
		"thirdperson_righthand": {
			"rotation": [45, 2, 90],
			"translation": [0, 6, 1.5],
			"scale": [0.94, 0.94, 0.94]
		},
		"thirdperson_lefthand": {
			"rotation": [45, 2, -90],
			"translation": [0, 6, 1.5],
			"scale": [0.94, 0.94, 0.94]
		},
		"firstperson_righthand": {
			"rotation": [45, 0, 90],
			"translation": [0.5, 8, 2.5],
			"scale": [0.93, 0.93, 0.93]
		},
		"firstperson_lefthand": {
			"rotation": [45, 0, -90],
			"translation": [0.5, 8, 2.5],
			"scale": [0.93, 0.93, 0.93]
		},
		"ground": {
			"rotation": [-135, 0, 90],
			"translation": [0, 6.25, 0],
			"scale": [0.91, 0.91, 0.91]
		},
		"gui": {
			"rotation": [90, 0, 0]
		},
		"fixed": {
			"rotation": [90, 0, 180],
			"translation": [0, 0.25, 0]
		}
	},
	"groups": [
		{
			"name": "meteoriumlongsword",
			"origin": [8, 8, 8],
			"color": 0,
			"children": [0, 1, 2, 3, 4, 5, 6, 7, 8, 9, 10, 11, 12, 13, 14, 15, 16, 17, 18, 19, 20, 21, 22, 23, 24, 25, 26]
		}
	]
}