{
  "parent": "minecraft:item/generated",
  "textures": {
    "layer0": "minecraft:item/diamond"
  },
  "overrides":
  [
    {"predicate": {"custom_model_data": 1},"model": "item/cdf"},
    {"predicate": {"custom_model_data": 20},"model": "item/diamond_dust"},
    {"predicate": {"custom_model_data": 21},"model": "item/diamond_joint"},
    {"predicate": {"custom_model_data": 22},"model": "item/diamond_hinge"},
    {"predicate": {"custom_model_data": 23},"model": "item/diamond_beam"},
    {"predicate": {"custom_model_data": 24},"model": "item/diamond_plate"},
    {"predicate": {"custom_model_data": 25},"model": "item/diamond_conductor"}

  ]
}