{
	"credit": "Made with Blockbench",
	"textures": {
		"0": "item/diamondspear",
		"particle": "item/diamondspear"
	},
	"elements": [
		{
			"name": "bronzespear_0",
			"from": [12.83333, 7.83333, 2.33333],
			"to": [13.83333, 8.16667, 3.33333],
			"rotation": {"angle": 0, "axis": "y", "origin": [0.16667, 7.83333, -0.33333]},
			"faces": {
				"north": {"uv": [13.66667, 2.66667, 12.66667, 3], "texture": "#0"},
				"east": {"uv": [13.33333, 2.66667, 13.66667, 3.66667], "rotation": 90, "texture": "#0"},
				"south": {"uv": [12.66667, 3.33333, 13.66667, 3.66667], "texture": "#0"},
				"west": {"uv": [12.66667, 2.66667, 13, 3.66667], "rotation": 270, "texture": "#0"},
				"up": {"uv": [12.66667, 2.66667, 13.66667, 3.66667], "texture": "#0"},
				"down": {"uv": [12.66667, 3.66667, 13.66667, 2.66667], "texture": "#0"}
			}
		},
		{
			"name": "bronzespear_1",
			"from": [12.5, 7.83333, 2.66667],
			"to": [12.83333, 8.16667, 4],
			"rotation": {"angle": 0, "axis": "y", "origin": [0.16667, 7.83333, -0.33333]},
			"faces": {
				"north": {"uv": [12.66667, 3, 12.33333, 3.33333], "texture": "#0"},
				"east": {"uv": [12.33333, 3, 12.66667, 4.33333], "rotation": 90, "texture": "#0"},
				"south": {"uv": [12.33333, 4, 12.66667, 4.33333], "texture": "#0"},
				"west": {"uv": [12.33333, 3, 12.66667, 4.33333], "rotation": 270, "texture": "#0"},
				"up": {"uv": [12.33333, 3, 12.66667, 4.33333], "texture": "#0"},
				"down": {"uv": [12.33333, 4.33333, 12.66667, 3], "texture": "#0"}
			}
		},
		{
			"name": "bronzespear_2",
			"from": [12.16667, 7.83333, 3],
			"to": [12.5, 8.16667, 4.33333],
			"rotation": {"angle": 0, "axis": "y", "origin": [0.16667, 7.83333, -0.33333]},
			"faces": {
				"north": {"uv": [12.33333, 3.33333, 12, 3.66667], "texture": "#0"},
				"east": {"uv": [12, 3.33333, 12.33333, 4.66667], "rotation": 90, "texture": "#0"},
				"south": {"uv": [12, 4.33333, 12.33333, 4.66667], "texture": "#0"},
				"west": {"uv": [12, 3.33333, 12.33333, 4.66667], "rotation": 270, "texture": "#0"},
				"up": {"uv": [12, 3.33333, 12.33333, 4.66667], "texture": "#0"},
				"down": {"uv": [12, 4.66667, 12.33333, 3.33333], "texture": "#0"}
			}
		},
		{
			"name": "bronzespear_3",
			"from": [12.83333, 7.83333, 3.33333],
			"to": [13.5, 8.16667, 3.66667],
			"rotation": {"angle": 0, "axis": "y", "origin": [0.16667, 7.83333, -0.33333]},
			"faces": {
				"north": {"uv": [13.33333, 3.66667, 12.66667, 4], "texture": "#0"},
				"east": {"uv": [13, 3.66667, 13.33333, 4], "rotation": 90, "texture": "#0"},
				"south": {"uv": [12.66667, 3.66667, 13.33333, 4], "texture": "#0"},
				"west": {"uv": [12.66667, 3.66667, 13, 4], "rotation": 270, "texture": "#0"},
				"up": {"uv": [12.66667, 3.66667, 13.33333, 4], "texture": "#0"},
				"down": {"uv": [12.66667, 4, 13.33333, 3.66667], "texture": "#0"}
			}
		},
		{
			"name": "bronzespear_4",
			"from": [11.83333, 7.83333, 3.66667],
			"to": [12.16667, 8.16667, 4.66667],
			"rotation": {"angle": 0, "axis": "y", "origin": [0.16667, 7.83333, -0.33333]},
			"faces": {
				"north": {"uv": [12, 4, 11.66667, 4.33333], "texture": "#0"},
				"east": {"uv": [11.66667, 4, 12, 5], "rotation": 90, "texture": "#0"},
				"south": {"uv": [11.66667, 4.66667, 12, 5], "texture": "#0"},
				"west": {"uv": [11.66667, 4, 12, 5], "rotation": 270, "texture": "#0"},
				"up": {"uv": [11.66667, 4, 12, 5], "texture": "#0"},
				"down": {"uv": [11.66667, 5, 12, 4], "texture": "#0"}
			}
		},
		{
			"name": "bronzespear_5",
			"from": [12.83333, 7.83333, 3.66667],
			"to": [13.16667, 8.16667, 4],
			"rotation": {"angle": 0, "axis": "y", "origin": [0.16667, 7.83333, -0.33333]},
			"faces": {
				"north": {"uv": [13, 4, 12.66667, 4.33333], "texture": "#0"},
				"east": {"uv": [12.66667, 4, 13, 4.33333], "rotation": 90, "texture": "#0"},
				"south": {"uv": [12.66667, 4, 13, 4.33333], "texture": "#0"},
				"west": {"uv": [12.66667, 4, 13, 4.33333], "rotation": 270, "texture": "#0"},
				"up": {"uv": [12.66667, 4, 13, 4.33333], "texture": "#0"},
				"down": {"uv": [12.66667, 4.33333, 13, 4], "texture": "#0"}
			}
		},
		{
			"name": "bronzespear_6",
			"from": [11.5, 7.83333, 4],
			"to": [11.83333, 8.16667, 5],
			"rotation": {"angle": 0, "axis": "y", "origin": [0.16667, 7.83333, -0.33333]},
			"faces": {
				"north": {"uv": [11.66667, 4.33333, 11.33333, 4.66667], "texture": "#0"},
				"east": {"uv": [11.33333, 4.33333, 11.66667, 5.33333], "rotation": 90, "texture": "#0"},
				"south": {"uv": [11.33333, 5, 11.66667, 5.33333], "texture": "#0"},
				"west": {"uv": [11.33333, 4.33333, 11.66667, 5.33333], "rotation": 270, "texture": "#0"},
				"up": {"uv": [11.33333, 4.33333, 11.66667, 5.33333], "texture": "#0"},
				"down": {"uv": [11.33333, 5.33333, 11.66667, 4.33333], "texture": "#0"}
			}
		},
		{
			"name": "bronzespear_7",
			"from": [11.16667, 7.83333, 4.33333],
			"to": [11.5, 8.16667, 5.33333],
			"rotation": {"angle": 0, "axis": "y", "origin": [0.16667, 7.83333, -0.33333]},
			"faces": {
				"north": {"uv": [11.33333, 4.66667, 11, 5], "texture": "#0"},
				"east": {"uv": [11, 4.66667, 11.33333, 5.66667], "rotation": 90, "texture": "#0"},
				"south": {"uv": [11, 5.33333, 11.33333, 5.66667], "texture": "#0"},
				"west": {"uv": [11, 4.66667, 11.33333, 5.66667], "rotation": 270, "texture": "#0"},
				"up": {"uv": [11, 4.66667, 11.33333, 5.66667], "texture": "#0"},
				"down": {"uv": [11, 5.66667, 11.33333, 4.66667], "texture": "#0"}
			}
		},
		{
			"name": "bronzespear_8",
			"from": [10.83333, 7.83333, 4.66667],
			"to": [11.16667, 8.16667, 5.66667],
			"rotation": {"angle": 0, "axis": "y", "origin": [0.16667, 7.83333, -0.33333]},
			"faces": {
				"north": {"uv": [11, 5, 10.66667, 5.33333], "texture": "#0"},
				"east": {"uv": [10.66667, 5, 11, 6], "rotation": 90, "texture": "#0"},
				"south": {"uv": [10.66667, 5.66667, 11, 6], "texture": "#0"},
				"west": {"uv": [10.66667, 5, 11, 6], "rotation": 270, "texture": "#0"},
				"up": {"uv": [10.66667, 5, 11, 6], "texture": "#0"},
				"down": {"uv": [10.66667, 6, 11, 5], "texture": "#0"}
			}
		},
		{
			"name": "bronzespear_9",
			"from": [10.5, 7.83333, 5],
			"to": [10.83333, 8.16667, 6],
			"rotation": {"angle": 0, "axis": "y", "origin": [0.16667, 7.83333, -0.33333]},
			"faces": {
				"north": {"uv": [10.66667, 5.33333, 10.33333, 5.66667], "texture": "#0"},
				"east": {"uv": [10.33333, 5.33333, 10.66667, 6.33333], "rotation": 90, "texture": "#0"},
				"south": {"uv": [10.33333, 6, 10.66667, 6.33333], "texture": "#0"},
				"west": {"uv": [10.33333, 5.33333, 10.66667, 6.33333], "rotation": 270, "texture": "#0"},
				"up": {"uv": [10.33333, 5.33333, 10.66667, 6.33333], "texture": "#0"},
				"down": {"uv": [10.33333, 6.33333, 10.66667, 5.33333], "texture": "#0"}
			}
		},
		{
			"name": "bronzespear_10",
			"from": [10.16667, 7.83333, 5.33333],
			"to": [10.5, 8.16667, 6.33333],
			"rotation": {"angle": 0, "axis": "y", "origin": [0.16667, 7.83333, -0.33333]},
			"faces": {
				"north": {"uv": [10.33333, 5.66667, 10, 6], "texture": "#0"},
				"east": {"uv": [10, 5.66667, 10.33333, 6.66667], "rotation": 90, "texture": "#0"},
				"south": {"uv": [10, 6.33333, 10.33333, 6.66667], "texture": "#0"},
				"west": {"uv": [10, 5.66667, 10.33333, 6.66667], "rotation": 270, "texture": "#0"},
				"up": {"uv": [10, 5.66667, 10.33333, 6.66667], "texture": "#0"},
				"down": {"uv": [10, 6.66667, 10.33333, 5.66667], "texture": "#0"}
			}
		},
		{
			"name": "bronzespear_11",
			"from": [9.83333, 7.83333, 5.66667],
			"to": [10.16667, 8.16667, 6.66667],
			"rotation": {"angle": 0, "axis": "y", "origin": [0.16667, 7.83333, -0.33333]},
			"faces": {
				"north": {"uv": [10, 6, 9.66667, 6.33333], "texture": "#0"},
				"east": {"uv": [9.66667, 6, 10, 7], "rotation": 90, "texture": "#0"},
				"south": {"uv": [9.66667, 6.66667, 10, 7], "texture": "#0"},
				"west": {"uv": [9.66667, 6, 10, 7], "rotation": 270, "texture": "#0"},
				"up": {"uv": [9.66667, 6, 10, 7], "texture": "#0"},
				"down": {"uv": [9.66667, 7, 10, 6], "texture": "#0"}
			}
		},
		{
			"name": "bronzespear_12",
			"from": [9.5, 7.83333, 6],
			"to": [9.83333, 8.16667, 7],
			"rotation": {"angle": 0, "axis": "y", "origin": [0.16667, 7.83333, -0.33333]},
			"faces": {
				"north": {"uv": [9.66667, 6.33333, 9.33333, 6.66667], "texture": "#0"},
				"east": {"uv": [9.33333, 6.33333, 9.66667, 7.33333], "rotation": 90, "texture": "#0"},
				"south": {"uv": [9.33333, 7, 9.66667, 7.33333], "texture": "#0"},
				"west": {"uv": [9.33333, 6.33333, 9.66667, 7.33333], "rotation": 270, "texture": "#0"},
				"up": {"uv": [9.33333, 6.33333, 9.66667, 7.33333], "texture": "#0"},
				"down": {"uv": [9.33333, 7.33333, 9.66667, 6.33333], "texture": "#0"}
			}
		},
		{
			"name": "bronzespear_13",
			"from": [9.16667, 7.83333, 6.33333],
			"to": [9.5, 8.16667, 7.33333],
			"rotation": {"angle": 0, "axis": "y", "origin": [0.16667, 7.83333, -0.33333]},
			"faces": {
				"north": {"uv": [9.33333, 6.66667, 9, 7], "texture": "#0"},
				"east": {"uv": [9, 6.66667, 9.33333, 7.66667], "rotation": 90, "texture": "#0"},
				"south": {"uv": [9, 7.33333, 9.33333, 7.66667], "texture": "#0"},
				"west": {"uv": [9, 6.66667, 9.33333, 7.66667], "rotation": 270, "texture": "#0"},
				"up": {"uv": [9, 6.66667, 9.33333, 7.66667], "texture": "#0"},
				"down": {"uv": [9, 7.66667, 9.33333, 6.66667], "texture": "#0"}
			}
		},
		{
			"name": "bronzespear_14",
			"from": [8.83333, 7.83333, 6.66667],
			"to": [9.16667, 8.16667, 7.66667],
			"rotation": {"angle": 0, "axis": "y", "origin": [0.16667, 7.83333, -0.33333]},
			"faces": {
				"north": {"uv": [9, 7, 8.66667, 7.33333], "texture": "#0"},
				"east": {"uv": [8.66667, 7, 9, 8], "rotation": 90, "texture": "#0"},
				"south": {"uv": [8.66667, 7.66667, 9, 8], "texture": "#0"},
				"west": {"uv": [8.66667, 7, 9, 8], "rotation": 270, "texture": "#0"},
				"up": {"uv": [8.66667, 7, 9, 8], "texture": "#0"},
				"down": {"uv": [8.66667, 8, 9, 7], "texture": "#0"}
			}
		},
		{
			"name": "bronzespear_15",
			"from": [8.5, 7.83333, 7],
			"to": [8.83333, 8.16667, 8],
			"rotation": {"angle": 0, "axis": "y", "origin": [0.16667, 7.83333, -0.33333]},
			"faces": {
				"north": {"uv": [8.66667, 7.33333, 8.33333, 7.66667], "texture": "#0"},
				"east": {"uv": [8.33333, 7.33333, 8.66667, 8.33333], "rotation": 90, "texture": "#0"},
				"south": {"uv": [8.33333, 8, 8.66667, 8.33333], "texture": "#0"},
				"west": {"uv": [8.33333, 7.33333, 8.66667, 8.33333], "rotation": 270, "texture": "#0"},
				"up": {"uv": [8.33333, 7.33333, 8.66667, 8.33333], "texture": "#0"},
				"down": {"uv": [8.33333, 8.33333, 8.66667, 7.33333], "texture": "#0"}
			}
		},
		{
			"name": "bronzespear_16",
			"from": [8.16667, 7.83333, 7.33333],
			"to": [8.5, 8.16667, 8.33333],
			"rotation": {"angle": 0, "axis": "y", "origin": [0.16667, 7.83333, -0.33333]},
			"faces": {
				"north": {"uv": [8.33333, 7.66667, 8, 8], "texture": "#0"},
				"east": {"uv": [8, 7.66667, 8.33333, 8.66667], "rotation": 90, "texture": "#0"},
				"south": {"uv": [8, 8.33333, 8.33333, 8.66667], "texture": "#0"},
				"west": {"uv": [8, 7.66667, 8.33333, 8.66667], "rotation": 270, "texture": "#0"},
				"up": {"uv": [8, 7.66667, 8.33333, 8.66667], "texture": "#0"},
				"down": {"uv": [8, 8.66667, 8.33333, 7.66667], "texture": "#0"}
			}
		},
		{
			"name": "bronzespear_17",
			"from": [7.83333, 7.83333, 7.66667],
			"to": [8.16667, 8.16667, 8.66667],
			"rotation": {"angle": 0, "axis": "y", "origin": [0.16667, 7.83333, -0.33333]},
			"faces": {
				"north": {"uv": [8, 8, 7.66667, 8.33333], "texture": "#0"},
				"east": {"uv": [7.66667, 8, 8, 9], "rotation": 90, "texture": "#0"},
				"south": {"uv": [7.66667, 8.66667, 8, 9], "texture": "#0"},
				"west": {"uv": [7.66667, 8, 8, 9], "rotation": 270, "texture": "#0"},
				"up": {"uv": [7.66667, 8, 8, 9], "texture": "#0"},
				"down": {"uv": [7.66667, 9, 8, 8], "texture": "#0"}
			}
		},
		{
			"name": "bronzespear_18",
			"from": [7.5, 7.83333, 8],
			"to": [7.83333, 8.16667, 9],
			"rotation": {"angle": 0, "axis": "y", "origin": [0.16667, 7.83333, -0.33333]},
			"faces": {
				"north": {"uv": [7.66667, 8.33333, 7.33333, 8.66667], "texture": "#0"},
				"east": {"uv": [7.33333, 8.33333, 7.66667, 9.33333], "rotation": 90, "texture": "#0"},
				"south": {"uv": [7.33333, 9, 7.66667, 9.33333], "texture": "#0"},
				"west": {"uv": [7.33333, 8.33333, 7.66667, 9.33333], "rotation": 270, "texture": "#0"},
				"up": {"uv": [7.33333, 8.33333, 7.66667, 9.33333], "texture": "#0"},
				"down": {"uv": [7.33333, 9.33333, 7.66667, 8.33333], "texture": "#0"}
			}
		},
		{
			"name": "bronzespear_19",
			"from": [7.16667, 7.83333, 8.33333],
			"to": [7.5, 8.16667, 9.33333],
			"rotation": {"angle": 0, "axis": "y", "origin": [0.16667, 7.83333, -0.33333]},
			"faces": {
				"north": {"uv": [7.33333, 8.66667, 7, 9], "texture": "#0"},
				"east": {"uv": [7, 8.66667, 7.33333, 9.66667], "rotation": 90, "texture": "#0"},
				"south": {"uv": [7, 9.33333, 7.33333, 9.66667], "texture": "#0"},
				"west": {"uv": [7, 8.66667, 7.33333, 9.66667], "rotation": 270, "texture": "#0"},
				"up": {"uv": [7, 8.66667, 7.33333, 9.66667], "texture": "#0"},
				"down": {"uv": [7, 9.66667, 7.33333, 8.66667], "texture": "#0"}
			}
		},
		{
			"name": "bronzespear_20",
			"from": [6.83333, 7.83333, 8.66667],
			"to": [7.16667, 8.16667, 9.66667],
			"rotation": {"angle": 0, "axis": "y", "origin": [0.16667, 7.83333, -0.33333]},
			"faces": {
				"north": {"uv": [7, 9, 6.66667, 9.33333], "texture": "#0"},
				"east": {"uv": [6.66667, 9, 7, 10], "rotation": 90, "texture": "#0"},
				"south": {"uv": [6.66667, 9.66667, 7, 10], "texture": "#0"},
				"west": {"uv": [6.66667, 9, 7, 10], "rotation": 270, "texture": "#0"},
				"up": {"uv": [6.66667, 9, 7, 10], "texture": "#0"},
				"down": {"uv": [6.66667, 10, 7, 9], "texture": "#0"}
			}
		},
		{
			"name": "bronzespear_21",
			"from": [6.5, 7.83333, 9],
			"to": [6.83333, 8.16667, 10],
			"rotation": {"angle": 0, "axis": "y", "origin": [0.16667, 7.83333, -0.33333]},
			"faces": {
				"north": {"uv": [6.66667, 9.33333, 6.33333, 9.66667], "texture": "#0"},
				"east": {"uv": [6.33333, 9.33333, 6.66667, 10.33333], "rotation": 90, "texture": "#0"},
				"south": {"uv": [6.33333, 10, 6.66667, 10.33333], "texture": "#0"},
				"west": {"uv": [6.33333, 9.33333, 6.66667, 10.33333], "rotation": 270, "texture": "#0"},
				"up": {"uv": [6.33333, 9.33333, 6.66667, 10.33333], "texture": "#0"},
				"down": {"uv": [6.33333, 10.33333, 6.66667, 9.33333], "texture": "#0"}
			}
		},
		{
			"name": "bronzespear_22",
			"from": [6.16667, 7.83333, 9.33333],
			"to": [6.5, 8.16667, 10.33333],
			"rotation": {"angle": 0, "axis": "y", "origin": [0.16667, 7.83333, -0.33333]},
			"faces": {
				"north": {"uv": [6.33333, 9.66667, 6, 10], "texture": "#0"},
				"east": {"uv": [6, 9.66667, 6.33333, 10.66667], "rotation": 90, "texture": "#0"},
				"south": {"uv": [6, 10.33333, 6.33333, 10.66667], "texture": "#0"},
				"west": {"uv": [6, 9.66667, 6.33333, 10.66667], "rotation": 270, "texture": "#0"},
				"up": {"uv": [6, 9.66667, 6.33333, 10.66667], "texture": "#0"},
				"down": {"uv": [6, 10.66667, 6.33333, 9.66667], "texture": "#0"}
			}
		},
		{
			"name": "bronzespear_23",
			"from": [5.83333, 7.83333, 9.66667],
			"to": [6.16667, 8.16667, 10.66667],
			"rotation": {"angle": 0, "axis": "y", "origin": [0.16667, 7.83333, -0.33333]},
			"faces": {
				"north": {"uv": [6, 10, 5.66667, 10.33333], "texture": "#0"},
				"east": {"uv": [5.66667, 10, 6, 11], "rotation": 90, "texture": "#0"},
				"south": {"uv": [5.66667, 10.66667, 6, 11], "texture": "#0"},
				"west": {"uv": [5.66667, 10, 6, 11], "rotation": 270, "texture": "#0"},
				"up": {"uv": [5.66667, 10, 6, 11], "texture": "#0"},
				"down": {"uv": [5.66667, 11, 6, 10], "texture": "#0"}
			}
		},
		{
			"name": "bronzespear_24",
			"from": [5.5, 7.83333, 10],
			"to": [5.83333, 8.16667, 11],
			"rotation": {"angle": 0, "axis": "y", "origin": [0.16667, 7.83333, -0.33333]},
			"faces": {
				"north": {"uv": [5.66667, 10.33333, 5.33333, 10.66667], "texture": "#0"},
				"east": {"uv": [5.33333, 10.33333, 5.66667, 11.33333], "rotation": 90, "texture": "#0"},
				"south": {"uv": [5.33333, 11, 5.66667, 11.33333], "texture": "#0"},
				"west": {"uv": [5.33333, 10.33333, 5.66667, 11.33333], "rotation": 270, "texture": "#0"},
				"up": {"uv": [5.33333, 10.33333, 5.66667, 11.33333], "texture": "#0"},
				"down": {"uv": [5.33333, 11.33333, 5.66667, 10.33333], "texture": "#0"}
			}
		},
		{
			"name": "bronzespear_25",
			"from": [5.16667, 7.83333, 10.33333],
			"to": [5.5, 8.16667, 11.33333],
			"rotation": {"angle": 0, "axis": "y", "origin": [0.16667, 7.83333, -0.33333]},
			"faces": {
				"north": {"uv": [5.33333, 10.66667, 5, 11], "texture": "#0"},
				"east": {"uv": [5, 10.66667, 5.33333, 11.66667], "rotation": 90, "texture": "#0"},
				"south": {"uv": [5, 11.33333, 5.33333, 11.66667], "texture": "#0"},
				"west": {"uv": [5, 10.66667, 5.33333, 11.66667], "rotation": 270, "texture": "#0"},
				"up": {"uv": [5, 10.66667, 5.33333, 11.66667], "texture": "#0"},
				"down": {"uv": [5, 11.66667, 5.33333, 10.66667], "texture": "#0"}
			}
		},
		{
			"name": "bronzespear_26",
			"from": [4.83333, 7.83333, 10.66667],
			"to": [5.16667, 8.16667, 11.66667],
			"rotation": {"angle": 0, "axis": "y", "origin": [0.16667, 7.83333, -0.33333]},
			"faces": {
				"north": {"uv": [5, 11, 4.66667, 11.33333], "texture": "#0"},
				"east": {"uv": [4.66667, 11, 5, 12], "rotation": 90, "texture": "#0"},
				"south": {"uv": [4.66667, 11.66667, 5, 12], "texture": "#0"},
				"west": {"uv": [4.66667, 11, 5, 12], "rotation": 270, "texture": "#0"},
				"up": {"uv": [4.66667, 11, 5, 12], "texture": "#0"},
				"down": {"uv": [4.66667, 12, 5, 11], "texture": "#0"}
			}
		},
		{
			"name": "bronzespear_27",
			"from": [4.5, 7.83333, 11],
			"to": [4.83333, 8.16667, 12],
			"rotation": {"angle": 0, "axis": "y", "origin": [0.16667, 7.83333, -0.33333]},
			"faces": {
				"north": {"uv": [4.66667, 11.33333, 4.33333, 11.66667], "texture": "#0"},
				"east": {"uv": [4.33333, 11.33333, 4.66667, 12.33333], "rotation": 90, "texture": "#0"},
				"south": {"uv": [4.33333, 12, 4.66667, 12.33333], "texture": "#0"},
				"west": {"uv": [4.33333, 11.33333, 4.66667, 12.33333], "rotation": 270, "texture": "#0"},
				"up": {"uv": [4.33333, 11.33333, 4.66667, 12.33333], "texture": "#0"},
				"down": {"uv": [4.33333, 12.33333, 4.66667, 11.33333], "texture": "#0"}
			}
		},
		{
			"name": "bronzespear_28",
			"from": [4.16667, 7.83333, 11.33333],
			"to": [4.5, 8.16667, 12.33333],
			"rotation": {"angle": 0, "axis": "y", "origin": [0.16667, 7.83333, -0.33333]},
			"faces": {
				"north": {"uv": [4.33333, 11.66667, 4, 12], "texture": "#0"},
				"east": {"uv": [4, 11.66667, 4.33333, 12.66667], "rotation": 90, "texture": "#0"},
				"south": {"uv": [4, 12.33333, 4.33333, 12.66667], "texture": "#0"},
				"west": {"uv": [4, 11.66667, 4.33333, 12.66667], "rotation": 270, "texture": "#0"},
				"up": {"uv": [4, 11.66667, 4.33333, 12.66667], "texture": "#0"},
				"down": {"uv": [4, 12.66667, 4.33333, 11.66667], "texture": "#0"}
			}
		},
		{
			"name": "bronzespear_29",
			"from": [3.83333, 7.83333, 11.66667],
			"to": [4.16667, 8.16667, 12.66667],
			"rotation": {"angle": 0, "axis": "y", "origin": [0.16667, 7.83333, -0.33333]},
			"faces": {
				"north": {"uv": [4, 12, 3.66667, 12.33333], "texture": "#0"},
				"east": {"uv": [3.66667, 12, 4, 13], "rotation": 90, "texture": "#0"},
				"south": {"uv": [3.66667, 12.66667, 4, 13], "texture": "#0"},
				"west": {"uv": [3.66667, 12, 4, 13], "rotation": 270, "texture": "#0"},
				"up": {"uv": [3.66667, 12, 4, 13], "texture": "#0"},
				"down": {"uv": [3.66667, 13, 4, 12], "texture": "#0"}
			}
		},
		{
			"name": "bronzespear_30",
			"from": [3.5, 7.83333, 12],
			"to": [3.83333, 8.16667, 13],
			"rotation": {"angle": 0, "axis": "y", "origin": [0.16667, 7.83333, -0.33333]},
			"faces": {
				"north": {"uv": [3.66667, 12.33333, 3.33333, 12.66667], "texture": "#0"},
				"east": {"uv": [3.33333, 12.33333, 3.66667, 13.33333], "rotation": 90, "texture": "#0"},
				"south": {"uv": [3.33333, 13, 3.66667, 13.33333], "texture": "#0"},
				"west": {"uv": [3.33333, 12.33333, 3.66667, 13.33333], "rotation": 270, "texture": "#0"},
				"up": {"uv": [3.33333, 12.33333, 3.66667, 13.33333], "texture": "#0"},
				"down": {"uv": [3.33333, 13.33333, 3.66667, 12.33333], "texture": "#0"}
			}
		},
		{
			"name": "bronzespear_31",
			"from": [3.16667, 7.83333, 12.33333],
			"to": [3.5, 8.16667, 13.33333],
			"rotation": {"angle": 0, "axis": "y", "origin": [0.16667, 7.83333, -0.33333]},
			"faces": {
				"north": {"uv": [3.33333, 12.66667, 3, 13], "texture": "#0"},
				"east": {"uv": [3, 12.66667, 3.33333, 13.66667], "rotation": 90, "texture": "#0"},
				"south": {"uv": [3, 13.33333, 3.33333, 13.66667], "texture": "#0"},
				"west": {"uv": [3, 12.66667, 3.33333, 13.66667], "rotation": 270, "texture": "#0"},
				"up": {"uv": [3, 12.66667, 3.33333, 13.66667], "texture": "#0"},
				"down": {"uv": [3, 13.66667, 3.33333, 12.66667], "texture": "#0"}
			}
		},
		{
			"name": "bronzespear_32",
			"from": [2.83333, 7.83333, 12.66667],
			"to": [3.16667, 8.16667, 13.66667],
			"rotation": {"angle": 0, "axis": "y", "origin": [0.16667, 7.83333, -0.33333]},
			"faces": {
				"north": {"uv": [3, 13, 2.66667, 13.33333], "texture": "#0"},
				"east": {"uv": [2.66667, 13, 3, 14], "rotation": 90, "texture": "#0"},
				"south": {"uv": [2.66667, 13.66667, 3, 14], "texture": "#0"},
				"west": {"uv": [2.66667, 13, 3, 14], "rotation": 270, "texture": "#0"},
				"up": {"uv": [2.66667, 13, 3, 14], "texture": "#0"},
				"down": {"uv": [2.66667, 14, 3, 13], "texture": "#0"}
			}
		},
		{
			"name": "bronzespear_33",
			"from": [2.5, 7.83333, 13],
			"to": [2.83333, 8.16667, 13.33333],
			"rotation": {"angle": 0, "axis": "y", "origin": [0.16667, 7.83333, -0.33333]},
			"faces": {
				"north": {"uv": [2.66667, 13.33333, 2.33333, 13.66667], "texture": "#0"},
				"east": {"uv": [2.33333, 13.33333, 2.66667, 13.66667], "rotation": 90, "texture": "#0"},
				"south": {"uv": [2.33333, 13.33333, 2.66667, 13.66667], "texture": "#0"},
				"west": {"uv": [2.33333, 13.33333, 2.66667, 13.66667], "rotation": 270, "texture": "#0"},
				"up": {"uv": [2.33333, 13.33333, 2.66667, 13.66667], "texture": "#0"},
				"down": {"uv": [2.33333, 13.66667, 2.66667, 13.33333], "texture": "#0"}
			}
		}
	],
	"gui_light": "front",
	"display": {
		"thirdperson_righthand": {
			"rotation": [47, 0, 90],
			"translation": [0, 3.5, 1.25],
			"scale": [1.44, 1.44, 1.44]
		},
		"thirdperson_lefthand": {
			"rotation": [45, 0, -90],
			"translation": [0, 4, 1.25],
			"scale": [1.44, 1.44, 1.44]
		},
		"firstperson_righthand": {
			"rotation": [-24, 0, 90],
			"translation": [-0.75, 4, 5.75]
		},
		"firstperson_lefthand": {
			"rotation": [-24, 0, -90],
			"translation": [-0.75, 4, 5.5]
		},
		"ground": {
			"rotation": [-135, 0, 90],
			"translation": [0, 3.25, 0],
			"scale": [0.8, 0.8, 0.8]
		},
		"gui": {
			"rotation": [90, 0, 0],
			"scale": [1.29, 1.29, 1.29]
		},
		"fixed": {
			"rotation": [90, 0, 180],
			"translation": [0, 0.25, 0],
			"scale": [1.25, 1.25, 1.25]
		}
	},
	"groups": [
		{
			"name": "bronzespear",
			"origin": [8, 8, 8],
			"color": 0,
			"children": [0, 1, 2, 3, 4, 5, 6, 7, 8, 9, 10, 11, 12, 13, 14, 15, 16, 17, 18, 19, 20, 21, 22, 23, 24, 25, 26, 27, 28, 29, 30, 31, 32, 33]
		}
	]
}