{
	"credit": "Made with Blockbench",
	"textures": {
		"0": "item/diamondcoin",
		"particle": "item/diamondcoin"
	},
	"elements": [
		{
			"name": "diamondcoin_0",
			"from": [7.16667, 7.83333, 3.83333],
			"to": [8.83333, 8.16667, 12.16667],
			"rotation": {"angle": 0, "axis": "y", "origin": [0.16667, 7.83333, 0.83333]},
			"faces": {
				"north": {"uv": [8.66667, 3, 7, 3.33333], "texture": "#0"},
				"east": {"uv": [8.33333, 3, 8.66667, 11.33333], "rotation": 90, "texture": "#0"},
				"south": {"uv": [7, 11, 8.66667, 11.33333], "texture": "#0"},
				"west": {"uv": [7, 3, 7.33333, 11.33333], "rotation": 270, "texture": "#0"},
				"up": {"uv": [7, 3, 8.66667, 11.33333], "texture": "#0"},
				"down": {"uv": [7, 11.33333, 8.66667, 3], "texture": "#0"}
			}
		},
		{
			"name": "diamondcoin_1",
			"from": [6.16667, 7.83333, 4.16667],
			"to": [7.16667, 8.16667, 11.83333],
			"rotation": {"angle": 0, "axis": "y", "origin": [0.16667, 7.83333, 0.83333]},
			"faces": {
				"north": {"uv": [7, 3.33333, 6, 3.66667], "texture": "#0"},
				"east": {"uv": [6.66667, 3.33333, 7, 11], "rotation": 90, "texture": "#0"},
				"south": {"uv": [6, 10.66667, 7, 11], "texture": "#0"},
				"west": {"uv": [6, 3.33333, 6.33333, 11], "rotation": 270, "texture": "#0"},
				"up": {"uv": [6, 3.33333, 7, 11], "texture": "#0"},
				"down": {"uv": [6, 11, 7, 3.33333], "texture": "#0"}
			}
		},
		{
			"name": "diamondcoin_2",
			"from": [8.83333, 7.83333, 4.16667],
			"to": [9.83333, 8.16667, 11.83333],
			"rotation": {"angle": 0, "axis": "y", "origin": [0.16667, 7.83333, 0.83333]},
			"faces": {
				"north": {"uv": [9.66667, 3.33333, 8.66667, 3.66667], "texture": "#0"},
				"east": {"uv": [9.33333, 3.33333, 9.66667, 11], "rotation": 90, "texture": "#0"},
				"south": {"uv": [8.66667, 10.66667, 9.66667, 11], "texture": "#0"},
				"west": {"uv": [8.66667, 3.33333, 9, 11], "rotation": 270, "texture": "#0"},
				"up": {"uv": [8.66667, 3.33333, 9.66667, 11], "texture": "#0"},
				"down": {"uv": [8.66667, 11, 9.66667, 3.33333], "texture": "#0"}
			}
		},
		{
			"name": "diamondcoin_3",
			"from": [5.5, 7.83333, 4.5],
			"to": [6.16667, 8.16667, 11.5],
			"rotation": {"angle": 0, "axis": "y", "origin": [0.16667, 7.83333, 0.83333]},
			"faces": {
				"north": {"uv": [6, 3.66667, 5.33333, 4], "texture": "#0"},
				"east": {"uv": [5.66667, 3.66667, 6, 10.66667], "rotation": 90, "texture": "#0"},
				"south": {"uv": [5.33333, 10.33333, 6, 10.66667], "texture": "#0"},
				"west": {"uv": [5.33333, 3.66667, 5.66667, 10.66667], "rotation": 270, "texture": "#0"},
				"up": {"uv": [5.33333, 3.66667, 6, 10.66667], "texture": "#0"},
				"down": {"uv": [5.33333, 10.66667, 6, 3.66667], "texture": "#0"}
			}
		},
		{
			"name": "diamondcoin_4",
			"from": [9.83333, 7.83333, 4.5],
			"to": [10.5, 8.16667, 11.5],
			"rotation": {"angle": 0, "axis": "y", "origin": [0.16667, 7.83333, 0.83333]},
			"faces": {
				"north": {"uv": [10.33333, 3.66667, 9.66667, 4], "texture": "#0"},
				"east": {"uv": [10, 3.66667, 10.33333, 10.66667], "rotation": 90, "texture": "#0"},
				"south": {"uv": [9.66667, 10.33333, 10.33333, 10.66667], "texture": "#0"},
				"west": {"uv": [9.66667, 3.66667, 10, 10.66667], "rotation": 270, "texture": "#0"},
				"up": {"uv": [9.66667, 3.66667, 10.33333, 10.66667], "texture": "#0"},
				"down": {"uv": [9.66667, 10.66667, 10.33333, 3.66667], "texture": "#0"}
			}
		},
		{
			"name": "diamondcoin_5",
			"from": [5.16667, 7.83333, 4.83333],
			"to": [5.5, 8.16667, 11.16667],
			"rotation": {"angle": 0, "axis": "y", "origin": [0.16667, 7.83333, 0.83333]},
			"faces": {
				"north": {"uv": [5.33333, 4, 5, 4.33333], "texture": "#0"},
				"east": {"uv": [5, 4, 5.33333, 10.33333], "rotation": 90, "texture": "#0"},
				"south": {"uv": [5, 10, 5.33333, 10.33333], "texture": "#0"},
				"west": {"uv": [5, 4, 5.33333, 10.33333], "rotation": 270, "texture": "#0"},
				"up": {"uv": [5, 4, 5.33333, 10.33333], "texture": "#0"},
				"down": {"uv": [5, 10.33333, 5.33333, 4], "texture": "#0"}
			}
		},
		{
			"name": "diamondcoin_6",
			"from": [10.5, 7.83333, 4.83333],
			"to": [10.83333, 8.16667, 11.16667],
			"rotation": {"angle": 0, "axis": "y", "origin": [0.16667, 7.83333, 0.83333]},
			"faces": {
				"north": {"uv": [10.66667, 4, 10.33333, 4.33333], "texture": "#0"},
				"east": {"uv": [10.33333, 4, 10.66667, 10.33333], "rotation": 90, "texture": "#0"},
				"south": {"uv": [10.33333, 10, 10.66667, 10.33333], "texture": "#0"},
				"west": {"uv": [10.33333, 4, 10.66667, 10.33333], "rotation": 270, "texture": "#0"},
				"up": {"uv": [10.33333, 4, 10.66667, 10.33333], "texture": "#0"},
				"down": {"uv": [10.33333, 10.33333, 10.66667, 4], "texture": "#0"}
			}
		},
		{
			"name": "diamondcoin_7",
			"from": [4.83333, 7.83333, 5.16667],
			"to": [5.16667, 8.16667, 10.83333],
			"rotation": {"angle": 0, "axis": "y", "origin": [0.16667, 7.83333, 0.83333]},
			"faces": {
				"north": {"uv": [5, 4.33333, 4.66667, 4.66667], "texture": "#0"},
				"east": {"uv": [4.66667, 4.33333, 5, 10], "rotation": 90, "texture": "#0"},
				"south": {"uv": [4.66667, 9.66667, 5, 10], "texture": "#0"},
				"west": {"uv": [4.66667, 4.33333, 5, 10], "rotation": 270, "texture": "#0"},
				"up": {"uv": [4.66667, 4.33333, 5, 10], "texture": "#0"},
				"down": {"uv": [4.66667, 10, 5, 4.33333], "texture": "#0"}
			}
		},
		{
			"name": "diamondcoin_8",
			"from": [10.83333, 7.83333, 5.16667],
			"to": [11.16667, 8.16667, 10.83333],
			"rotation": {"angle": 0, "axis": "y", "origin": [0.16667, 7.83333, 0.83333]},
			"faces": {
				"north": {"uv": [11, 4.33333, 10.66667, 4.66667], "texture": "#0"},
				"east": {"uv": [10.66667, 4.33333, 11, 10], "rotation": 90, "texture": "#0"},
				"south": {"uv": [10.66667, 9.66667, 11, 10], "texture": "#0"},
				"west": {"uv": [10.66667, 4.33333, 11, 10], "rotation": 270, "texture": "#0"},
				"up": {"uv": [10.66667, 4.33333, 11, 10], "texture": "#0"},
				"down": {"uv": [10.66667, 10, 11, 4.33333], "texture": "#0"}
			}
		},
		{
			"name": "diamondcoin_9",
			"from": [4.5, 7.83333, 5.5],
			"to": [4.83333, 8.16667, 10.5],
			"rotation": {"angle": 0, "axis": "y", "origin": [0.16667, 7.83333, 0.83333]},
			"faces": {
				"north": {"uv": [4.66667, 4.66667, 4.33333, 5], "texture": "#0"},
				"east": {"uv": [4.33333, 4.66667, 4.66667, 9.66667], "rotation": 90, "texture": "#0"},
				"south": {"uv": [4.33333, 9.33333, 4.66667, 9.66667], "texture": "#0"},
				"west": {"uv": [4.33333, 4.66667, 4.66667, 9.66667], "rotation": 270, "texture": "#0"},
				"up": {"uv": [4.33333, 4.66667, 4.66667, 9.66667], "texture": "#0"},
				"down": {"uv": [4.33333, 9.66667, 4.66667, 4.66667], "texture": "#0"}
			}
		},
		{
			"name": "diamondcoin_10",
			"from": [11.16667, 7.83333, 5.5],
			"to": [11.5, 8.16667, 10.5],
			"rotation": {"angle": 0, "axis": "y", "origin": [0.16667, 7.83333, 0.83333]},
			"faces": {
				"north": {"uv": [11.33333, 4.66667, 11, 5], "texture": "#0"},
				"east": {"uv": [11, 4.66667, 11.33333, 9.66667], "rotation": 90, "texture": "#0"},
				"south": {"uv": [11, 9.33333, 11.33333, 9.66667], "texture": "#0"},
				"west": {"uv": [11, 4.66667, 11.33333, 9.66667], "rotation": 270, "texture": "#0"},
				"up": {"uv": [11, 4.66667, 11.33333, 9.66667], "texture": "#0"},
				"down": {"uv": [11, 9.66667, 11.33333, 4.66667], "texture": "#0"}
			}
		},
		{
			"name": "diamondcoin_11",
			"from": [4.16667, 7.83333, 6.16667],
			"to": [4.5, 8.16667, 9.83333],
			"rotation": {"angle": 0, "axis": "y", "origin": [0.16667, 7.83333, 0.83333]},
			"faces": {
				"north": {"uv": [4.33333, 5.33333, 4, 5.66667], "texture": "#0"},
				"east": {"uv": [4, 5.33333, 4.33333, 9], "rotation": 90, "texture": "#0"},
				"south": {"uv": [4, 8.66667, 4.33333, 9], "texture": "#0"},
				"west": {"uv": [4, 5.33333, 4.33333, 9], "rotation": 270, "texture": "#0"},
				"up": {"uv": [4, 5.33333, 4.33333, 9], "texture": "#0"},
				"down": {"uv": [4, 9, 4.33333, 5.33333], "texture": "#0"}
			}
		},
		{
			"name": "diamondcoin_12",
			"from": [11.5, 7.83333, 6.16667],
			"to": [11.83333, 8.16667, 9.83333],
			"rotation": {"angle": 0, "axis": "y", "origin": [0.16667, 7.83333, 0.83333]},
			"faces": {
				"north": {"uv": [11.66667, 5.33333, 11.33333, 5.66667], "texture": "#0"},
				"east": {"uv": [11.33333, 5.33333, 11.66667, 9], "rotation": 90, "texture": "#0"},
				"south": {"uv": [11.33333, 8.66667, 11.66667, 9], "texture": "#0"},
				"west": {"uv": [11.33333, 5.33333, 11.66667, 9], "rotation": 270, "texture": "#0"},
				"up": {"uv": [11.33333, 5.33333, 11.66667, 9], "texture": "#0"},
				"down": {"uv": [11.33333, 9, 11.66667, 5.33333], "texture": "#0"}
			}
		},
		{
			"name": "diamondcoin_13",
			"from": [3.83333, 7.83333, 7.16667],
			"to": [4.16667, 8.16667, 8.83333],
			"rotation": {"angle": 0, "axis": "y", "origin": [0.16667, 7.83333, 0.83333]},
			"faces": {
				"north": {"uv": [4, 6.33333, 3.66667, 6.66667], "texture": "#0"},
				"east": {"uv": [3.66667, 6.33333, 4, 8], "rotation": 90, "texture": "#0"},
				"south": {"uv": [3.66667, 7.66667, 4, 8], "texture": "#0"},
				"west": {"uv": [3.66667, 6.33333, 4, 8], "rotation": 270, "texture": "#0"},
				"up": {"uv": [3.66667, 6.33333, 4, 8], "texture": "#0"},
				"down": {"uv": [3.66667, 8, 4, 6.33333], "texture": "#0"}
			}
		},
		{
			"name": "diamondcoin_14",
			"from": [11.83333, 7.83333, 7.16667],
			"to": [12.16667, 8.16667, 8.83333],
			"rotation": {"angle": 0, "axis": "y", "origin": [0.16667, 7.83333, 0.83333]},
			"faces": {
				"north": {"uv": [12, 6.33333, 11.66667, 6.66667], "texture": "#0"},
				"east": {"uv": [11.66667, 6.33333, 12, 8], "rotation": 90, "texture": "#0"},
				"south": {"uv": [11.66667, 7.66667, 12, 8], "texture": "#0"},
				"west": {"uv": [11.66667, 6.33333, 12, 8], "rotation": 270, "texture": "#0"},
				"up": {"uv": [11.66667, 6.33333, 12, 8], "texture": "#0"},
				"down": {"uv": [11.66667, 8, 12, 6.33333], "texture": "#0"}
			}
		}
	],
	"gui_light": "front",
	"display": {
		"thirdperson_righthand": {
			"rotation": [75, 0, 0],
			"translation": [0, 0.75, 0.25],
			"scale": [0.36, 0.36, 0.36]
		},
		"thirdperson_lefthand": {
			"rotation": [75, 0, 0],
			"translation": [0, 0.75, 0.25],
			"scale": [0.36, 0.36, 0.36]
		},
		"firstperson_righthand": {
			"rotation": [88, 0, 33],
			"translation": [-2.25, 4.75, 4.5],
			"scale": [0.43, 0.43, 0.43]
		},
		"firstperson_lefthand": {
			"rotation": [88, 0, 33],
			"translation": [-2.25, 4.75, 4.5],
			"scale": [0.43, 0.43, 0.43]
		},
		"ground": {
			"rotation": [90, 0, 0],
			"translation": [0, 2.25, 0],
			"scale": [0.51, 0.51, 0.51]
		},
		"gui": {
			"rotation": [90, 0, 0],
			"scale": [1.25, 1.25, 1.25]
		},
		"fixed": {
			"rotation": [90, 0, 0],
			"scale": [1.13, 1.13, 1.13]
		}
	},
	"groups": [
		{
			"name": "diamondcoin",
			"origin": [8, 8, 8],
			"color": 0,
			"children": [0, 1, 2, 3, 4, 5, 6, 7, 8, 9, 10, 11, 12, 13, 14]
		}
	]
}