{
	"credit": "Made with Blockbench",
	"textures": {
		"2": "item/diamondglaive"
	},
	"elements": [
		{
			"name": "diamondglaive_0",
			"from": [13, 8, 1.83333],
			"to": [14, 8.33333, 2.83333],
			"rotation": {"angle": 0, "axis": "y", "origin": [-0.66667, 8, 0.16667]},
			"faces": {
				"north": {"uv": [14.66667, 1.66667, 13.66667, 2], "texture": "#2"},
				"east": {"uv": [14.33333, 1.66667, 14.66667, 2.66667], "rotation": 90, "texture": "#2"},
				"south": {"uv": [13.66667, 2.33333, 14.66667, 2.66667], "texture": "#2"},
				"west": {"uv": [13.66667, 1.66667, 14, 2.66667], "rotation": 270, "texture": "#2"},
				"up": {"uv": [13.66667, 1.66667, 14.66667, 2.66667], "texture": "#2"},
				"down": {"uv": [13.66667, 2.66667, 14.66667, 1.66667], "texture": "#2"}
			}
		},
		{
			"name": "diamondglaive_1",
			"from": [12.66667, 8, 2.16667],
			"to": [13, 8.33333, 3.83333],
			"rotation": {"angle": 0, "axis": "y", "origin": [-0.66667, 8, 0.16667]},
			"faces": {
				"north": {"uv": [13.66667, 2, 13.33333, 2.33333], "texture": "#2"},
				"east": {"uv": [13.33333, 2, 13.66667, 3.66667], "rotation": 90, "texture": "#2"},
				"south": {"uv": [13.33333, 3.33333, 13.66667, 3.66667], "texture": "#2"},
				"west": {"uv": [13.33333, 2, 13.66667, 3.66667], "rotation": 270, "texture": "#2"},
				"up": {"uv": [13.33333, 2, 13.66667, 3.66667], "texture": "#2"},
				"down": {"uv": [13.33333, 3.66667, 13.66667, 2], "texture": "#2"}
			}
		},
		{
			"name": "diamondglaive_2",
			"from": [14, 8, 2.16667],
			"to": [14.33333, 8.33333, 2.5],
			"rotation": {"angle": 0, "axis": "y", "origin": [-0.66667, 8, 0.16667]},
			"faces": {
				"north": {"uv": [15, 2, 14.66667, 2.33333], "texture": "#2"},
				"east": {"uv": [14.66667, 2, 15, 2.33333], "rotation": 90, "texture": "#2"},
				"south": {"uv": [14.66667, 2, 15, 2.33333], "texture": "#2"},
				"west": {"uv": [14.66667, 2, 15, 2.33333], "rotation": 270, "texture": "#2"},
				"up": {"uv": [14.66667, 2, 15, 2.33333], "texture": "#2"},
				"down": {"uv": [14.66667, 2.33333, 15, 2], "texture": "#2"}
			}
		},
		{
			"name": "diamondglaive_3",
			"from": [12.33333, 8, 2.5],
			"to": [12.66667, 8.33333, 4.16667],
			"rotation": {"angle": 0, "axis": "y", "origin": [-0.66667, 8, 0.16667]},
			"faces": {
				"north": {"uv": [13.33333, 2.33333, 13, 2.66667], "texture": "#2"},
				"east": {"uv": [13, 2.33333, 13.33333, 4], "rotation": 90, "texture": "#2"},
				"south": {"uv": [13, 3.66667, 13.33333, 4], "texture": "#2"},
				"west": {"uv": [13, 2.33333, 13.33333, 4], "rotation": 270, "texture": "#2"},
				"up": {"uv": [13, 2.33333, 13.33333, 4], "texture": "#2"},
				"down": {"uv": [13, 4, 13.33333, 2.33333], "texture": "#2"}
			}
		},
		{
			"name": "diamondglaive_4",
			"from": [12, 8, 2.83333],
			"to": [12.33333, 8.33333, 4.5],
			"rotation": {"angle": 0, "axis": "y", "origin": [-0.66667, 8, 0.16667]},
			"faces": {
				"north": {"uv": [13, 2.66667, 12.66667, 3], "texture": "#2"},
				"east": {"uv": [12.66667, 2.66667, 13, 4.33333], "rotation": 90, "texture": "#2"},
				"south": {"uv": [12.66667, 4, 13, 4.33333], "texture": "#2"},
				"west": {"uv": [12.66667, 2.66667, 13, 4.33333], "rotation": 270, "texture": "#2"},
				"up": {"uv": [12.66667, 2.66667, 13, 4.33333], "texture": "#2"},
				"down": {"uv": [12.66667, 4.33333, 13, 2.66667], "texture": "#2"}
			}
		},
		{
			"name": "diamondglaive_5",
			"from": [13, 8, 2.83333],
			"to": [13.66667, 8.33333, 3.16667],
			"rotation": {"angle": 0, "axis": "y", "origin": [-0.66667, 8, 0.16667]},
			"faces": {
				"north": {"uv": [14.33333, 2.66667, 13.66667, 3], "texture": "#2"},
				"east": {"uv": [14, 2.66667, 14.33333, 3], "rotation": 90, "texture": "#2"},
				"south": {"uv": [13.66667, 2.66667, 14.33333, 3], "texture": "#2"},
				"west": {"uv": [13.66667, 2.66667, 14, 3], "rotation": 270, "texture": "#2"},
				"up": {"uv": [13.66667, 2.66667, 14.33333, 3], "texture": "#2"},
				"down": {"uv": [13.66667, 3, 14.33333, 2.66667], "texture": "#2"}
			}
		},
		{
			"name": "diamondglaive_6",
			"from": [11.66667, 8, 3.16667],
			"to": [12, 8.33333, 4.5],
			"rotation": {"angle": 0, "axis": "y", "origin": [-0.66667, 8, 0.16667]},
			"faces": {
				"north": {"uv": [12.66667, 3, 12.33333, 3.33333], "texture": "#2"},
				"east": {"uv": [12.33333, 3, 12.66667, 4.33333], "rotation": 90, "texture": "#2"},
				"south": {"uv": [12.33333, 4, 12.66667, 4.33333], "texture": "#2"},
				"west": {"uv": [12.33333, 3, 12.66667, 4.33333], "rotation": 270, "texture": "#2"},
				"up": {"uv": [12.33333, 3, 12.66667, 4.33333], "texture": "#2"},
				"down": {"uv": [12.33333, 4.33333, 12.66667, 3], "texture": "#2"}
			}
		},
		{
			"name": "diamondglaive_7",
			"from": [13, 8, 3.16667],
			"to": [13.33333, 8.33333, 3.5],
			"rotation": {"angle": 0, "axis": "y", "origin": [-0.66667, 8, 0.16667]},
			"faces": {
				"north": {"uv": [14, 3, 13.66667, 3.33333], "texture": "#2"},
				"east": {"uv": [13.66667, 3, 14, 3.33333], "rotation": 90, "texture": "#2"},
				"south": {"uv": [13.66667, 3, 14, 3.33333], "texture": "#2"},
				"west": {"uv": [13.66667, 3, 14, 3.33333], "rotation": 270, "texture": "#2"},
				"up": {"uv": [13.66667, 3, 14, 3.33333], "texture": "#2"},
				"down": {"uv": [13.66667, 3.33333, 14, 3], "texture": "#2"}
			}
		},
		{
			"name": "diamondglaive_8",
			"from": [11.33333, 8, 3.5],
			"to": [11.66667, 8.33333, 4.83333],
			"rotation": {"angle": 0, "axis": "y", "origin": [-0.66667, 8, 0.16667]},
			"faces": {
				"north": {"uv": [12.33333, 3.33333, 12, 3.66667], "texture": "#2"},
				"east": {"uv": [12, 3.33333, 12.33333, 4.66667], "rotation": 90, "texture": "#2"},
				"south": {"uv": [12, 4.33333, 12.33333, 4.66667], "texture": "#2"},
				"west": {"uv": [12, 3.33333, 12.33333, 4.66667], "rotation": 270, "texture": "#2"},
				"up": {"uv": [12, 3.33333, 12.33333, 4.66667], "texture": "#2"},
				"down": {"uv": [12, 4.66667, 12.33333, 3.33333], "texture": "#2"}
			}
		},
		{
			"name": "diamondglaive_9",
			"from": [11, 8, 4.16667],
			"to": [11.33333, 8.33333, 5.16667],
			"rotation": {"angle": 0, "axis": "y", "origin": [-0.66667, 8, 0.16667]},
			"faces": {
				"north": {"uv": [12, 4, 11.66667, 4.33333], "texture": "#2"},
				"east": {"uv": [11.66667, 4, 12, 5], "rotation": 90, "texture": "#2"},
				"south": {"uv": [11.66667, 4.66667, 12, 5], "texture": "#2"},
				"west": {"uv": [11.66667, 4, 12, 5], "rotation": 270, "texture": "#2"},
				"up": {"uv": [11.66667, 4, 12, 5], "texture": "#2"},
				"down": {"uv": [11.66667, 5, 12, 4], "texture": "#2"}
			}
		},
		{
			"name": "diamondglaive_10",
			"from": [10.66667, 8, 4.5],
			"to": [11, 8.33333, 5.5],
			"rotation": {"angle": 0, "axis": "y", "origin": [-0.66667, 8, 0.16667]},
			"faces": {
				"north": {"uv": [11.66667, 4.33333, 11.33333, 4.66667], "texture": "#2"},
				"east": {"uv": [11.33333, 4.33333, 11.66667, 5.33333], "rotation": 90, "texture": "#2"},
				"south": {"uv": [11.33333, 5, 11.66667, 5.33333], "texture": "#2"},
				"west": {"uv": [11.33333, 4.33333, 11.66667, 5.33333], "rotation": 270, "texture": "#2"},
				"up": {"uv": [11.33333, 4.33333, 11.66667, 5.33333], "texture": "#2"},
				"down": {"uv": [11.33333, 5.33333, 11.66667, 4.33333], "texture": "#2"}
			}
		},
		{
			"name": "diamondglaive_11",
			"from": [10.33333, 8, 4.83333],
			"to": [10.66667, 8.33333, 5.83333],
			"rotation": {"angle": 0, "axis": "y", "origin": [-0.66667, 8, 0.16667]},
			"faces": {
				"north": {"uv": [11.33333, 4.66667, 11, 5], "texture": "#2"},
				"east": {"uv": [11, 4.66667, 11.33333, 5.66667], "rotation": 90, "texture": "#2"},
				"south": {"uv": [11, 5.33333, 11.33333, 5.66667], "texture": "#2"},
				"west": {"uv": [11, 4.66667, 11.33333, 5.66667], "rotation": 270, "texture": "#2"},
				"up": {"uv": [11, 4.66667, 11.33333, 5.66667], "texture": "#2"},
				"down": {"uv": [11, 5.66667, 11.33333, 4.66667], "texture": "#2"}
			}
		},
		{
			"name": "diamondglaive_12",
			"from": [10, 8, 5.16667],
			"to": [10.33333, 8.33333, 6.16667],
			"rotation": {"angle": 0, "axis": "y", "origin": [-0.66667, 8, 0.16667]},
			"faces": {
				"north": {"uv": [11, 5, 10.66667, 5.33333], "texture": "#2"},
				"east": {"uv": [10.66667, 5, 11, 6], "rotation": 90, "texture": "#2"},
				"south": {"uv": [10.66667, 5.66667, 11, 6], "texture": "#2"},
				"west": {"uv": [10.66667, 5, 11, 6], "rotation": 270, "texture": "#2"},
				"up": {"uv": [10.66667, 5, 11, 6], "texture": "#2"},
				"down": {"uv": [10.66667, 6, 11, 5], "texture": "#2"}
			}
		},
		{
			"name": "diamondglaive_13",
			"from": [9.66667, 8, 5.5],
			"to": [10, 8.33333, 6.5],
			"rotation": {"angle": 0, "axis": "y", "origin": [-0.66667, 8, 0.16667]},
			"faces": {
				"north": {"uv": [10.66667, 5.33333, 10.33333, 5.66667], "texture": "#2"},
				"east": {"uv": [10.33333, 5.33333, 10.66667, 6.33333], "rotation": 90, "texture": "#2"},
				"south": {"uv": [10.33333, 6, 10.66667, 6.33333], "texture": "#2"},
				"west": {"uv": [10.33333, 5.33333, 10.66667, 6.33333], "rotation": 270, "texture": "#2"},
				"up": {"uv": [10.33333, 5.33333, 10.66667, 6.33333], "texture": "#2"},
				"down": {"uv": [10.33333, 6.33333, 10.66667, 5.33333], "texture": "#2"}
			}
		},
		{
			"name": "diamondglaive_14",
			"from": [9.33333, 8, 5.83333],
			"to": [9.66667, 8.33333, 6.83333],
			"rotation": {"angle": 0, "axis": "y", "origin": [-0.66667, 8, 0.16667]},
			"faces": {
				"north": {"uv": [10.33333, 5.66667, 10, 6], "texture": "#2"},
				"east": {"uv": [10, 5.66667, 10.33333, 6.66667], "rotation": 90, "texture": "#2"},
				"south": {"uv": [10, 6.33333, 10.33333, 6.66667], "texture": "#2"},
				"west": {"uv": [10, 5.66667, 10.33333, 6.66667], "rotation": 270, "texture": "#2"},
				"up": {"uv": [10, 5.66667, 10.33333, 6.66667], "texture": "#2"},
				"down": {"uv": [10, 6.66667, 10.33333, 5.66667], "texture": "#2"}
			}
		},
		{
			"name": "diamondglaive_15",
			"from": [9, 8, 6.16667],
			"to": [9.33333, 8.33333, 7.16667],
			"rotation": {"angle": 0, "axis": "y", "origin": [-0.66667, 8, 0.16667]},
			"faces": {
				"north": {"uv": [10, 6, 9.66667, 6.33333], "texture": "#2"},
				"east": {"uv": [9.66667, 6, 10, 7], "rotation": 90, "texture": "#2"},
				"south": {"uv": [9.66667, 6.66667, 10, 7], "texture": "#2"},
				"west": {"uv": [9.66667, 6, 10, 7], "rotation": 270, "texture": "#2"},
				"up": {"uv": [9.66667, 6, 10, 7], "texture": "#2"},
				"down": {"uv": [9.66667, 7, 10, 6], "texture": "#2"}
			}
		},
		{
			"name": "diamondglaive_16",
			"from": [8.66667, 8, 6.5],
			"to": [9, 8.33333, 7.5],
			"rotation": {"angle": 0, "axis": "y", "origin": [-0.66667, 8, 0.16667]},
			"faces": {
				"north": {"uv": [9.66667, 6.33333, 9.33333, 6.66667], "texture": "#2"},
				"east": {"uv": [9.33333, 6.33333, 9.66667, 7.33333], "rotation": 90, "texture": "#2"},
				"south": {"uv": [9.33333, 7, 9.66667, 7.33333], "texture": "#2"},
				"west": {"uv": [9.33333, 6.33333, 9.66667, 7.33333], "rotation": 270, "texture": "#2"},
				"up": {"uv": [9.33333, 6.33333, 9.66667, 7.33333], "texture": "#2"},
				"down": {"uv": [9.33333, 7.33333, 9.66667, 6.33333], "texture": "#2"}
			}
		},
		{
			"name": "diamondglaive_17",
			"from": [8.33333, 8, 6.83333],
			"to": [8.66667, 8.33333, 7.83333],
			"rotation": {"angle": 0, "axis": "y", "origin": [-0.66667, 8, 0.16667]},
			"faces": {
				"north": {"uv": [9.33333, 6.66667, 9, 7], "texture": "#2"},
				"east": {"uv": [9, 6.66667, 9.33333, 7.66667], "rotation": 90, "texture": "#2"},
				"south": {"uv": [9, 7.33333, 9.33333, 7.66667], "texture": "#2"},
				"west": {"uv": [9, 6.66667, 9.33333, 7.66667], "rotation": 270, "texture": "#2"},
				"up": {"uv": [9, 6.66667, 9.33333, 7.66667], "texture": "#2"},
				"down": {"uv": [9, 7.66667, 9.33333, 6.66667], "texture": "#2"}
			}
		},
		{
			"name": "diamondglaive_18",
			"from": [8, 8, 7.16667],
			"to": [8.33333, 8.33333, 8.16667],
			"rotation": {"angle": 0, "axis": "y", "origin": [-0.66667, 8, 0.16667]},
			"faces": {
				"north": {"uv": [9, 7, 8.66667, 7.33333], "texture": "#2"},
				"east": {"uv": [8.66667, 7, 9, 8], "rotation": 90, "texture": "#2"},
				"south": {"uv": [8.66667, 7.66667, 9, 8], "texture": "#2"},
				"west": {"uv": [8.66667, 7, 9, 8], "rotation": 270, "texture": "#2"},
				"up": {"uv": [8.66667, 7, 9, 8], "texture": "#2"},
				"down": {"uv": [8.66667, 8, 9, 7], "texture": "#2"}
			}
		},
		{
			"name": "diamondglaive_19",
			"from": [7.66667, 8, 7.5],
			"to": [8, 8.33333, 8.5],
			"rotation": {"angle": 0, "axis": "y", "origin": [-0.66667, 8, 0.16667]},
			"faces": {
				"north": {"uv": [8.66667, 7.33333, 8.33333, 7.66667], "texture": "#2"},
				"east": {"uv": [8.33333, 7.33333, 8.66667, 8.33333], "rotation": 90, "texture": "#2"},
				"south": {"uv": [8.33333, 8, 8.66667, 8.33333], "texture": "#2"},
				"west": {"uv": [8.33333, 7.33333, 8.66667, 8.33333], "rotation": 270, "texture": "#2"},
				"up": {"uv": [8.33333, 7.33333, 8.66667, 8.33333], "texture": "#2"},
				"down": {"uv": [8.33333, 8.33333, 8.66667, 7.33333], "texture": "#2"}
			}
		},
		{
			"name": "diamondglaive_20",
			"from": [7.33333, 8, 7.83333],
			"to": [7.66667, 8.33333, 8.83333],
			"rotation": {"angle": 0, "axis": "y", "origin": [-0.66667, 8, 0.16667]},
			"faces": {
				"north": {"uv": [8.33333, 7.66667, 8, 8], "texture": "#2"},
				"east": {"uv": [8, 7.66667, 8.33333, 8.66667], "rotation": 90, "texture": "#2"},
				"south": {"uv": [8, 8.33333, 8.33333, 8.66667], "texture": "#2"},
				"west": {"uv": [8, 7.66667, 8.33333, 8.66667], "rotation": 270, "texture": "#2"},
				"up": {"uv": [8, 7.66667, 8.33333, 8.66667], "texture": "#2"},
				"down": {"uv": [8, 8.66667, 8.33333, 7.66667], "texture": "#2"}
			}
		},
		{
			"name": "diamondglaive_21",
			"from": [7, 8, 8.16667],
			"to": [7.33333, 8.33333, 9.16667],
			"rotation": {"angle": 0, "axis": "y", "origin": [-0.66667, 8, 0.16667]},
			"faces": {
				"north": {"uv": [8, 8, 7.66667, 8.33333], "texture": "#2"},
				"east": {"uv": [7.66667, 8, 8, 9], "rotation": 90, "texture": "#2"},
				"south": {"uv": [7.66667, 8.66667, 8, 9], "texture": "#2"},
				"west": {"uv": [7.66667, 8, 8, 9], "rotation": 270, "texture": "#2"},
				"up": {"uv": [7.66667, 8, 8, 9], "texture": "#2"},
				"down": {"uv": [7.66667, 9, 8, 8], "texture": "#2"}
			}
		},
		{
			"name": "diamondglaive_22",
			"from": [6.66667, 8, 8.5],
			"to": [7, 8.33333, 9.5],
			"rotation": {"angle": 0, "axis": "y", "origin": [-0.66667, 8, 0.16667]},
			"faces": {
				"north": {"uv": [7.66667, 8.33333, 7.33333, 8.66667], "texture": "#2"},
				"east": {"uv": [7.33333, 8.33333, 7.66667, 9.33333], "rotation": 90, "texture": "#2"},
				"south": {"uv": [7.33333, 9, 7.66667, 9.33333], "texture": "#2"},
				"west": {"uv": [7.33333, 8.33333, 7.66667, 9.33333], "rotation": 270, "texture": "#2"},
				"up": {"uv": [7.33333, 8.33333, 7.66667, 9.33333], "texture": "#2"},
				"down": {"uv": [7.33333, 9.33333, 7.66667, 8.33333], "texture": "#2"}
			}
		},
		{
			"name": "diamondglaive_23",
			"from": [6.33333, 8, 8.83333],
			"to": [6.66667, 8.33333, 9.83333],
			"rotation": {"angle": 0, "axis": "y", "origin": [-0.66667, 8, 0.16667]},
			"faces": {
				"north": {"uv": [7.33333, 8.66667, 7, 9], "texture": "#2"},
				"east": {"uv": [7, 8.66667, 7.33333, 9.66667], "rotation": 90, "texture": "#2"},
				"south": {"uv": [7, 9.33333, 7.33333, 9.66667], "texture": "#2"},
				"west": {"uv": [7, 8.66667, 7.33333, 9.66667], "rotation": 270, "texture": "#2"},
				"up": {"uv": [7, 8.66667, 7.33333, 9.66667], "texture": "#2"},
				"down": {"uv": [7, 9.66667, 7.33333, 8.66667], "texture": "#2"}
			}
		},
		{
			"name": "diamondglaive_24",
			"from": [6, 8, 9.16667],
			"to": [6.33333, 8.33333, 10.16667],
			"rotation": {"angle": 0, "axis": "y", "origin": [-0.66667, 8, 0.16667]},
			"faces": {
				"north": {"uv": [7, 9, 6.66667, 9.33333], "texture": "#2"},
				"east": {"uv": [6.66667, 9, 7, 10], "rotation": 90, "texture": "#2"},
				"south": {"uv": [6.66667, 9.66667, 7, 10], "texture": "#2"},
				"west": {"uv": [6.66667, 9, 7, 10], "rotation": 270, "texture": "#2"},
				"up": {"uv": [6.66667, 9, 7, 10], "texture": "#2"},
				"down": {"uv": [6.66667, 10, 7, 9], "texture": "#2"}
			}
		},
		{
			"name": "diamondglaive_25",
			"from": [5.66667, 8, 9.5],
			"to": [6, 8.33333, 10.5],
			"rotation": {"angle": 0, "axis": "y", "origin": [-0.66667, 8, 0.16667]},
			"faces": {
				"north": {"uv": [6.66667, 9.33333, 6.33333, 9.66667], "texture": "#2"},
				"east": {"uv": [6.33333, 9.33333, 6.66667, 10.33333], "rotation": 90, "texture": "#2"},
				"south": {"uv": [6.33333, 10, 6.66667, 10.33333], "texture": "#2"},
				"west": {"uv": [6.33333, 9.33333, 6.66667, 10.33333], "rotation": 270, "texture": "#2"},
				"up": {"uv": [6.33333, 9.33333, 6.66667, 10.33333], "texture": "#2"},
				"down": {"uv": [6.33333, 10.33333, 6.66667, 9.33333], "texture": "#2"}
			}
		},
		{
			"name": "diamondglaive_26",
			"from": [5.33333, 8, 9.83333],
			"to": [5.66667, 8.33333, 10.83333],
			"rotation": {"angle": 0, "axis": "y", "origin": [-0.66667, 8, 0.16667]},
			"faces": {
				"north": {"uv": [6.33333, 9.66667, 6, 10], "texture": "#2"},
				"east": {"uv": [6, 9.66667, 6.33333, 10.66667], "rotation": 90, "texture": "#2"},
				"south": {"uv": [6, 10.33333, 6.33333, 10.66667], "texture": "#2"},
				"west": {"uv": [6, 9.66667, 6.33333, 10.66667], "rotation": 270, "texture": "#2"},
				"up": {"uv": [6, 9.66667, 6.33333, 10.66667], "texture": "#2"},
				"down": {"uv": [6, 10.66667, 6.33333, 9.66667], "texture": "#2"}
			}
		},
		{
			"name": "diamondglaive_27",
			"from": [5, 8, 10.16667],
			"to": [5.33333, 8.33333, 11.16667],
			"rotation": {"angle": 0, "axis": "y", "origin": [-0.66667, 8, 0.16667]},
			"faces": {
				"north": {"uv": [6, 10, 5.66667, 10.33333], "texture": "#2"},
				"east": {"uv": [5.66667, 10, 6, 11], "rotation": 90, "texture": "#2"},
				"south": {"uv": [5.66667, 10.66667, 6, 11], "texture": "#2"},
				"west": {"uv": [5.66667, 10, 6, 11], "rotation": 270, "texture": "#2"},
				"up": {"uv": [5.66667, 10, 6, 11], "texture": "#2"},
				"down": {"uv": [5.66667, 11, 6, 10], "texture": "#2"}
			}
		},
		{
			"name": "diamondglaive_28",
			"from": [4.66667, 8, 10.5],
			"to": [5, 8.33333, 11.5],
			"rotation": {"angle": 0, "axis": "y", "origin": [-0.66667, 8, 0.16667]},
			"faces": {
				"north": {"uv": [5.66667, 10.33333, 5.33333, 10.66667], "texture": "#2"},
				"east": {"uv": [5.33333, 10.33333, 5.66667, 11.33333], "rotation": 90, "texture": "#2"},
				"south": {"uv": [5.33333, 11, 5.66667, 11.33333], "texture": "#2"},
				"west": {"uv": [5.33333, 10.33333, 5.66667, 11.33333], "rotation": 270, "texture": "#2"},
				"up": {"uv": [5.33333, 10.33333, 5.66667, 11.33333], "texture": "#2"},
				"down": {"uv": [5.33333, 11.33333, 5.66667, 10.33333], "texture": "#2"}
			}
		},
		{
			"name": "diamondglaive_29",
			"from": [4.33333, 8, 10.83333],
			"to": [4.66667, 8.33333, 11.83333],
			"rotation": {"angle": 0, "axis": "y", "origin": [-0.66667, 8, 0.16667]},
			"faces": {
				"north": {"uv": [5.33333, 10.66667, 5, 11], "texture": "#2"},
				"east": {"uv": [5, 10.66667, 5.33333, 11.66667], "rotation": 90, "texture": "#2"},
				"south": {"uv": [5, 11.33333, 5.33333, 11.66667], "texture": "#2"},
				"west": {"uv": [5, 10.66667, 5.33333, 11.66667], "rotation": 270, "texture": "#2"},
				"up": {"uv": [5, 10.66667, 5.33333, 11.66667], "texture": "#2"},
				"down": {"uv": [5, 11.66667, 5.33333, 10.66667], "texture": "#2"}
			}
		},
		{
			"name": "diamondglaive_30",
			"from": [4, 8, 11.16667],
			"to": [4.33333, 8.33333, 12.16667],
			"rotation": {"angle": 0, "axis": "y", "origin": [-0.66667, 8, 0.16667]},
			"faces": {
				"north": {"uv": [5, 11, 4.66667, 11.33333], "texture": "#2"},
				"east": {"uv": [4.66667, 11, 5, 12], "rotation": 90, "texture": "#2"},
				"south": {"uv": [4.66667, 11.66667, 5, 12], "texture": "#2"},
				"west": {"uv": [4.66667, 11, 5, 12], "rotation": 270, "texture": "#2"},
				"up": {"uv": [4.66667, 11, 5, 12], "texture": "#2"},
				"down": {"uv": [4.66667, 12, 5, 11], "texture": "#2"}
			}
		},
		{
			"name": "diamondglaive_31",
			"from": [3.66667, 8, 11.5],
			"to": [4, 8.33333, 12.5],
			"rotation": {"angle": 0, "axis": "y", "origin": [-0.66667, 8, 0.16667]},
			"faces": {
				"north": {"uv": [4.66667, 11.33333, 4.33333, 11.66667], "texture": "#2"},
				"east": {"uv": [4.33333, 11.33333, 4.66667, 12.33333], "rotation": 90, "texture": "#2"},
				"south": {"uv": [4.33333, 12, 4.66667, 12.33333], "texture": "#2"},
				"west": {"uv": [4.33333, 11.33333, 4.66667, 12.33333], "rotation": 270, "texture": "#2"},
				"up": {"uv": [4.33333, 11.33333, 4.66667, 12.33333], "texture": "#2"},
				"down": {"uv": [4.33333, 12.33333, 4.66667, 11.33333], "texture": "#2"}
			}
		},
		{
			"name": "diamondglaive_32",
			"from": [3.33333, 8, 11.83333],
			"to": [3.66667, 8.33333, 12.83333],
			"rotation": {"angle": 0, "axis": "y", "origin": [-0.66667, 8, 0.16667]},
			"faces": {
				"north": {"uv": [4.33333, 11.66667, 4, 12], "texture": "#2"},
				"east": {"uv": [4, 11.66667, 4.33333, 12.66667], "rotation": 90, "texture": "#2"},
				"south": {"uv": [4, 12.33333, 4.33333, 12.66667], "texture": "#2"},
				"west": {"uv": [4, 11.66667, 4.33333, 12.66667], "rotation": 270, "texture": "#2"},
				"up": {"uv": [4, 11.66667, 4.33333, 12.66667], "texture": "#2"},
				"down": {"uv": [4, 12.66667, 4.33333, 11.66667], "texture": "#2"}
			}
		},
		{
			"name": "diamondglaive_33",
			"from": [3, 8, 12.16667],
			"to": [3.33333, 8.33333, 13.16667],
			"rotation": {"angle": 0, "axis": "y", "origin": [-0.66667, 8, 0.16667]},
			"faces": {
				"north": {"uv": [4, 12, 3.66667, 12.33333], "texture": "#2"},
				"east": {"uv": [3.66667, 12, 4, 13], "rotation": 90, "texture": "#2"},
				"south": {"uv": [3.66667, 12.66667, 4, 13], "texture": "#2"},
				"west": {"uv": [3.66667, 12, 4, 13], "rotation": 270, "texture": "#2"},
				"up": {"uv": [3.66667, 12, 4, 13], "texture": "#2"},
				"down": {"uv": [3.66667, 13, 4, 12], "texture": "#2"}
			}
		},
		{
			"name": "diamondglaive_34",
			"from": [2.66667, 8, 12.5],
			"to": [3, 8.33333, 13.5],
			"rotation": {"angle": 0, "axis": "y", "origin": [-0.66667, 8, 0.16667]},
			"faces": {
				"north": {"uv": [3.66667, 12.33333, 3.33333, 12.66667], "texture": "#2"},
				"east": {"uv": [3.33333, 12.33333, 3.66667, 13.33333], "rotation": 90, "texture": "#2"},
				"south": {"uv": [3.33333, 13, 3.66667, 13.33333], "texture": "#2"},
				"west": {"uv": [3.33333, 12.33333, 3.66667, 13.33333], "rotation": 270, "texture": "#2"},
				"up": {"uv": [3.33333, 12.33333, 3.66667, 13.33333], "texture": "#2"},
				"down": {"uv": [3.33333, 13.33333, 3.66667, 12.33333], "texture": "#2"}
			}
		},
		{
			"name": "diamondglaive_35",
			"from": [2.33333, 8, 12.83333],
			"to": [2.66667, 8.33333, 13.83333],
			"rotation": {"angle": 0, "axis": "y", "origin": [-0.66667, 8, 0.16667]},
			"faces": {
				"north": {"uv": [3.33333, 12.66667, 3, 13], "texture": "#2"},
				"east": {"uv": [3, 12.66667, 3.33333, 13.66667], "rotation": 90, "texture": "#2"},
				"south": {"uv": [3, 13.33333, 3.33333, 13.66667], "texture": "#2"},
				"west": {"uv": [3, 12.66667, 3.33333, 13.66667], "rotation": 270, "texture": "#2"},
				"up": {"uv": [3, 12.66667, 3.33333, 13.66667], "texture": "#2"},
				"down": {"uv": [3, 13.66667, 3.33333, 12.66667], "texture": "#2"}
			}
		},
		{
			"name": "diamondglaive_36",
			"from": [2, 8, 13.16667],
			"to": [2.33333, 8.33333, 14.16667],
			"rotation": {"angle": 0, "axis": "y", "origin": [-0.66667, 8, 0.16667]},
			"faces": {
				"north": {"uv": [3, 13, 2.66667, 13.33333], "texture": "#2"},
				"east": {"uv": [2.66667, 13, 3, 14], "rotation": 90, "texture": "#2"},
				"south": {"uv": [2.66667, 13.66667, 3, 14], "texture": "#2"},
				"west": {"uv": [2.66667, 13, 3, 14], "rotation": 270, "texture": "#2"},
				"up": {"uv": [2.66667, 13, 3, 14], "texture": "#2"},
				"down": {"uv": [2.66667, 14, 3, 13], "texture": "#2"}
			}
		},
		{
			"name": "diamondglaive_37",
			"from": [1.66667, 8, 13.5],
			"to": [2, 8.33333, 13.83333],
			"rotation": {"angle": 0, "axis": "y", "origin": [-0.66667, 8, 0.16667]},
			"faces": {
				"north": {"uv": [2.66667, 13.33333, 2.33333, 13.66667], "texture": "#2"},
				"east": {"uv": [2.33333, 13.33333, 2.66667, 13.66667], "rotation": 90, "texture": "#2"},
				"south": {"uv": [2.33333, 13.33333, 2.66667, 13.66667], "texture": "#2"},
				"west": {"uv": [2.33333, 13.33333, 2.66667, 13.66667], "rotation": 270, "texture": "#2"},
				"up": {"uv": [2.33333, 13.33333, 2.66667, 13.66667], "texture": "#2"},
				"down": {"uv": [2.33333, 13.66667, 2.66667, 13.33333], "texture": "#2"}
			}
		}
	],
	"gui_light": "front",
	"display": {
		"thirdperson_righthand": {
			"rotation": [47, 0, 90],
			"translation": [0, 3.5, 1.25],
			"scale": [1.44, 1.44, 1.44]
		},
		"thirdperson_lefthand": {
			"rotation": [45, 0, -90],
			"translation": [0, 4, 1.25],
			"scale": [1.44, 1.44, 1.44]
		},
		"firstperson_righthand": {
			"rotation": [-24, 0, 90],
			"translation": [-0.75, 4, 5.75],
			"scale": [1.18, 1.18, 1.18]
		},
		"firstperson_lefthand": {
			"rotation": [-24, 0, -90],
			"translation": [-0.75, 4, 5.5],
			"scale": [1.18, 1.18, 1.18]
		},
		"ground": {
			"rotation": [-135, 0, 90],
			"translation": [0, 3.25, 0],
			"scale": [0.8, 0.8, 0.8]
		},
		"gui": {
			"rotation": [90, 0, 0],
			"scale": [1.29, 1.29, 1.29]
		},
		"fixed": {
			"rotation": [90, 0, 180],
			"translation": [0, 0.25, 0],
			"scale": [1.25, 1.25, 1.25]
		}
	},
	"groups": [
		{
			"name": "diamondglaive",
			"origin": [7.33333, 8, 8.16667],
			"color": 0,
			"children": [0, 1, 2, 3, 4, 5, 6, 7, 8, 9, 10, 11, 12, 13, 14, 15, 16, 17, 18, 19, 20, 21, 22, 23, 24, 25, 26, 27, 28, 29, 30, 31, 32, 33, 34, 35, 36, 37]
		}
	]
}