{
	"credit": "Made with Blockbench",
	"textures": {
		"0": "item/diamondkatana",
		"particle": "item/diamondkatana"
	},
	"elements": [
		{
			"name": "roninkatana_0",
			"from": [14.16667, 14.66667, 7.66667],
			"to": [16.16667, 16, 8.33333],
			"rotation": {"angle": 0, "axis": "y", "origin": [0.16667, 0, 7.66667]},
			"faces": {
				"north": {"uv": [16, 0, 14, 1.33333], "texture": "#0"},
				"east": {"uv": [15.33333, 0, 16, 1.33333], "texture": "#0"},
				"south": {"uv": [14, 0, 16, 1.33333], "texture": "#0"},
				"west": {"uv": [14, 0, 14.66667, 1.33333], "texture": "#0"},
				"up": {"uv": [14, 0, 16, 0.66667], "texture": "#0"},
				"down": {"uv": [14, 0.66667, 16, 1.33333], "texture": "#0"}
			}
		},
		{
			"name": "roninkatana_1",
			"from": [13.5, 12.66667, 7.66667],
			"to": [14.16667, 15.33333, 8.33333],
			"rotation": {"angle": 0, "axis": "y", "origin": [0.16667, 0, 7.66667]},
			"faces": {
				"north": {"uv": [14, 0.66667, 13.33333, 3.33333], "texture": "#0"},
				"east": {"uv": [13.33333, 0.66667, 14, 3.33333], "texture": "#0"},
				"south": {"uv": [13.33333, 0.66667, 14, 3.33333], "texture": "#0"},
				"west": {"uv": [13.33333, 0.66667, 14, 3.33333], "texture": "#0"},
				"up": {"uv": [13.33333, 0.66667, 14, 1.33333], "texture": "#0"},
				"down": {"uv": [13.33333, 2.66667, 14, 3.33333], "texture": "#0"}
			}
		},
		{
			"name": "roninkatana_2",
			"from": [12.83333, 12, 7.66667],
			"to": [13.5, 14.66667, 8.33333],
			"rotation": {"angle": 0, "axis": "y", "origin": [0.16667, 0, 7.66667]},
			"faces": {
				"north": {"uv": [13.33333, 1.33333, 12.66667, 4], "texture": "#0"},
				"east": {"uv": [12.66667, 1.33333, 13.33333, 4], "texture": "#0"},
				"south": {"uv": [12.66667, 1.33333, 13.33333, 4], "texture": "#0"},
				"west": {"uv": [12.66667, 1.33333, 13.33333, 4], "texture": "#0"},
				"up": {"uv": [12.66667, 1.33333, 13.33333, 2], "texture": "#0"},
				"down": {"uv": [12.66667, 3.33333, 13.33333, 4], "texture": "#0"}
			}
		},
		{
			"name": "roninkatana_3",
			"from": [14.16667, 14, 7.66667],
			"to": [15.5, 14.66667, 8.33333],
			"rotation": {"angle": 0, "axis": "y", "origin": [0.16667, 0, 7.66667]},
			"faces": {
				"north": {"uv": [15.33333, 1.33333, 14, 2], "texture": "#0"},
				"east": {"uv": [14.66667, 1.33333, 15.33333, 2], "texture": "#0"},
				"south": {"uv": [14, 1.33333, 15.33333, 2], "texture": "#0"},
				"west": {"uv": [14, 1.33333, 14.66667, 2], "texture": "#0"},
				"up": {"uv": [14, 1.33333, 15.33333, 2], "texture": "#0"},
				"down": {"uv": [14, 1.33333, 15.33333, 2], "texture": "#0"}
			}
		},
		{
			"name": "roninkatana_4",
			"from": [12.16667, 11.33333, 7.66667],
			"to": [12.83333, 14, 8.33333],
			"rotation": {"angle": 0, "axis": "y", "origin": [0.16667, 0, 7.66667]},
			"faces": {
				"north": {"uv": [12.66667, 2, 12, 4.66667], "texture": "#0"},
				"east": {"uv": [12, 2, 12.66667, 4.66667], "texture": "#0"},
				"south": {"uv": [12, 2, 12.66667, 4.66667], "texture": "#0"},
				"west": {"uv": [12, 2, 12.66667, 4.66667], "texture": "#0"},
				"up": {"uv": [12, 2, 12.66667, 2.66667], "texture": "#0"},
				"down": {"uv": [12, 4, 12.66667, 4.66667], "texture": "#0"}
			}
		},
		{
			"name": "roninkatana_5",
			"from": [14.16667, 13.33333, 7.66667],
			"to": [14.83333, 14, 8.33333],
			"rotation": {"angle": 0, "axis": "y", "origin": [0.16667, 0, 7.66667]},
			"faces": {
				"north": {"uv": [14.66667, 2, 14, 2.66667], "texture": "#0"},
				"east": {"uv": [14, 2, 14.66667, 2.66667], "texture": "#0"},
				"south": {"uv": [14, 2, 14.66667, 2.66667], "texture": "#0"},
				"west": {"uv": [14, 2, 14.66667, 2.66667], "texture": "#0"},
				"up": {"uv": [14, 2, 14.66667, 2.66667], "texture": "#0"},
				"down": {"uv": [14, 2, 14.66667, 2.66667], "texture": "#0"}
			}
		},
		{
			"name": "roninkatana_6",
			"from": [11.5, 10.66667, 7.66667],
			"to": [12.16667, 13.33333, 8.33333],
			"rotation": {"angle": 0, "axis": "y", "origin": [0.16667, 0, 7.66667]},
			"faces": {
				"north": {"uv": [12, 2.66667, 11.33333, 5.33333], "texture": "#0"},
				"east": {"uv": [11.33333, 2.66667, 12, 5.33333], "texture": "#0"},
				"south": {"uv": [11.33333, 2.66667, 12, 5.33333], "texture": "#0"},
				"west": {"uv": [11.33333, 2.66667, 12, 5.33333], "texture": "#0"},
				"up": {"uv": [11.33333, 2.66667, 12, 3.33333], "texture": "#0"},
				"down": {"uv": [11.33333, 4.66667, 12, 5.33333], "texture": "#0"}
			}
		},
		{
			"name": "roninkatana_7",
			"from": [10.83333, 10, 7.66667],
			"to": [11.5, 12.66667, 8.33333],
			"rotation": {"angle": 0, "axis": "y", "origin": [0.16667, 0, 7.66667]},
			"faces": {
				"north": {"uv": [11.33333, 3.33333, 10.66667, 6], "texture": "#0"},
				"east": {"uv": [10.66667, 3.33333, 11.33333, 6], "texture": "#0"},
				"south": {"uv": [10.66667, 3.33333, 11.33333, 6], "texture": "#0"},
				"west": {"uv": [10.66667, 3.33333, 11.33333, 6], "texture": "#0"},
				"up": {"uv": [10.66667, 3.33333, 11.33333, 4], "texture": "#0"},
				"down": {"uv": [10.66667, 5.33333, 11.33333, 6], "texture": "#0"}
			}
		},
		{
			"name": "roninkatana_8",
			"from": [10.16667, 9.33333, 7.66667],
			"to": [10.83333, 12, 8.33333],
			"rotation": {"angle": 0, "axis": "y", "origin": [0.16667, 0, 7.66667]},
			"faces": {
				"north": {"uv": [10.66667, 4, 10, 6.66667], "texture": "#0"},
				"east": {"uv": [10, 4, 10.66667, 6.66667], "texture": "#0"},
				"south": {"uv": [10, 4, 10.66667, 6.66667], "texture": "#0"},
				"west": {"uv": [10, 4, 10.66667, 6.66667], "texture": "#0"},
				"up": {"uv": [10, 4, 10.66667, 4.66667], "texture": "#0"},
				"down": {"uv": [10, 6, 10.66667, 6.66667], "texture": "#0"}
			}
		},
		{
			"name": "roninkatana_9",
			"from": [9.5, 8.66667, 7.66667],
			"to": [10.16667, 11.33333, 8.33333],
			"rotation": {"angle": 0, "axis": "y", "origin": [0.16667, 0, 7.66667]},
			"faces": {
				"north": {"uv": [10, 4.66667, 9.33333, 7.33333], "texture": "#0"},
				"east": {"uv": [9.33333, 4.66667, 10, 7.33333], "texture": "#0"},
				"south": {"uv": [9.33333, 4.66667, 10, 7.33333], "texture": "#0"},
				"west": {"uv": [9.33333, 4.66667, 10, 7.33333], "texture": "#0"},
				"up": {"uv": [9.33333, 4.66667, 10, 5.33333], "texture": "#0"},
				"down": {"uv": [9.33333, 6.66667, 10, 7.33333], "texture": "#0"}
			}
		},
		{
			"name": "roninkatana_10",
			"from": [8.83333, 8, 7.66667],
			"to": [9.5, 10.66667, 8.33333],
			"rotation": {"angle": 0, "axis": "y", "origin": [0.16667, 0, 7.66667]},
			"faces": {
				"north": {"uv": [9.33333, 5.33333, 8.66667, 8], "texture": "#0"},
				"east": {"uv": [8.66667, 5.33333, 9.33333, 8], "texture": "#0"},
				"south": {"uv": [8.66667, 5.33333, 9.33333, 8], "texture": "#0"},
				"west": {"uv": [8.66667, 5.33333, 9.33333, 8], "texture": "#0"},
				"up": {"uv": [8.66667, 5.33333, 9.33333, 6], "texture": "#0"},
				"down": {"uv": [8.66667, 7.33333, 9.33333, 8], "texture": "#0"}
			}
		},
		{
			"name": "roninkatana_11",
			"from": [8.16667, 7.33333, 7.66667],
			"to": [8.83333, 10, 8.33333],
			"rotation": {"angle": 0, "axis": "y", "origin": [0.16667, 0, 7.66667]},
			"faces": {
				"north": {"uv": [8.66667, 6, 8, 8.66667], "texture": "#0"},
				"east": {"uv": [8, 6, 8.66667, 8.66667], "texture": "#0"},
				"south": {"uv": [8, 6, 8.66667, 8.66667], "texture": "#0"},
				"west": {"uv": [8, 6, 8.66667, 8.66667], "texture": "#0"},
				"up": {"uv": [8, 6, 8.66667, 6.66667], "texture": "#0"},
				"down": {"uv": [8, 8, 8.66667, 8.66667], "texture": "#0"}
			}
		},
		{
			"name": "roninkatana_12",
			"from": [7.5, 6, 7.66667],
			"to": [8.16667, 9.33333, 8.33333],
			"rotation": {"angle": 0, "axis": "y", "origin": [0.16667, 0, 7.66667]},
			"faces": {
				"north": {"uv": [8, 6.66667, 7.33333, 10], "texture": "#0"},
				"east": {"uv": [7.33333, 6.66667, 8, 10], "texture": "#0"},
				"south": {"uv": [7.33333, 6.66667, 8, 10], "texture": "#0"},
				"west": {"uv": [7.33333, 6.66667, 8, 10], "texture": "#0"},
				"up": {"uv": [7.33333, 6.66667, 8, 7.33333], "texture": "#0"},
				"down": {"uv": [7.33333, 9.33333, 8, 10], "texture": "#0"}
			}
		},
		{
			"name": "roninkatana_13",
			"from": [6.83333, 5.33333, 7.66667],
			"to": [7.5, 8.66667, 8.33333],
			"rotation": {"angle": 0, "axis": "y", "origin": [0.16667, 0, 7.66667]},
			"faces": {
				"north": {"uv": [7.33333, 7.33333, 6.66667, 10.66667], "texture": "#0"},
				"east": {"uv": [6.66667, 7.33333, 7.33333, 10.66667], "texture": "#0"},
				"south": {"uv": [6.66667, 7.33333, 7.33333, 10.66667], "texture": "#0"},
				"west": {"uv": [6.66667, 7.33333, 7.33333, 10.66667], "texture": "#0"},
				"up": {"uv": [6.66667, 7.33333, 7.33333, 8], "texture": "#0"},
				"down": {"uv": [6.66667, 10, 7.33333, 10.66667], "texture": "#0"}
			}
		},
		{
			"name": "roninkatana_14",
			"from": [6.16667, 3.33333, 7.66667],
			"to": [6.83333, 8, 8.33333],
			"rotation": {"angle": 0, "axis": "y", "origin": [0.16667, 0, 7.66667]},
			"faces": {
				"north": {"uv": [6.66667, 8, 6, 12.66667], "texture": "#0"},
				"east": {"uv": [6, 8, 6.66667, 12.66667], "texture": "#0"},
				"south": {"uv": [6, 8, 6.66667, 12.66667], "texture": "#0"},
				"west": {"uv": [6, 8, 6.66667, 12.66667], "texture": "#0"},
				"up": {"uv": [6, 8, 6.66667, 8.66667], "texture": "#0"},
				"down": {"uv": [6, 12, 6.66667, 12.66667], "texture": "#0"}
			}
		},
		{
			"name": "roninkatana_15",
			"from": [3.5, 5.33333, 7.66667],
			"to": [4.16667, 7.33333, 8.33333],
			"rotation": {"angle": 0, "axis": "y", "origin": [0.16667, 0, 7.66667]},
			"faces": {
				"north": {"uv": [4, 8.66667, 3.33333, 10.66667], "texture": "#0"},
				"east": {"uv": [3.33333, 8.66667, 4, 10.66667], "texture": "#0"},
				"south": {"uv": [3.33333, 8.66667, 4, 10.66667], "texture": "#0"},
				"west": {"uv": [3.33333, 8.66667, 4, 10.66667], "texture": "#0"},
				"up": {"uv": [3.33333, 8.66667, 4, 9.33333], "texture": "#0"},
				"down": {"uv": [3.33333, 10, 4, 10.66667], "texture": "#0"}
			}
		},
		{
			"name": "roninkatana_16",
			"from": [5.5, 3.33333, 7.66667],
			"to": [6.16667, 7.33333, 8.33333],
			"rotation": {"angle": 0, "axis": "y", "origin": [0.16667, 0, 7.66667]},
			"faces": {
				"north": {"uv": [6, 8.66667, 5.33333, 12.66667], "texture": "#0"},
				"east": {"uv": [5.33333, 8.66667, 6, 12.66667], "texture": "#0"},
				"south": {"uv": [5.33333, 8.66667, 6, 12.66667], "texture": "#0"},
				"west": {"uv": [5.33333, 8.66667, 6, 12.66667], "texture": "#0"},
				"up": {"uv": [5.33333, 8.66667, 6, 9.33333], "texture": "#0"},
				"down": {"uv": [5.33333, 12, 6, 12.66667], "texture": "#0"}
			}
		},
		{
			"name": "roninkatana_17",
			"from": [4.16667, 4, 7.66667],
			"to": [5.5, 6.66667, 8.33333],
			"rotation": {"angle": 0, "axis": "y", "origin": [0.16667, 0, 7.66667]},
			"faces": {
				"north": {"uv": [5.33333, 9.33333, 4, 12], "texture": "#0"},
				"east": {"uv": [4.66667, 9.33333, 5.33333, 12], "texture": "#0"},
				"south": {"uv": [4, 9.33333, 5.33333, 12], "texture": "#0"},
				"west": {"uv": [4, 9.33333, 4.66667, 12], "texture": "#0"},
				"up": {"uv": [4, 9.33333, 5.33333, 10], "texture": "#0"},
				"down": {"uv": [4, 11.33333, 5.33333, 12], "texture": "#0"}
			}
		},
		{
			"name": "roninkatana_18",
			"from": [3.5, 2.66667, 7.66667],
			"to": [4.16667, 4.66667, 8.33333],
			"rotation": {"angle": 0, "axis": "y", "origin": [0.16667, 0, 7.66667]},
			"faces": {
				"north": {"uv": [4, 11.33333, 3.33333, 13.33333], "texture": "#0"},
				"east": {"uv": [3.33333, 11.33333, 4, 13.33333], "texture": "#0"},
				"south": {"uv": [3.33333, 11.33333, 4, 13.33333], "texture": "#0"},
				"west": {"uv": [3.33333, 11.33333, 4, 13.33333], "texture": "#0"},
				"up": {"uv": [3.33333, 11.33333, 4, 12], "texture": "#0"},
				"down": {"uv": [3.33333, 12.66667, 4, 13.33333], "texture": "#0"}
			}
		},
		{
			"name": "roninkatana_19",
			"from": [2.83333, 2, 7.66667],
			"to": [3.5, 4, 8.33333],
			"rotation": {"angle": 0, "axis": "y", "origin": [0.16667, 0, 7.66667]},
			"faces": {
				"north": {"uv": [3.33333, 12, 2.66667, 14], "texture": "#0"},
				"east": {"uv": [2.66667, 12, 3.33333, 14], "texture": "#0"},
				"south": {"uv": [2.66667, 12, 3.33333, 14], "texture": "#0"},
				"west": {"uv": [2.66667, 12, 3.33333, 14], "texture": "#0"},
				"up": {"uv": [2.66667, 12, 3.33333, 12.66667], "texture": "#0"},
				"down": {"uv": [2.66667, 13.33333, 3.33333, 14], "texture": "#0"}
			}
		},
		{
			"name": "roninkatana_20",
			"from": [4.16667, 3.33333, 7.66667],
			"to": [4.83333, 4, 8.33333],
			"rotation": {"angle": 0, "axis": "y", "origin": [0.16667, 0, 7.66667]},
			"faces": {
				"north": {"uv": [4.66667, 12, 4, 12.66667], "texture": "#0"},
				"east": {"uv": [4, 12, 4.66667, 12.66667], "texture": "#0"},
				"south": {"uv": [4, 12, 4.66667, 12.66667], "texture": "#0"},
				"west": {"uv": [4, 12, 4.66667, 12.66667], "texture": "#0"},
				"up": {"uv": [4, 12, 4.66667, 12.66667], "texture": "#0"},
				"down": {"uv": [4, 12, 4.66667, 12.66667], "texture": "#0"}
			}
		},
		{
			"name": "roninkatana_21",
			"from": [6.83333, 3.33333, 7.66667],
			"to": [7.5, 4, 8.33333],
			"rotation": {"angle": 0, "axis": "y", "origin": [0.16667, 0, 7.66667]},
			"faces": {
				"north": {"uv": [7.33333, 12, 6.66667, 12.66667], "texture": "#0"},
				"east": {"uv": [6.66667, 12, 7.33333, 12.66667], "texture": "#0"},
				"south": {"uv": [6.66667, 12, 7.33333, 12.66667], "texture": "#0"},
				"west": {"uv": [6.66667, 12, 7.33333, 12.66667], "texture": "#0"},
				"up": {"uv": [6.66667, 12, 7.33333, 12.66667], "texture": "#0"},
				"down": {"uv": [6.66667, 12, 7.33333, 12.66667], "texture": "#0"}
			}
		},
		{
			"name": "roninkatana_22",
			"from": [2.16667, 1.33333, 7.66667],
			"to": [2.83333, 3.33333, 8.33333],
			"rotation": {"angle": 0, "axis": "y", "origin": [0.16667, 0, 7.66667]},
			"faces": {
				"north": {"uv": [2.66667, 12.66667, 2, 14.66667], "texture": "#0"},
				"east": {"uv": [2, 12.66667, 2.66667, 14.66667], "texture": "#0"},
				"south": {"uv": [2, 12.66667, 2.66667, 14.66667], "texture": "#0"},
				"west": {"uv": [2, 12.66667, 2.66667, 14.66667], "texture": "#0"},
				"up": {"uv": [2, 12.66667, 2.66667, 13.33333], "texture": "#0"},
				"down": {"uv": [2, 14, 2.66667, 14.66667], "texture": "#0"}
			}
		},
		{
			"name": "roninkatana_23",
			"from": [1.5, 0, 7.66667],
			"to": [2.16667, 2.66667, 8.33333],
			"rotation": {"angle": 0, "axis": "y", "origin": [0.16667, 0, 7.66667]},
			"faces": {
				"north": {"uv": [2, 13.33333, 1.33333, 16], "texture": "#0"},
				"east": {"uv": [1.33333, 13.33333, 2, 16], "texture": "#0"},
				"south": {"uv": [1.33333, 13.33333, 2, 16], "texture": "#0"},
				"west": {"uv": [1.33333, 13.33333, 2, 16], "texture": "#0"},
				"up": {"uv": [1.33333, 13.33333, 2, 14], "texture": "#0"},
				"down": {"uv": [1.33333, 15.33333, 2, 16], "texture": "#0"}
			}
		},
		{
			"name": "roninkatana_24",
			"from": [0.16667, 0.66667, 7.66667],
			"to": [1.5, 2, 8.33333],
			"rotation": {"angle": 0, "axis": "y", "origin": [0.16667, 0, 7.66667]},
			"faces": {
				"north": {"uv": [1.33333, 14, 0, 15.33333], "texture": "#0"},
				"east": {"uv": [0.66667, 14, 1.33333, 15.33333], "texture": "#0"},
				"south": {"uv": [0, 14, 1.33333, 15.33333], "texture": "#0"},
				"west": {"uv": [0, 14, 0.66667, 15.33333], "texture": "#0"},
				"up": {"uv": [0, 14, 1.33333, 14.66667], "texture": "#0"},
				"down": {"uv": [0, 14.66667, 1.33333, 15.33333], "texture": "#0"}
			}
		},
		{
			"name": "roninkatana_25",
			"from": [0.83333, 0, 7.66667],
			"to": [1.5, 0.66667, 8.33333],
			"rotation": {"angle": 0, "axis": "y", "origin": [0.16667, 0, 7.66667]},
			"faces": {
				"north": {"uv": [1.33333, 15.33333, 0.66667, 16], "texture": "#0"},
				"east": {"uv": [0.66667, 15.33333, 1.33333, 16], "texture": "#0"},
				"south": {"uv": [0.66667, 15.33333, 1.33333, 16], "texture": "#0"},
				"west": {"uv": [0.66667, 15.33333, 1.33333, 16], "texture": "#0"},
				"up": {"uv": [0.66667, 15.33333, 1.33333, 16], "texture": "#0"},
				"down": {"uv": [0.66667, 15.33333, 1.33333, 16], "texture": "#0"}
			}
		}
	],
	"gui_light": "front",
	"display": {
		"thirdperson_righthand": {
			"rotation": [0, -90, 50],
			"translation": [0, 4.5, 2.25]
		},
		"thirdperson_lefthand": {
			"rotation": [0, 90, -50],
			"translation": [0, 4.5, 2.25]
		},
		"firstperson_righthand": {
			"rotation": [0, -90, 49],
			"translation": [0.5, 6.75, 2.5],
			"scale": [0.77, 0.77, 0.77]
		},
		"firstperson_lefthand": {
			"rotation": [0, 90, -49],
			"translation": [0.5, 6.75, 2.5],
			"scale": [0.77, 0.77, 0.77]
		},
		"ground": {
			"translation": [0, 3, 0],
			"scale": [0.85, 0.85, 0.85]
		},
		"gui": {
			"translation": [-0.25, 0, 0]
		},
		"fixed": {
			"rotation": [0, 180, 0]
		}
	},
	"groups": [
		{
			"name": "roninkatana",
			"origin": [8.16667, 8, 15.66667],
			"color": 0,
			"children": [0, 1, 2, 3, 4, 5, 6, 7, 8, 9, 10, 11, 12, 13, 14, 15, 16, 17, 18, 19, 20, 21, 22, 23, 24, 25]
		}
	]
}