{
    "parent": "item/handheld",
    "textures": {
        "layer0": "item/diamond_axe"
    },
    "overrides":
	[
    {"predicate": {"custom_model_data": 1},"model": "item/grapheneaxe"},
    {"predicate": {"custom_model_data": 2},"model": "item/titaniumaxe"},
    {"predicate": {"custom_model_data": 3},"model": "item/meteoriumaxe"},
    {"predicate": {"custom_model_data": 4},"model": "item/whiteaxe"},
    {"predicate": {"custom_model_data": 5},"model": "item/everblueaxe"},
    {"predicate": {"custom_model_data": 6},"model": "item/diamondhammer"},
    {"predicate": {"custom_model_data": 7},"model": "item/mithrilhammer"},
    {"predicate": {"custom_model_data": 8},"model": "item/titaniumhammer"},
    {"predicate": {"custom_model_data": 9},"model": "item/diamondmace"},
    {"predicate": {"custom_model_data": 10},"model": "item/mithrilmace"},

    {"predicate": {"custom_model_data": 90},"model": "item/skin/unknowaxe"},
    {"predicate": {"custom_model_data": 91},"model": "item/skin/unknowhammer"}
	]
}
