{
	"credit": "Made with Blockbench",
	"textures": {
		"0": "item/diamondlance",
		"particle": "item/diamondlance"
	},
	"elements": [
		{
			"name": "tithirllance_0",
			"from": [13, 8, 2.66667],
			"to": [13.66667, 8.33333, 3.33333],
			"rotation": {"angle": 0, "axis": "y", "origin": [0, 8, 0]},
			"faces": {
				"north": {"uv": [13.66667, 2.66667, 13, 3], "texture": "#0"},
				"east": {"uv": [13.33333, 2.66667, 13.66667, 3.33333], "rotation": 90, "texture": "#0"},
				"south": {"uv": [13, 3, 13.66667, 3.33333], "texture": "#0"},
				"west": {"uv": [13, 2.66667, 13.33333, 3.33333], "rotation": 270, "texture": "#0"},
				"up": {"uv": [13, 2.66667, 13.66667, 3.33333], "texture": "#0"},
				"down": {"uv": [13, 3.33333, 13.66667, 2.66667], "texture": "#0"}
			}
		},
		{
			"name": "tithirllance_1",
			"from": [12.66667, 8, 3],
			"to": [13, 8.33333, 4],
			"rotation": {"angle": 0, "axis": "y", "origin": [0, 8, 0]},
			"faces": {
				"north": {"uv": [13, 3, 12.66667, 3.33333], "texture": "#0"},
				"east": {"uv": [12.66667, 3, 13, 4], "rotation": 90, "texture": "#0"},
				"south": {"uv": [12.66667, 3.66667, 13, 4], "texture": "#0"},
				"west": {"uv": [12.66667, 3, 13, 4], "rotation": 270, "texture": "#0"},
				"up": {"uv": [12.66667, 3, 13, 4], "texture": "#0"},
				"down": {"uv": [12.66667, 4, 13, 3], "texture": "#0"}
			}
		},
		{
			"name": "tithirllance_2",
			"from": [12.33333, 8, 3.33333],
			"to": [12.66667, 8.33333, 4.33333],
			"rotation": {"angle": 0, "axis": "y", "origin": [0, 8, 0]},
			"faces": {
				"north": {"uv": [12.66667, 3.33333, 12.33333, 3.66667], "texture": "#0"},
				"east": {"uv": [12.33333, 3.33333, 12.66667, 4.33333], "rotation": 90, "texture": "#0"},
				"south": {"uv": [12.33333, 4, 12.66667, 4.33333], "texture": "#0"},
				"west": {"uv": [12.33333, 3.33333, 12.66667, 4.33333], "rotation": 270, "texture": "#0"},
				"up": {"uv": [12.33333, 3.33333, 12.66667, 4.33333], "texture": "#0"},
				"down": {"uv": [12.33333, 4.33333, 12.66667, 3.33333], "texture": "#0"}
			}
		},
		{
			"name": "tithirllance_3",
			"from": [13, 8, 3.33333],
			"to": [13.33333, 8.33333, 3.66667],
			"rotation": {"angle": 0, "axis": "y", "origin": [0, 8, 0]},
			"faces": {
				"north": {"uv": [13.33333, 3.33333, 13, 3.66667], "texture": "#0"},
				"east": {"uv": [13, 3.33333, 13.33333, 3.66667], "rotation": 90, "texture": "#0"},
				"south": {"uv": [13, 3.33333, 13.33333, 3.66667], "texture": "#0"},
				"west": {"uv": [13, 3.33333, 13.33333, 3.66667], "rotation": 270, "texture": "#0"},
				"up": {"uv": [13, 3.33333, 13.33333, 3.66667], "texture": "#0"},
				"down": {"uv": [13, 3.66667, 13.33333, 3.33333], "texture": "#0"}
			}
		},
		{
			"name": "tithirllance_4",
			"from": [12, 8, 3.66667],
			"to": [12.33333, 8.33333, 4.66667],
			"rotation": {"angle": 0, "axis": "y", "origin": [0, 8, 0]},
			"faces": {
				"north": {"uv": [12.33333, 3.66667, 12, 4], "texture": "#0"},
				"east": {"uv": [12, 3.66667, 12.33333, 4.66667], "rotation": 90, "texture": "#0"},
				"south": {"uv": [12, 4.33333, 12.33333, 4.66667], "texture": "#0"},
				"west": {"uv": [12, 3.66667, 12.33333, 4.66667], "rotation": 270, "texture": "#0"},
				"up": {"uv": [12, 3.66667, 12.33333, 4.66667], "texture": "#0"},
				"down": {"uv": [12, 4.66667, 12.33333, 3.66667], "texture": "#0"}
			}
		},
		{
			"name": "tithirllance_5",
			"from": [11.66667, 8, 4],
			"to": [12, 8.33333, 5.33333],
			"rotation": {"angle": 0, "axis": "y", "origin": [0, 8, 0]},
			"faces": {
				"north": {"uv": [12, 4, 11.66667, 4.33333], "texture": "#0"},
				"east": {"uv": [11.66667, 4, 12, 5.33333], "rotation": 90, "texture": "#0"},
				"south": {"uv": [11.66667, 5, 12, 5.33333], "texture": "#0"},
				"west": {"uv": [11.66667, 4, 12, 5.33333], "rotation": 270, "texture": "#0"},
				"up": {"uv": [11.66667, 4, 12, 5.33333], "texture": "#0"},
				"down": {"uv": [11.66667, 5.33333, 12, 4], "texture": "#0"}
			}
		},
		{
			"name": "tithirllance_6",
			"from": [11, 8, 4.33333],
			"to": [11.66667, 8.33333, 5.66667],
			"rotation": {"angle": 0, "axis": "y", "origin": [0, 8, 0]},
			"faces": {
				"north": {"uv": [11.66667, 4.33333, 11, 4.66667], "texture": "#0"},
				"east": {"uv": [11.33333, 4.33333, 11.66667, 5.66667], "rotation": 90, "texture": "#0"},
				"south": {"uv": [11, 5.33333, 11.66667, 5.66667], "texture": "#0"},
				"west": {"uv": [11, 4.33333, 11.33333, 5.66667], "rotation": 270, "texture": "#0"},
				"up": {"uv": [11, 4.33333, 11.66667, 5.66667], "texture": "#0"},
				"down": {"uv": [11, 5.66667, 11.66667, 4.33333], "texture": "#0"}
			}
		},
		{
			"name": "tithirllance_7",
			"from": [10.66667, 8, 4.66667],
			"to": [11, 8.33333, 6.33333],
			"rotation": {"angle": 0, "axis": "y", "origin": [0, 8, 0]},
			"faces": {
				"north": {"uv": [11, 4.66667, 10.66667, 5], "texture": "#0"},
				"east": {"uv": [10.66667, 4.66667, 11, 6.33333], "rotation": 90, "texture": "#0"},
				"south": {"uv": [10.66667, 6, 11, 6.33333], "texture": "#0"},
				"west": {"uv": [10.66667, 4.66667, 11, 6.33333], "rotation": 270, "texture": "#0"},
				"up": {"uv": [10.66667, 4.66667, 11, 6.33333], "texture": "#0"},
				"down": {"uv": [10.66667, 6.33333, 11, 4.66667], "texture": "#0"}
			}
		},
		{
			"name": "tithirllance_8",
			"from": [10.33333, 8, 5],
			"to": [10.66667, 8.33333, 7],
			"rotation": {"angle": 0, "axis": "y", "origin": [0, 8, 0]},
			"faces": {
				"north": {"uv": [10.66667, 5, 10.33333, 5.33333], "texture": "#0"},
				"east": {"uv": [10.33333, 5, 10.66667, 7], "rotation": 90, "texture": "#0"},
				"south": {"uv": [10.33333, 6.66667, 10.66667, 7], "texture": "#0"},
				"west": {"uv": [10.33333, 5, 10.66667, 7], "rotation": 270, "texture": "#0"},
				"up": {"uv": [10.33333, 5, 10.66667, 7], "texture": "#0"},
				"down": {"uv": [10.33333, 7, 10.66667, 5], "texture": "#0"}
			}
		},
		{
			"name": "tithirllance_9",
			"from": [10, 8, 5.33333],
			"to": [10.33333, 8.33333, 7.33333],
			"rotation": {"angle": 0, "axis": "y", "origin": [0, 8, 0]},
			"faces": {
				"north": {"uv": [10.33333, 5.33333, 10, 5.66667], "texture": "#0"},
				"east": {"uv": [10, 5.33333, 10.33333, 7.33333], "rotation": 90, "texture": "#0"},
				"south": {"uv": [10, 7, 10.33333, 7.33333], "texture": "#0"},
				"west": {"uv": [10, 5.33333, 10.33333, 7.33333], "rotation": 270, "texture": "#0"},
				"up": {"uv": [10, 5.33333, 10.33333, 7.33333], "texture": "#0"},
				"down": {"uv": [10, 7.33333, 10.33333, 5.33333], "texture": "#0"}
			}
		},
		{
			"name": "tithirllance_10",
			"from": [9.33333, 8, 5.66667],
			"to": [10, 8.33333, 7.66667],
			"rotation": {"angle": 0, "axis": "y", "origin": [0, 8, 0]},
			"faces": {
				"north": {"uv": [10, 5.66667, 9.33333, 6], "texture": "#0"},
				"east": {"uv": [9.66667, 5.66667, 10, 7.66667], "rotation": 90, "texture": "#0"},
				"south": {"uv": [9.33333, 7.33333, 10, 7.66667], "texture": "#0"},
				"west": {"uv": [9.33333, 5.66667, 9.66667, 7.66667], "rotation": 270, "texture": "#0"},
				"up": {"uv": [9.33333, 5.66667, 10, 7.66667], "texture": "#0"},
				"down": {"uv": [9.33333, 7.66667, 10, 5.66667], "texture": "#0"}
			}
		},
		{
			"name": "tithirllance_11",
			"from": [11, 8, 5.66667],
			"to": [11.33333, 8.33333, 6],
			"rotation": {"angle": 0, "axis": "y", "origin": [0, 8, 0]},
			"faces": {
				"north": {"uv": [11.33333, 5.66667, 11, 6], "texture": "#0"},
				"east": {"uv": [11, 5.66667, 11.33333, 6], "rotation": 90, "texture": "#0"},
				"south": {"uv": [11, 5.66667, 11.33333, 6], "texture": "#0"},
				"west": {"uv": [11, 5.66667, 11.33333, 6], "rotation": 270, "texture": "#0"},
				"up": {"uv": [11, 5.66667, 11.33333, 6], "texture": "#0"},
				"down": {"uv": [11, 6, 11.33333, 5.66667], "texture": "#0"}
			}
		},
		{
			"name": "tithirllance_12",
			"from": [9, 8, 6],
			"to": [9.33333, 8.33333, 8.33333],
			"rotation": {"angle": 0, "axis": "y", "origin": [0, 8, 0]},
			"faces": {
				"north": {"uv": [9.33333, 6, 9, 6.33333], "texture": "#0"},
				"east": {"uv": [9, 6, 9.33333, 8.33333], "rotation": 90, "texture": "#0"},
				"south": {"uv": [9, 8, 9.33333, 8.33333], "texture": "#0"},
				"west": {"uv": [9, 6, 9.33333, 8.33333], "rotation": 270, "texture": "#0"},
				"up": {"uv": [9, 6, 9.33333, 8.33333], "texture": "#0"},
				"down": {"uv": [9, 8.33333, 9.33333, 6], "texture": "#0"}
			}
		},
		{
			"name": "tithirllance_13",
			"from": [8.66667, 8, 6.33333],
			"to": [9, 8.33333, 8.66667],
			"rotation": {"angle": 0, "axis": "y", "origin": [0, 8, 0]},
			"faces": {
				"north": {"uv": [9, 6.33333, 8.66667, 6.66667], "texture": "#0"},
				"east": {"uv": [8.66667, 6.33333, 9, 8.66667], "rotation": 90, "texture": "#0"},
				"south": {"uv": [8.66667, 8.33333, 9, 8.66667], "texture": "#0"},
				"west": {"uv": [8.66667, 6.33333, 9, 8.66667], "rotation": 270, "texture": "#0"},
				"up": {"uv": [8.66667, 6.33333, 9, 8.66667], "texture": "#0"},
				"down": {"uv": [8.66667, 8.66667, 9, 6.33333], "texture": "#0"}
			}
		},
		{
			"name": "tithirllance_14",
			"from": [8.33333, 8, 6.66667],
			"to": [8.66667, 8.33333, 9],
			"rotation": {"angle": 0, "axis": "y", "origin": [0, 8, 0]},
			"faces": {
				"north": {"uv": [8.66667, 6.66667, 8.33333, 7], "texture": "#0"},
				"east": {"uv": [8.33333, 6.66667, 8.66667, 9], "rotation": 90, "texture": "#0"},
				"south": {"uv": [8.33333, 8.66667, 8.66667, 9], "texture": "#0"},
				"west": {"uv": [8.33333, 6.66667, 8.66667, 9], "rotation": 270, "texture": "#0"},
				"up": {"uv": [8.33333, 6.66667, 8.66667, 9], "texture": "#0"},
				"down": {"uv": [8.33333, 9, 8.66667, 6.66667], "texture": "#0"}
			}
		},
		{
			"name": "tithirllance_15",
			"from": [8, 8, 7],
			"to": [8.33333, 8.33333, 9.33333],
			"rotation": {"angle": 0, "axis": "y", "origin": [0, 8, 0]},
			"faces": {
				"north": {"uv": [8.33333, 7, 8, 7.33333], "texture": "#0"},
				"east": {"uv": [8, 7, 8.33333, 9.33333], "rotation": 90, "texture": "#0"},
				"south": {"uv": [8, 9, 8.33333, 9.33333], "texture": "#0"},
				"west": {"uv": [8, 7, 8.33333, 9.33333], "rotation": 270, "texture": "#0"},
				"up": {"uv": [8, 7, 8.33333, 9.33333], "texture": "#0"},
				"down": {"uv": [8, 9.33333, 8.33333, 7], "texture": "#0"}
			}
		},
		{
			"name": "tithirllance_16",
			"from": [7.66667, 8, 7.33333],
			"to": [8, 8.33333, 9.66667],
			"rotation": {"angle": 0, "axis": "y", "origin": [0, 8, 0]},
			"faces": {
				"north": {"uv": [8, 7.33333, 7.66667, 7.66667], "texture": "#0"},
				"east": {"uv": [7.66667, 7.33333, 8, 9.66667], "rotation": 90, "texture": "#0"},
				"south": {"uv": [7.66667, 9.33333, 8, 9.66667], "texture": "#0"},
				"west": {"uv": [7.66667, 7.33333, 8, 9.66667], "rotation": 270, "texture": "#0"},
				"up": {"uv": [7.66667, 7.33333, 8, 9.66667], "texture": "#0"},
				"down": {"uv": [7.66667, 9.66667, 8, 7.33333], "texture": "#0"}
			}
		},
		{
			"name": "tithirllance_17",
			"from": [7.33333, 8, 7.66667],
			"to": [7.66667, 8.33333, 10],
			"rotation": {"angle": 0, "axis": "y", "origin": [0, 8, 0]},
			"faces": {
				"north": {"uv": [7.66667, 7.66667, 7.33333, 8], "texture": "#0"},
				"east": {"uv": [7.33333, 7.66667, 7.66667, 10], "rotation": 90, "texture": "#0"},
				"south": {"uv": [7.33333, 9.66667, 7.66667, 10], "texture": "#0"},
				"west": {"uv": [7.33333, 7.66667, 7.66667, 10], "rotation": 270, "texture": "#0"},
				"up": {"uv": [7.33333, 7.66667, 7.66667, 10], "texture": "#0"},
				"down": {"uv": [7.33333, 10, 7.66667, 7.66667], "texture": "#0"}
			}
		},
		{
			"name": "tithirllance_18",
			"from": [9.33333, 8, 7.66667],
			"to": [9.66667, 8.33333, 8],
			"rotation": {"angle": 0, "axis": "y", "origin": [0, 8, 0]},
			"faces": {
				"north": {"uv": [9.66667, 7.66667, 9.33333, 8], "texture": "#0"},
				"east": {"uv": [9.33333, 7.66667, 9.66667, 8], "rotation": 90, "texture": "#0"},
				"south": {"uv": [9.33333, 7.66667, 9.66667, 8], "texture": "#0"},
				"west": {"uv": [9.33333, 7.66667, 9.66667, 8], "rotation": 270, "texture": "#0"},
				"up": {"uv": [9.33333, 7.66667, 9.66667, 8], "texture": "#0"},
				"down": {"uv": [9.33333, 8, 9.66667, 7.66667], "texture": "#0"}
			}
		},
		{
			"name": "tithirllance_19",
			"from": [7, 8, 8],
			"to": [7.33333, 8.33333, 10.33333],
			"rotation": {"angle": 0, "axis": "y", "origin": [0, 8, 0]},
			"faces": {
				"north": {"uv": [7.33333, 8, 7, 8.33333], "texture": "#0"},
				"east": {"uv": [7, 8, 7.33333, 10.33333], "rotation": 90, "texture": "#0"},
				"south": {"uv": [7, 10, 7.33333, 10.33333], "texture": "#0"},
				"west": {"uv": [7, 8, 7.33333, 10.33333], "rotation": 270, "texture": "#0"},
				"up": {"uv": [7, 8, 7.33333, 10.33333], "texture": "#0"},
				"down": {"uv": [7, 10.33333, 7.33333, 8], "texture": "#0"}
			}
		},
		{
			"name": "tithirllance_20",
			"from": [6.66667, 8, 8.33333],
			"to": [7, 8.33333, 10.66667],
			"rotation": {"angle": 0, "axis": "y", "origin": [0, 8, 0]},
			"faces": {
				"north": {"uv": [7, 8.33333, 6.66667, 8.66667], "texture": "#0"},
				"east": {"uv": [6.66667, 8.33333, 7, 10.66667], "rotation": 90, "texture": "#0"},
				"south": {"uv": [6.66667, 10.33333, 7, 10.66667], "texture": "#0"},
				"west": {"uv": [6.66667, 8.33333, 7, 10.66667], "rotation": 270, "texture": "#0"},
				"up": {"uv": [6.66667, 8.33333, 7, 10.66667], "texture": "#0"},
				"down": {"uv": [6.66667, 10.66667, 7, 8.33333], "texture": "#0"}
			}
		},
		{
			"name": "tithirllance_21",
			"from": [6.33333, 8, 8.66667],
			"to": [6.66667, 8.33333, 10.66667],
			"rotation": {"angle": 0, "axis": "y", "origin": [0, 8, 0]},
			"faces": {
				"north": {"uv": [6.66667, 8.66667, 6.33333, 9], "texture": "#0"},
				"east": {"uv": [6.33333, 8.66667, 6.66667, 10.66667], "rotation": 90, "texture": "#0"},
				"south": {"uv": [6.33333, 10.33333, 6.66667, 10.66667], "texture": "#0"},
				"west": {"uv": [6.33333, 8.66667, 6.66667, 10.66667], "rotation": 270, "texture": "#0"},
				"up": {"uv": [6.33333, 8.66667, 6.66667, 10.66667], "texture": "#0"},
				"down": {"uv": [6.33333, 10.66667, 6.66667, 8.66667], "texture": "#0"}
			}
		},
		{
			"name": "tithirllance_22",
			"from": [6, 8, 9],
			"to": [6.33333, 8.33333, 10.66667],
			"rotation": {"angle": 0, "axis": "y", "origin": [0, 8, 0]},
			"faces": {
				"north": {"uv": [6.33333, 9, 6, 9.33333], "texture": "#0"},
				"east": {"uv": [6, 9, 6.33333, 10.66667], "rotation": 90, "texture": "#0"},
				"south": {"uv": [6, 10.33333, 6.33333, 10.66667], "texture": "#0"},
				"west": {"uv": [6, 9, 6.33333, 10.66667], "rotation": 270, "texture": "#0"},
				"up": {"uv": [6, 9, 6.33333, 10.66667], "texture": "#0"},
				"down": {"uv": [6, 10.66667, 6.33333, 9], "texture": "#0"}
			}
		},
		{
			"name": "tithirllance_23",
			"from": [5.66667, 8, 9.33333],
			"to": [6, 8.33333, 11],
			"rotation": {"angle": 0, "axis": "y", "origin": [0, 8, 0]},
			"faces": {
				"north": {"uv": [6, 9.33333, 5.66667, 9.66667], "texture": "#0"},
				"east": {"uv": [5.66667, 9.33333, 6, 11], "rotation": 90, "texture": "#0"},
				"south": {"uv": [5.66667, 10.66667, 6, 11], "texture": "#0"},
				"west": {"uv": [5.66667, 9.33333, 6, 11], "rotation": 270, "texture": "#0"},
				"up": {"uv": [5.66667, 9.33333, 6, 11], "texture": "#0"},
				"down": {"uv": [5.66667, 11, 6, 9.33333], "texture": "#0"}
			}
		},
		{
			"name": "tithirllance_24",
			"from": [5.33333, 8, 10.33333],
			"to": [5.66667, 8.33333, 11.33333],
			"rotation": {"angle": 0, "axis": "y", "origin": [0, 8, 0]},
			"faces": {
				"north": {"uv": [5.66667, 10.33333, 5.33333, 10.66667], "texture": "#0"},
				"east": {"uv": [5.33333, 10.33333, 5.66667, 11.33333], "rotation": 90, "texture": "#0"},
				"south": {"uv": [5.33333, 11, 5.66667, 11.33333], "texture": "#0"},
				"west": {"uv": [5.33333, 10.33333, 5.66667, 11.33333], "rotation": 270, "texture": "#0"},
				"up": {"uv": [5.33333, 10.33333, 5.66667, 11.33333], "texture": "#0"},
				"down": {"uv": [5.33333, 11.33333, 5.66667, 10.33333], "texture": "#0"}
			}
		},
		{
			"name": "tithirllance_25",
			"from": [5, 8, 10.66667],
			"to": [5.33333, 8.33333, 11.66667],
			"rotation": {"angle": 0, "axis": "y", "origin": [0, 8, 0]},
			"faces": {
				"north": {"uv": [5.33333, 10.66667, 5, 11], "texture": "#0"},
				"east": {"uv": [5, 10.66667, 5.33333, 11.66667], "rotation": 90, "texture": "#0"},
				"south": {"uv": [5, 11.33333, 5.33333, 11.66667], "texture": "#0"},
				"west": {"uv": [5, 10.66667, 5.33333, 11.66667], "rotation": 270, "texture": "#0"},
				"up": {"uv": [5, 10.66667, 5.33333, 11.66667], "texture": "#0"},
				"down": {"uv": [5, 11.66667, 5.33333, 10.66667], "texture": "#0"}
			}
		},
		{
			"name": "tithirllance_26",
			"from": [4.66667, 8, 11],
			"to": [5, 8.33333, 12],
			"rotation": {"angle": 0, "axis": "y", "origin": [0, 8, 0]},
			"faces": {
				"north": {"uv": [5, 11, 4.66667, 11.33333], "texture": "#0"},
				"east": {"uv": [4.66667, 11, 5, 12], "rotation": 90, "texture": "#0"},
				"south": {"uv": [4.66667, 11.66667, 5, 12], "texture": "#0"},
				"west": {"uv": [4.66667, 11, 5, 12], "rotation": 270, "texture": "#0"},
				"up": {"uv": [4.66667, 11, 5, 12], "texture": "#0"},
				"down": {"uv": [4.66667, 12, 5, 11], "texture": "#0"}
			}
		},
		{
			"name": "tithirllance_27",
			"from": [4.33333, 8, 11.33333],
			"to": [4.66667, 8.33333, 12.33333],
			"rotation": {"angle": 0, "axis": "y", "origin": [0, 8, 0]},
			"faces": {
				"north": {"uv": [4.66667, 11.33333, 4.33333, 11.66667], "texture": "#0"},
				"east": {"uv": [4.33333, 11.33333, 4.66667, 12.33333], "rotation": 90, "texture": "#0"},
				"south": {"uv": [4.33333, 12, 4.66667, 12.33333], "texture": "#0"},
				"west": {"uv": [4.33333, 11.33333, 4.66667, 12.33333], "rotation": 270, "texture": "#0"},
				"up": {"uv": [4.33333, 11.33333, 4.66667, 12.33333], "texture": "#0"},
				"down": {"uv": [4.33333, 12.33333, 4.66667, 11.33333], "texture": "#0"}
			}
		},
		{
			"name": "tithirllance_28",
			"from": [4, 8, 11.66667],
			"to": [4.33333, 8.33333, 12.66667],
			"rotation": {"angle": 0, "axis": "y", "origin": [0, 8, 0]},
			"faces": {
				"north": {"uv": [4.33333, 11.66667, 4, 12], "texture": "#0"},
				"east": {"uv": [4, 11.66667, 4.33333, 12.66667], "rotation": 90, "texture": "#0"},
				"south": {"uv": [4, 12.33333, 4.33333, 12.66667], "texture": "#0"},
				"west": {"uv": [4, 11.66667, 4.33333, 12.66667], "rotation": 270, "texture": "#0"},
				"up": {"uv": [4, 11.66667, 4.33333, 12.66667], "texture": "#0"},
				"down": {"uv": [4, 12.66667, 4.33333, 11.66667], "texture": "#0"}
			}
		},
		{
			"name": "tithirllance_29",
			"from": [3.66667, 8, 12],
			"to": [4, 8.33333, 13],
			"rotation": {"angle": 0, "axis": "y", "origin": [0, 8, 0]},
			"faces": {
				"north": {"uv": [4, 12, 3.66667, 12.33333], "texture": "#0"},
				"east": {"uv": [3.66667, 12, 4, 13], "rotation": 90, "texture": "#0"},
				"south": {"uv": [3.66667, 12.66667, 4, 13], "texture": "#0"},
				"west": {"uv": [3.66667, 12, 4, 13], "rotation": 270, "texture": "#0"},
				"up": {"uv": [3.66667, 12, 4, 13], "texture": "#0"},
				"down": {"uv": [3.66667, 13, 4, 12], "texture": "#0"}
			}
		},
		{
			"name": "tithirllance_30",
			"from": [3.33333, 8, 12.33333],
			"to": [3.66667, 8.33333, 13.33333],
			"rotation": {"angle": 0, "axis": "y", "origin": [0, 8, 0]},
			"faces": {
				"north": {"uv": [3.66667, 12.33333, 3.33333, 12.66667], "texture": "#0"},
				"east": {"uv": [3.33333, 12.33333, 3.66667, 13.33333], "rotation": 90, "texture": "#0"},
				"south": {"uv": [3.33333, 13, 3.66667, 13.33333], "texture": "#0"},
				"west": {"uv": [3.33333, 12.33333, 3.66667, 13.33333], "rotation": 270, "texture": "#0"},
				"up": {"uv": [3.33333, 12.33333, 3.66667, 13.33333], "texture": "#0"},
				"down": {"uv": [3.33333, 13.33333, 3.66667, 12.33333], "texture": "#0"}
			}
		},
		{
			"name": "tithirllance_31",
			"from": [3, 8, 12.66667],
			"to": [3.33333, 8.33333, 13.66667],
			"rotation": {"angle": 0, "axis": "y", "origin": [0, 8, 0]},
			"faces": {
				"north": {"uv": [3.33333, 12.66667, 3, 13], "texture": "#0"},
				"east": {"uv": [3, 12.66667, 3.33333, 13.66667], "rotation": 90, "texture": "#0"},
				"south": {"uv": [3, 13.33333, 3.33333, 13.66667], "texture": "#0"},
				"west": {"uv": [3, 12.66667, 3.33333, 13.66667], "rotation": 270, "texture": "#0"},
				"up": {"uv": [3, 12.66667, 3.33333, 13.66667], "texture": "#0"},
				"down": {"uv": [3, 13.66667, 3.33333, 12.66667], "texture": "#0"}
			}
		},
		{
			"name": "tithirllance_32",
			"from": [2.66667, 8, 13],
			"to": [3, 8.33333, 14],
			"rotation": {"angle": 0, "axis": "y", "origin": [0, 8, 0]},
			"faces": {
				"north": {"uv": [3, 13, 2.66667, 13.33333], "texture": "#0"},
				"east": {"uv": [2.66667, 13, 3, 14], "rotation": 90, "texture": "#0"},
				"south": {"uv": [2.66667, 13.66667, 3, 14], "texture": "#0"},
				"west": {"uv": [2.66667, 13, 3, 14], "rotation": 270, "texture": "#0"},
				"up": {"uv": [2.66667, 13, 3, 14], "texture": "#0"},
				"down": {"uv": [2.66667, 14, 3, 13], "texture": "#0"}
			}
		},
		{
			"name": "tithirllance_33",
			"from": [2.33333, 8, 13.33333],
			"to": [2.66667, 8.33333, 13.66667],
			"rotation": {"angle": 0, "axis": "y", "origin": [0, 8, 0]},
			"faces": {
				"north": {"uv": [2.66667, 13.33333, 2.33333, 13.66667], "texture": "#0"},
				"east": {"uv": [2.33333, 13.33333, 2.66667, 13.66667], "rotation": 90, "texture": "#0"},
				"south": {"uv": [2.33333, 13.33333, 2.66667, 13.66667], "texture": "#0"},
				"west": {"uv": [2.33333, 13.33333, 2.66667, 13.66667], "rotation": 270, "texture": "#0"},
				"up": {"uv": [2.33333, 13.33333, 2.66667, 13.66667], "texture": "#0"},
				"down": {"uv": [2.33333, 13.66667, 2.66667, 13.33333], "texture": "#0"}
			}
		}
	],
	"gui_light": "front",
	"display": {
		"thirdperson_righthand": {
			"rotation": [20, 0, 90],
			"translation": [0, 6.5, -2.75],
			"scale": [2.01, 2.01, 2.01]
		},
		"thirdperson_lefthand": {
			"rotation": [20, 0, -90],
			"translation": [0, 6.5, -3.25],
			"scale": [2.01, 2.01, 2.01]
		},
		"firstperson_righthand": {
			"rotation": [-29, 0, 90],
			"translation": [-0.75, 5, 2]
		},
		"firstperson_lefthand": {
			"rotation": [-29, 0, -90],
			"translation": [-0.75, 5, 2]
		},
		"ground": {
			"rotation": [-135, 0, 90],
			"translation": [0, 3.25, 0],
			"scale": [0.98, 0.98, 0.98]
		},
		"gui": {
			"rotation": [90, 0, 0],
			"scale": [1.54, 1.54, 1.54]
		},
		"fixed": {
			"rotation": [90, 0, 180],
			"translation": [0, 0.25, 0],
			"scale": [1.92, 1.92, 1.92]
		}
	},
	"groups": [
		{
			"name": "tithirllance",
			"origin": [8, 8, 8],
			"color": 0,
			"children": [0, 1, 2, 3, 4, 5, 6, 7, 8, 9, 10, 11, 12, 13, 14, 15, 16, 17, 18, 19, 20, 21, 22, 23, 24, 25, 26, 27, 28, 29, 30, 31, 32, 33]
		}
	]
}