{
	"credit": "Made with Blockbench",
	"textures": {
		"0": "block/oak_planks",
		"1": "block/gold_block",
		"particle": "block/oak_planks"
	},
	"elements": [
		{
			"from": [7.6875, 7.6875, 8.2125],
			"to": [8.3125, 8.3125, 9.0875],
			"rotation": {"angle": 0, "axis": "y", "origin": [7.75, 7.75, 13.5875]},
			"faces": {
				"north": {"uv": [0, 0, 1, 2], "rotation": 180, "texture": "#1"},
				"east": {"uv": [0, 0, 1, 2], "rotation": 90, "texture": "#1"},
				"south": {"uv": [0, 0, 1, 2], "texture": "#1"},
				"west": {"uv": [0, 0, 1, 2], "rotation": 270, "texture": "#1"},
				"up": {"uv": [0, 0, 1, 2], "texture": "#1"},
				"down": {"uv": [0, 0, 1, 2], "rotation": 180, "texture": "#1"}
			}
		},
		{
			"from": [7.9375, 7.9375, 4.4625],
			"to": [8.0625, 8.0625, 5.0875],
			"rotation": {"angle": 0, "axis": "y", "origin": [7.75, 7.75, 13.5875]},
			"faces": {
				"north": {"uv": [0, 0, 1, 4], "texture": "#0"},
				"east": {"uv": [0, 0, 1, 4], "rotation": 270, "texture": "#0"},
				"south": {"uv": [0, 0, 1, 4], "rotation": 180, "texture": "#0"},
				"west": {"uv": [0, 0, 1, 4], "rotation": 90, "texture": "#0"},
				"up": {"uv": [0, 0, 1, 3], "rotation": 180, "texture": "#0"},
				"down": {"uv": [0, 0, 1, 4], "texture": "#0"}
			}
		},
		{
			"from": [7.75, 7.75, 6.8375],
			"to": [8.25, 8.25, 22.4625],
			"rotation": {"angle": 0, "axis": "y", "origin": [7.75, 7.75, 13.5875]},
			"faces": {
				"north": {"uv": [0, 0, 1, 4], "texture": "#0"},
				"east": {"uv": [0, 0, 1, 4], "rotation": 270, "texture": "#0"},
				"south": {"uv": [0, 0, 1, 4], "rotation": 180, "texture": "#0"},
				"west": {"uv": [0, 0, 1, 4], "rotation": 90, "texture": "#0"},
				"up": {"uv": [0, 0, 1, 4], "rotation": 180, "texture": "#0"},
				"down": {"uv": [0, 0, 1, 4], "texture": "#0"}
			}
		},
		{
			"from": [7.8125, 7.8125, 5.9625],
			"to": [8.1875, 8.1875, 6.8375],
			"rotation": {"angle": 0, "axis": "y", "origin": [7.75, 7.75, 13.5875]},
			"faces": {
				"north": {"uv": [0, 0, 1, 4], "texture": "#0"},
				"east": {"uv": [0, 0, 1, 4], "rotation": 270, "texture": "#0"},
				"south": {"uv": [0, 0, 1, 4], "rotation": 180, "texture": "#0"},
				"west": {"uv": [0, 0, 1, 4], "rotation": 90, "texture": "#0"},
				"up": {"uv": [0, 0, 1, 3], "rotation": 180, "texture": "#0"},
				"down": {"uv": [0, 0, 1, 4], "texture": "#0"}
			}
		},
		{
			"from": [7.875, 7.875, 5.0875],
			"to": [8.125, 8.125, 5.9625],
			"rotation": {"angle": 0, "axis": "y", "origin": [7.75, 7.75, 13.5875]},
			"faces": {
				"north": {"uv": [0, 0, 1, 4], "texture": "#0"},
				"east": {"uv": [0, 0, 1, 4], "rotation": 270, "texture": "#0"},
				"south": {"uv": [0, 0, 1, 4], "rotation": 180, "texture": "#0"},
				"west": {"uv": [0, 0, 1, 4], "rotation": 90, "texture": "#0"},
				"up": {"uv": [0, 0, 1, 3], "rotation": 180, "texture": "#0"},
				"down": {"uv": [0, 0, 1, 4], "texture": "#0"}
			}
		}
	],
	"gui_light": "front",
	"display": {
		"thirdperson_righthand": {
			"rotation": [90, 0, 0],
			"translation": [0, 10.25, 1.5],
			"scale": [1.29, 1.29, 1.29]
		},
		"thirdperson_lefthand": {
			"rotation": [90, 0, 0],
			"translation": [0, 10.25, 1.5],
			"scale": [1.29, 1.29, 1.29]
		},
		"firstperson_righthand": {
			"rotation": [15, 0, 0],
			"translation": [-2.25, 6.5, 3.25]
		},
		"firstperson_lefthand": {
			"rotation": [15, 0, 0],
			"translation": [-2.25, 6.5, 3.25]
		},
		"ground": {
			"rotation": [-65, 0, 0],
			"translation": [0, 0, -2],
			"scale": [1.26, 1.26, 1.26]
		},
		"gui": {
			"rotation": [105, 43, 19],
			"translation": [-4.25, 4.5, 0],
			"scale": [1.12, 1.12, 1.12]
		},
		"fixed": {
			"rotation": [90, 0, 0],
			"translation": [0, 5.75, 0]
		}
	},
	"groups": [0,
		{
			"name": "group",
			"origin": [0, 0, 0],
			"color": 0,
			"children": [1, 2, 3, 4]
		}
	]
}