{
	"credit": "Made with Blockbench",
	"textures": {
		"0": "block/stone",
		"1": "block/orange_concrete_powder",
		"2": "block/brown_concrete_powder",
		"particle": "block/stone"
	},
	"elements": [
		{
			"from": [8.0625, 0, 8.0625],
			"to": [8.9375, 4, 8.9375],
			"rotation": {"angle": 0, "axis": "y", "origin": [8.5, 0.5, 8.5]},
			"faces": {
				"north": {"uv": [0, 0, 0.875, 4], "texture": "#2"},
				"east": {"uv": [0, 0, 0.875, 4], "texture": "#2"},
				"south": {"uv": [0, 0, 0.875, 4], "texture": "#2"},
				"west": {"uv": [0, 0, 0.875, 4], "texture": "#2"},
				"up": {"uv": [0, 0, 0.875, 0.875], "texture": "#2"},
				"down": {"uv": [0, 0, 0.875, 0.875], "texture": "#2"}
			}
		},
		{
			"from": [8.1875, 15.0625, 8.375],
			"to": [8.8125, 16.0625, 8.625],
			"rotation": {"angle": 0, "axis": "y", "origin": [8, 4.5, 8.5]},
			"faces": {
				"north": {"uv": [2, 0, 2.625, 1], "texture": "#0"},
				"east": {"uv": [2, 0, 2.625, 1], "texture": "#0"},
				"south": {"uv": [2, 0, 2.625, 1], "texture": "#0"},
				"west": {"uv": [2, 0, 2.625, 1], "texture": "#0"},
				"up": {"uv": [2, 0, 2.625, 1], "texture": "#0"},
				"down": {"uv": [2, 0, 2.625, 1], "texture": "#0"}
			}
		},
		{
			"from": [7.875, 14.125, 8.375],
			"to": [9.125, 15.0625, 8.625],
			"rotation": {"angle": 0, "axis": "y", "origin": [8, 4.5, 8.5]},
			"faces": {
				"north": {"uv": [13, 0, 13.625, 3], "rotation": 90, "texture": "#0"},
				"east": {"uv": [2, 0, 2.625, 1], "texture": "#0"},
				"south": {"uv": [13, 0, 13.625, 3], "rotation": 90, "texture": "#0"},
				"west": {"uv": [2, 0, 2.625, 1], "texture": "#0"},
				"up": {"uv": [2, 0, 2.625, 1], "texture": "#0"},
				"down": {"uv": [2, 0, 2.625, 1], "texture": "#0"}
			}
		},
		{
			"from": [7.625, 4.9375, 8.375],
			"to": [9.375, 14.125, 8.625],
			"rotation": {"angle": 0, "axis": "y", "origin": [8, 4.5, 8.5]},
			"faces": {
				"north": {"uv": [13, 0, 13.625, 3], "rotation": 90, "texture": "#0"},
				"east": {"uv": [2, 0, 2.625, 1], "texture": "#0"},
				"south": {"uv": [13, 0, 13.625, 3], "rotation": 90, "texture": "#0"},
				"west": {"uv": [2, 0, 2.625, 1], "texture": "#0"},
				"up": {"uv": [2, 0, 2.625, 1], "texture": "#0"},
				"down": {"uv": [2, 0, 2.625, 1], "texture": "#0"}
			}
		},
		{
			"from": [7.9375, -0.4375, 7.9375],
			"to": [9.0625, 0.25, 9.0625],
			"rotation": {"angle": 0, "axis": "y", "origin": [8.5, -4.5625, 8.5]},
			"faces": {
				"north": {"uv": [1, 0, 2.125, 0.688], "texture": "#1"},
				"east": {"uv": [1, 0, 2.125, 0.688], "texture": "#1"},
				"south": {"uv": [1, 0, 2.125, 0.688], "texture": "#1"},
				"west": {"uv": [1, 0, 2.125, 0.688], "texture": "#1"},
				"up": {"uv": [1, 0, 2.125, 0.688], "texture": "#1"},
				"down": {"uv": [1, 0, 2.125, 0.688], "texture": "#1"}
			}
		},
		{
			"from": [6.5, 4, 8],
			"to": [10.5, 4.9375, 9],
			"rotation": {"angle": 0, "axis": "y", "origin": [8, 4.5, 8.5]},
			"faces": {
				"north": {"uv": [1, 0, 2.125, 0.688], "texture": "#1"},
				"east": {"uv": [1, 0, 2.125, 0.688], "texture": "#1"},
				"south": {"uv": [1, 0, 2.125, 0.688], "texture": "#1"},
				"west": {"uv": [1, 0, 2.125, 0.688], "texture": "#1"},
				"up": {"uv": [1, 0, 2.125, 0.688], "texture": "#1"},
				"down": {"uv": [1, 0, 2.125, 0.688], "texture": "#1"}
			}
		},
		{
			"from": [5.6875, 4.25, 8.125],
			"to": [11.375, 4.6875, 8.875],
			"rotation": {"angle": 0, "axis": "y", "origin": [8, 4.5, 8.5]},
			"faces": {
				"north": {"uv": [10, 9, 11.125, 9.688], "texture": "#1"},
				"east": {"uv": [10, 9, 11.125, 9.688], "texture": "#1"},
				"south": {"uv": [10, 9, 11.125, 9.688], "texture": "#1"},
				"west": {"uv": [10, 9, 11.125, 9.688], "texture": "#1"},
				"up": {"uv": [10, 9, 11.125, 9.688], "texture": "#1"},
				"down": {"uv": [10, 9, 11.125, 9.688], "texture": "#1"}
			}
		},
		{
			"from": [8.1875, 4.125, 7.9375],
			"to": [8.8125, 5.0625, 9.0625],
			"rotation": {"angle": 0, "axis": "y", "origin": [8.5, 0.25, 8.5]},
			"faces": {
				"north": {"uv": [6, 14, 7.125, 14.688], "texture": "#1"},
				"east": {"uv": [6, 14, 7.125, 14.688], "texture": "#1"},
				"south": {"uv": [6, 14, 7.125, 14.688], "texture": "#1"},
				"west": {"uv": [6, 14, 7.125, 14.688], "texture": "#1"},
				"up": {"uv": [6, 14, 7.125, 14.688], "texture": "#1"},
				"down": {"uv": [6, 14, 7.125, 14.688], "texture": "#1"}
			}
		}
	],
	"gui_light": "front",
	"display": {
		"thirdperson_righthand": {
			"rotation": [0, -90, 0],
			"translation": [0.25, 3.75, 1],
			"scale": [0.9, 0.9, 0.9]
		},
		"thirdperson_lefthand": {
			"rotation": [0, -90, 0],
			"translation": [-0.25, 3.75, 1.5],
			"scale": [0.9, 0.9, 0.9]
		},
		"firstperson_righthand": {
			"rotation": [0, 90, 0],
			"translation": [-0.25, 6.25, 2.5]
		},
		"firstperson_lefthand": {
			"rotation": [0, 90, 0],
			"translation": [-0.25, 6.25, 1.5]
		},
		"ground": {
			"rotation": [0, 0, -180],
			"translation": [0.5, -0.5, 0]
		},
		"gui": {
			"rotation": [0, 0, -45],
			"translation": [0.25, 0.25, 0],
			"scale": [1.2, 1.2, 1.2]
		},
		"fixed": {
			"rotation": [0, 0, -45],
			"translation": [0, 0, -0.75],
			"scale": [1.25, 1.25, 1.25]
		}
	},
	"groups": [0,
		{
			"name": "group",
			"origin": [8, 4.5, 8.5],
			"children": [1, 2, 3]
		},
		{
			"name": "group",
			"origin": [8.5, 0.25, 8.5],
			"children": [4, 5, 6, 7]
		}
	]
}