{
	"credit": "Made with Blockbench",
	"textures": {
		"0": "item/dot",
		"particle": "item/dot"
	},
	"elements": [
		{
			"name": "dot_0",
			"from": [0, 15.5, 0],
			"to": [0.5, 16, 0.5],
			"faces": {
				"north": {"uv": [0.5, 0, 0, 0.5], "texture": "#0"},
				"east": {"uv": [0, 0, 0.5, 0.5], "texture": "#0"},
				"south": {"uv": [0, 0, 0.5, 0.5], "texture": "#0"},
				"west": {"uv": [0, 0, 0.5, 0.5], "texture": "#0"},
				"up": {"uv": [0, 0, 0.5, 0.5], "texture": "#0"},
				"down": {"uv": [0, 0, 0.5, 0.5], "texture": "#0"}
			}
		},
		{
			"name": "dot_1",
			"from": [15.5, 0, 0],
			"to": [16, 0.5, 0.5],
			"faces": {
				"north": {"uv": [16, 15.5, 15.5, 16], "texture": "#0"},
				"east": {"uv": [15.5, 15.5, 16, 16], "texture": "#0"},
				"south": {"uv": [15.5, 15.5, 16, 16], "texture": "#0"},
				"west": {"uv": [15.5, 15.5, 16, 16], "texture": "#0"},
				"up": {"uv": [15.5, 15.5, 16, 16], "texture": "#0"},
				"down": {"uv": [15.5, 15.5, 16, 16], "texture": "#0"}
			}
		}
	],
	"gui_light": "front",
	"display": {
		"gui": {
			"scale": [0.26, 0.26, 0.26]
		}
	},
	"groups": [
		{
			"name": "dot",
			"origin": [8, 8, 8],
			"color": 0,
			"children": [0, 1]
		}
	]
}