{
	"credit": "Made with Blockbench",
	"textures": {
		"0": "item/eastbomb",
		"particle": "item/eastbomb"
	},
	"elements": [
		{
			"name": "eastbomb_0",
			"from": [3.43333, 7.5, 1.06667],
			"to": [5.43333, 8.5, 9.06667],
			"rotation": {"angle": 0, "axis": "y", "origin": [0.43333, 7.5, 0.06667]},
			"faces": {
				"north": {"uv": [5, 1, 3, 2], "texture": "#0"},
				"east": {"uv": [4, 1, 5, 9], "rotation": 90, "texture": "#0"},
				"south": {"uv": [3, 8, 5, 9], "texture": "#0"},
				"west": {"uv": [3, 1, 4, 9], "rotation": 270, "texture": "#0"},
				"up": {"uv": [3, 1, 5, 9], "texture": "#0"},
				"down": {"uv": [3, 9, 5, 1], "texture": "#0"}
			}
		},
		{
			"name": "eastbomb_1",
			"from": [6.43333, 7.5, 1.06667],
			"to": [7.43333, 8.5, 11.06667],
			"rotation": {"angle": 0, "axis": "y", "origin": [0.43333, 7.5, 0.06667]},
			"faces": {
				"north": {"uv": [7, 1, 6, 2], "texture": "#0"},
				"east": {"uv": [6, 1, 7, 11], "rotation": 90, "texture": "#0"},
				"south": {"uv": [6, 10, 7, 11], "texture": "#0"},
				"west": {"uv": [6, 1, 7, 11], "rotation": 270, "texture": "#0"},
				"up": {"uv": [6, 1, 7, 11], "texture": "#0"},
				"down": {"uv": [6, 11, 7, 1], "texture": "#0"}
			}
		},
		{
			"name": "eastbomb_2",
			"from": [2.43333, 7.5, 2.06667],
			"to": [3.43333, 8.5, 8.06667],
			"rotation": {"angle": 0, "axis": "y", "origin": [0.43333, 7.5, 0.06667]},
			"faces": {
				"north": {"uv": [3, 2, 2, 3], "texture": "#0"},
				"east": {"uv": [2, 2, 3, 8], "rotation": 90, "texture": "#0"},
				"south": {"uv": [2, 7, 3, 8], "texture": "#0"},
				"west": {"uv": [2, 2, 3, 8], "rotation": 270, "texture": "#0"},
				"up": {"uv": [2, 2, 3, 8], "texture": "#0"},
				"down": {"uv": [2, 8, 3, 2], "texture": "#0"}
			}
		},
		{
			"name": "eastbomb_3",
			"from": [5.43333, 7.5, 2.06667],
			"to": [6.43333, 8.5, 9.06667],
			"rotation": {"angle": 0, "axis": "y", "origin": [0.43333, 7.5, 0.06667]},
			"faces": {
				"north": {"uv": [6, 2, 5, 3], "texture": "#0"},
				"east": {"uv": [5, 2, 6, 9], "rotation": 90, "texture": "#0"},
				"south": {"uv": [5, 8, 6, 9], "texture": "#0"},
				"west": {"uv": [5, 2, 6, 9], "rotation": 270, "texture": "#0"},
				"up": {"uv": [5, 2, 6, 9], "texture": "#0"},
				"down": {"uv": [5, 9, 6, 2], "texture": "#0"}
			}
		},
		{
			"name": "eastbomb_4",
			"from": [7.43333, 7.5, 2.06667],
			"to": [8.43333, 8.5, 12.06667],
			"rotation": {"angle": 0, "axis": "y", "origin": [0.43333, 7.5, 0.06667]},
			"faces": {
				"north": {"uv": [8, 2, 7, 3], "texture": "#0"},
				"east": {"uv": [7, 2, 8, 12], "rotation": 90, "texture": "#0"},
				"south": {"uv": [7, 11, 8, 12], "texture": "#0"},
				"west": {"uv": [7, 2, 8, 12], "rotation": 270, "texture": "#0"},
				"up": {"uv": [7, 2, 8, 12], "texture": "#0"},
				"down": {"uv": [7, 12, 8, 2], "texture": "#0"}
			}
		},
		{
			"name": "eastbomb_5",
			"from": [1.43333, 7.5, 3.06667],
			"to": [2.43333, 8.5, 5.06667],
			"rotation": {"angle": 0, "axis": "y", "origin": [0.43333, 7.5, 0.06667]},
			"faces": {
				"north": {"uv": [2, 3, 1, 4], "texture": "#0"},
				"east": {"uv": [1, 3, 2, 5], "rotation": 90, "texture": "#0"},
				"south": {"uv": [1, 4, 2, 5], "texture": "#0"},
				"west": {"uv": [1, 3, 2, 5], "rotation": 270, "texture": "#0"},
				"up": {"uv": [1, 3, 2, 5], "texture": "#0"},
				"down": {"uv": [1, 5, 2, 3], "texture": "#0"}
			}
		},
		{
			"name": "eastbomb_6",
			"from": [8.43333, 7.5, 3.06667],
			"to": [9.43333, 8.5, 12.06667],
			"rotation": {"angle": 0, "axis": "y", "origin": [0.43333, 7.5, 0.06667]},
			"faces": {
				"north": {"uv": [9, 3, 8, 4], "texture": "#0"},
				"east": {"uv": [8, 3, 9, 12], "rotation": 90, "texture": "#0"},
				"south": {"uv": [8, 11, 9, 12], "texture": "#0"},
				"west": {"uv": [8, 3, 9, 12], "rotation": 270, "texture": "#0"},
				"up": {"uv": [8, 3, 9, 12], "texture": "#0"},
				"down": {"uv": [8, 12, 9, 3], "texture": "#0"}
			}
		},
		{
			"name": "eastbomb_7",
			"from": [9.43333, 7.5, 4.06667],
			"to": [10.43333, 8.5, 5.06667],
			"rotation": {"angle": 0, "axis": "y", "origin": [0.43333, 7.5, 0.06667]},
			"faces": {
				"north": {"uv": [10, 4, 9, 5], "texture": "#0"},
				"east": {"uv": [9, 4, 10, 5], "rotation": 90, "texture": "#0"},
				"south": {"uv": [9, 4, 10, 5], "texture": "#0"},
				"west": {"uv": [9, 4, 10, 5], "rotation": 270, "texture": "#0"},
				"up": {"uv": [9, 4, 10, 5], "texture": "#0"},
				"down": {"uv": [9, 5, 10, 4], "texture": "#0"}
			}
		},
		{
			"name": "eastbomb_8",
			"from": [1.43333, 7.5, 6.06667],
			"to": [2.43333, 8.5, 7.06667],
			"rotation": {"angle": 0, "axis": "y", "origin": [0.43333, 7.5, 0.06667]},
			"faces": {
				"north": {"uv": [2, 6, 1, 7], "texture": "#0"},
				"east": {"uv": [1, 6, 2, 7], "rotation": 90, "texture": "#0"},
				"south": {"uv": [1, 6, 2, 7], "texture": "#0"},
				"west": {"uv": [1, 6, 2, 7], "rotation": 270, "texture": "#0"},
				"up": {"uv": [1, 6, 2, 7], "texture": "#0"},
				"down": {"uv": [1, 7, 2, 6], "texture": "#0"}
			}
		},
		{
			"name": "eastbomb_9",
			"from": [9.43333, 7.5, 6.06667],
			"to": [11.43333, 8.5, 13.06667],
			"rotation": {"angle": 0, "axis": "y", "origin": [0.43333, 7.5, 0.06667]},
			"faces": {
				"north": {"uv": [11, 6, 9, 7], "texture": "#0"},
				"east": {"uv": [10, 6, 11, 13], "rotation": 90, "texture": "#0"},
				"south": {"uv": [9, 12, 11, 13], "texture": "#0"},
				"west": {"uv": [9, 6, 10, 13], "rotation": 270, "texture": "#0"},
				"up": {"uv": [9, 6, 11, 13], "texture": "#0"},
				"down": {"uv": [9, 13, 11, 6], "texture": "#0"}
			}
		},
		{
			"name": "eastbomb_10",
			"from": [11.43333, 7.5, 7.06667],
			"to": [12.43333, 8.5, 14.06667],
			"rotation": {"angle": 0, "axis": "y", "origin": [0.43333, 7.5, 0.06667]},
			"faces": {
				"north": {"uv": [12, 7, 11, 8], "texture": "#0"},
				"east": {"uv": [11, 7, 12, 14], "rotation": 90, "texture": "#0"},
				"south": {"uv": [11, 13, 12, 14], "texture": "#0"},
				"west": {"uv": [11, 7, 12, 14], "rotation": 270, "texture": "#0"},
				"up": {"uv": [11, 7, 12, 14], "texture": "#0"},
				"down": {"uv": [11, 14, 12, 7], "texture": "#0"}
			}
		},
		{
			"name": "eastbomb_11",
			"from": [4.43333, 7.5, 9.06667],
			"to": [5.43333, 8.5, 10.06667],
			"rotation": {"angle": 0, "axis": "y", "origin": [0.43333, 7.5, 0.06667]},
			"faces": {
				"north": {"uv": [5, 9, 4, 10], "texture": "#0"},
				"east": {"uv": [4, 9, 5, 10], "rotation": 90, "texture": "#0"},
				"south": {"uv": [4, 9, 5, 10], "texture": "#0"},
				"west": {"uv": [4, 9, 5, 10], "rotation": 270, "texture": "#0"},
				"up": {"uv": [4, 9, 5, 10], "texture": "#0"},
				"down": {"uv": [4, 10, 5, 9], "texture": "#0"}
			}
		},
		{
			"name": "eastbomb_12",
			"from": [12.43333, 7.5, 9.06667],
			"to": [13.43333, 8.5, 14.06667],
			"rotation": {"angle": 0, "axis": "y", "origin": [0.43333, 7.5, 0.06667]},
			"faces": {
				"north": {"uv": [13, 9, 12, 10], "texture": "#0"},
				"east": {"uv": [12, 9, 13, 14], "rotation": 90, "texture": "#0"},
				"south": {"uv": [12, 13, 13, 14], "texture": "#0"},
				"west": {"uv": [12, 9, 13, 14], "rotation": 270, "texture": "#0"},
				"up": {"uv": [12, 9, 13, 14], "texture": "#0"},
				"down": {"uv": [12, 14, 13, 9], "texture": "#0"}
			}
		},
		{
			"name": "eastbomb_13",
			"from": [13.43333, 7.5, 11.06667],
			"to": [14.43333, 8.5, 15.06667],
			"rotation": {"angle": 0, "axis": "y", "origin": [0.43333, 7.5, 0.06667]},
			"faces": {
				"north": {"uv": [14, 11, 13, 12], "texture": "#0"},
				"east": {"uv": [13, 11, 14, 15], "rotation": 90, "texture": "#0"},
				"south": {"uv": [13, 14, 14, 15], "texture": "#0"},
				"west": {"uv": [13, 11, 14, 15], "rotation": 270, "texture": "#0"},
				"up": {"uv": [13, 11, 14, 15], "texture": "#0"},
				"down": {"uv": [13, 15, 14, 11], "texture": "#0"}
			}
		},
		{
			"name": "eastbomb_14",
			"from": [14.43333, 7.5, 13.06667],
			"to": [15.43333, 8.5, 15.06667],
			"rotation": {"angle": 0, "axis": "y", "origin": [0.43333, 7.5, 0.06667]},
			"faces": {
				"north": {"uv": [15, 13, 14, 14], "texture": "#0"},
				"east": {"uv": [14, 13, 15, 15], "rotation": 90, "texture": "#0"},
				"south": {"uv": [14, 14, 15, 15], "texture": "#0"},
				"west": {"uv": [14, 13, 15, 15], "rotation": 270, "texture": "#0"},
				"up": {"uv": [14, 13, 15, 15], "texture": "#0"},
				"down": {"uv": [14, 15, 15, 13], "texture": "#0"}
			}
		}
	],
	"gui_light": "front",
	"display": {
		"thirdperson_righthand": {
			"rotation": [77, 0, 0],
			"translation": [0, 1, 0.75],
			"scale": [0.21, 0.21, 0.21]
		},
		"thirdperson_lefthand": {
			"rotation": [77, 0, 0],
			"translation": [0, 1, 0.75],
			"scale": [0.21, 0.21, 0.21]
		},
		"firstperson_righthand": {
			"rotation": [90, 0, 0],
			"translation": [0, 4, 2.25],
			"scale": [0.34, 0.34, 0.34]
		},
		"firstperson_lefthand": {
			"rotation": [90, 0, 0],
			"translation": [0, 4, 2.25],
			"scale": [0.34, 0.34, 0.34]
		},
		"ground": {
			"rotation": [90, 0, 0],
			"scale": [0.33, 0.33, 0.33]
		},
		"gui": {
			"rotation": [90, 0, 0],
			"translation": [0.5, 0, 0]
		},
		"fixed": {
			"rotation": [90, 0, 0],
			"translation": [0.25, -0.5, 0]
		}
	},
	"groups": [
		{
			"name": "eastbomb",
			"origin": [8, 8, 8],
			"color": 0,
			"children": [0, 1, 2, 3, 4, 5, 6, 7, 8, 9, 10, 11, 12, 13, 14]
		}
	]
}