{
	"credit": "Made with Blockbench",
	"textures": {
		"0": "item/ectoplasm",
		"particle": "item/ectoplasm" 
	},
	"elements": [
		{
			"name": "ectoplasm_0",
			"from": [5.33333, 7.83333, 0.5],
			"to": [7.33333, 8.16667, 1.5],
			"rotation": {"angle": 0, "axis": "y", "origin": [0, 7.83333, 0.16667]},
			"faces": {
				"north": {"uv": [7.33333, 0.33333, 5.33333, 0.66667], "texture": "#0"},
				"east": {"uv": [7, 0.33333, 7.33333, 1.33333], "rotation": 90, "texture": "#0"},
				"south": {"uv": [5.33333, 1, 7.33333, 1.33333], "texture": "#0"},
				"west": {"uv": [5.33333, 0.33333, 5.66667, 1.33333], "rotation": 270, "texture": "#0"},
				"up": {"uv": [5.33333, 0.33333, 7.33333, 1.33333], "texture": "#0"},
				"down": {"uv": [5.33333, 1.33333, 7.33333, 0.33333], "texture": "#0"}
			}
		},
		{
			"name": "ectoplasm_1",
			"from": [4.66667, 7.83333, 0.83333],
			"to": [5.33333, 8.16667, 1.83333],
			"rotation": {"angle": 0, "axis": "y", "origin": [0, 7.83333, 0.16667]},
			"faces": {
				"north": {"uv": [5.33333, 0.66667, 4.66667, 1], "texture": "#0"},
				"east": {"uv": [5, 0.66667, 5.33333, 1.66667], "rotation": 90, "texture": "#0"},
				"south": {"uv": [4.66667, 1.33333, 5.33333, 1.66667], "texture": "#0"},
				"west": {"uv": [4.66667, 0.66667, 5, 1.66667], "rotation": 270, "texture": "#0"},
				"up": {"uv": [4.66667, 0.66667, 5.33333, 1.66667], "texture": "#0"},
				"down": {"uv": [4.66667, 1.66667, 5.33333, 0.66667], "texture": "#0"}
			}
		},
		{
			"name": "ectoplasm_2",
			"from": [7.33333, 7.83333, 0.83333],
			"to": [8.33333, 8.16667, 2.5],
			"rotation": {"angle": 0, "axis": "y", "origin": [0, 7.83333, 0.16667]},
			"faces": {
				"north": {"uv": [8.33333, 0.66667, 7.33333, 1], "texture": "#0"},
				"east": {"uv": [8, 0.66667, 8.33333, 2.33333], "rotation": 90, "texture": "#0"},
				"south": {"uv": [7.33333, 2, 8.33333, 2.33333], "texture": "#0"},
				"west": {"uv": [7.33333, 0.66667, 7.66667, 2.33333], "rotation": 270, "texture": "#0"},
				"up": {"uv": [7.33333, 0.66667, 8.33333, 2.33333], "texture": "#0"},
				"down": {"uv": [7.33333, 2.33333, 8.33333, 0.66667], "texture": "#0"}
			}
		},
		{
			"name": "ectoplasm_3",
			"from": [3.66667, 7.83333, 1.16667],
			"to": [4.66667, 8.16667, 2.16667],
			"rotation": {"angle": 0, "axis": "y", "origin": [0, 7.83333, 0.16667]},
			"faces": {
				"north": {"uv": [4.66667, 1, 3.66667, 1.33333], "texture": "#0"},
				"east": {"uv": [4.33333, 1, 4.66667, 2], "rotation": 90, "texture": "#0"},
				"south": {"uv": [3.66667, 1.66667, 4.66667, 2], "texture": "#0"},
				"west": {"uv": [3.66667, 1, 4, 2], "rotation": 270, "texture": "#0"},
				"up": {"uv": [3.66667, 1, 4.66667, 2], "texture": "#0"},
				"down": {"uv": [3.66667, 2, 4.66667, 1], "texture": "#0"}
			}
		},
		{
			"name": "ectoplasm_4",
			"from": [8.33333, 7.83333, 1.16667],
			"to": [9, 8.16667, 3.5],
			"rotation": {"angle": 0, "axis": "y", "origin": [0, 7.83333, 0.16667]},
			"faces": {
				"north": {"uv": [9, 1, 8.33333, 1.33333], "texture": "#0"},
				"east": {"uv": [8.66667, 1, 9, 3.33333], "rotation": 90, "texture": "#0"},
				"south": {"uv": [8.33333, 3, 9, 3.33333], "texture": "#0"},
				"west": {"uv": [8.33333, 1, 8.66667, 3.33333], "rotation": 270, "texture": "#0"},
				"up": {"uv": [8.33333, 1, 9, 3.33333], "texture": "#0"},
				"down": {"uv": [8.33333, 3.33333, 9, 1], "texture": "#0"}
			}
		},
		{
			"name": "ectoplasm_5",
			"from": [3, 7.83333, 1.5],
			"to": [3.66667, 8.16667, 14.16667],
			"rotation": {"angle": 0, "axis": "y", "origin": [0, 7.83333, 0.16667]},
			"faces": {
				"north": {"uv": [3.66667, 1.33333, 3, 1.66667], "texture": "#0"},
				"east": {"uv": [3.33333, 1.33333, 3.66667, 14], "rotation": 90, "texture": "#0"},
				"south": {"uv": [3, 13.66667, 3.66667, 14], "texture": "#0"},
				"west": {"uv": [3, 1.33333, 3.33333, 14], "rotation": 270, "texture": "#0"},
				"up": {"uv": [3, 1.33333, 3.66667, 14], "texture": "#0"},
				"down": {"uv": [3, 14, 3.66667, 1.33333], "texture": "#0"}
			}
		},
		{
			"name": "ectoplasm_6",
			"from": [5.33333, 7.83333, 1.5],
			"to": [5.66667, 8.16667, 1.83333],
			"rotation": {"angle": 0, "axis": "y", "origin": [0, 7.83333, 0.16667]},
			"faces": {
				"north": {"uv": [5.66667, 1.33333, 5.33333, 1.66667], "texture": "#0"},
				"east": {"uv": [5.33333, 1.33333, 5.66667, 1.66667], "rotation": 90, "texture": "#0"},
				"south": {"uv": [5.33333, 1.33333, 5.66667, 1.66667], "texture": "#0"},
				"west": {"uv": [5.33333, 1.33333, 5.66667, 1.66667], "rotation": 270, "texture": "#0"},
				"up": {"uv": [5.33333, 1.33333, 5.66667, 1.66667], "texture": "#0"},
				"down": {"uv": [5.33333, 1.66667, 5.66667, 1.33333], "texture": "#0"}
			}
		},
		{
			"name": "ectoplasm_7",
			"from": [6, 7.83333, 1.5],
			"to": [7.33333, 8.16667, 1.83333],
			"rotation": {"angle": 0, "axis": "y", "origin": [0, 7.83333, 0.16667]},
			"faces": {
				"north": {"uv": [7.33333, 1.33333, 6, 1.66667], "texture": "#0"},
				"east": {"uv": [7, 1.33333, 7.33333, 1.66667], "rotation": 90, "texture": "#0"},
				"south": {"uv": [6, 1.33333, 7.33333, 1.66667], "texture": "#0"},
				"west": {"uv": [6, 1.33333, 6.33333, 1.66667], "rotation": 270, "texture": "#0"},
				"up": {"uv": [6, 1.33333, 7.33333, 1.66667], "texture": "#0"},
				"down": {"uv": [6, 1.66667, 7.33333, 1.33333], "texture": "#0"}
			}
		},
		{
			"name": "ectoplasm_8",
			"from": [9, 7.83333, 1.5],
			"to": [9.33333, 8.16667, 6.16667],
			"rotation": {"angle": 0, "axis": "y", "origin": [0, 7.83333, 0.16667]},
			"faces": {
				"north": {"uv": [9.33333, 1.33333, 9, 1.66667], "texture": "#0"},
				"east": {"uv": [9, 1.33333, 9.33333, 6], "rotation": 90, "texture": "#0"},
				"south": {"uv": [9, 5.66667, 9.33333, 6], "texture": "#0"},
				"west": {"uv": [9, 1.33333, 9.33333, 6], "rotation": 270, "texture": "#0"},
				"up": {"uv": [9, 1.33333, 9.33333, 6], "texture": "#0"},
				"down": {"uv": [9, 6, 9.33333, 1.33333], "texture": "#0"}
			}
		},
		{
			"name": "ectoplasm_9",
			"from": [13.66667, 7.83333, 1.5],
			"to": [14, 8.16667, 6.5],
			"rotation": {"angle": 0, "axis": "y", "origin": [0, 7.83333, 0.16667]},
			"faces": {
				"north": {"uv": [14, 1.33333, 13.66667, 1.66667], "texture": "#0"},
				"east": {"uv": [13.66667, 1.33333, 14, 6.33333], "rotation": 90, "texture": "#0"},
				"south": {"uv": [13.66667, 6, 14, 6.33333], "texture": "#0"},
				"west": {"uv": [13.66667, 1.33333, 14, 6.33333], "rotation": 270, "texture": "#0"},
				"up": {"uv": [13.66667, 1.33333, 14, 6.33333], "texture": "#0"},
				"down": {"uv": [13.66667, 6.33333, 14, 1.33333], "texture": "#0"}
			}
		},
		{
			"name": "ectoplasm_10",
			"from": [2.66667, 7.83333, 1.83333],
			"to": [3, 8.16667, 13.83333],
			"rotation": {"angle": 0, "axis": "y", "origin": [0, 7.83333, 0.16667]},
			"faces": {
				"north": {"uv": [3, 1.66667, 2.66667, 2], "texture": "#0"},
				"east": {"uv": [2.66667, 1.66667, 3, 13.66667], "rotation": 90, "texture": "#0"},
				"south": {"uv": [2.66667, 13.33333, 3, 13.66667], "texture": "#0"},
				"west": {"uv": [2.66667, 1.66667, 3, 13.66667], "rotation": 270, "texture": "#0"},
				"up": {"uv": [2.66667, 1.66667, 3, 13.66667], "texture": "#0"},
				"down": {"uv": [2.66667, 13.66667, 3, 1.66667], "texture": "#0"}
			}
		},
		{
			"name": "ectoplasm_11",
			"from": [4.66667, 7.83333, 1.83333],
			"to": [5, 8.16667, 2.16667],
			"rotation": {"angle": 0, "axis": "y", "origin": [0, 7.83333, 0.16667]},
			"faces": {
				"north": {"uv": [5, 1.66667, 4.66667, 2], "texture": "#0"},
				"east": {"uv": [4.66667, 1.66667, 5, 2], "rotation": 90, "texture": "#0"},
				"south": {"uv": [4.66667, 1.66667, 5, 2], "texture": "#0"},
				"west": {"uv": [4.66667, 1.66667, 5, 2], "rotation": 270, "texture": "#0"},
				"up": {"uv": [4.66667, 1.66667, 5, 2], "texture": "#0"},
				"down": {"uv": [4.66667, 2, 5, 1.66667], "texture": "#0"}
			}
		},
		{
			"name": "ectoplasm_12",
			"from": [6.33333, 7.83333, 1.83333],
			"to": [7.33333, 8.16667, 5.16667],
			"rotation": {"angle": 0, "axis": "y", "origin": [0, 7.83333, 0.16667]},
			"faces": {
				"north": {"uv": [7.33333, 1.66667, 6.33333, 2], "texture": "#0"},
				"east": {"uv": [7, 1.66667, 7.33333, 5], "rotation": 90, "texture": "#0"},
				"south": {"uv": [6.33333, 4.66667, 7.33333, 5], "texture": "#0"},
				"west": {"uv": [6.33333, 1.66667, 6.66667, 5], "rotation": 270, "texture": "#0"},
				"up": {"uv": [6.33333, 1.66667, 7.33333, 5], "texture": "#0"},
				"down": {"uv": [6.33333, 5, 7.33333, 1.66667], "texture": "#0"}
			}
		},
		{
			"name": "ectoplasm_13",
			"from": [2.33333, 7.83333, 2.16667],
			"to": [2.66667, 8.16667, 13.5],
			"rotation": {"angle": 0, "axis": "y", "origin": [0, 7.83333, 0.16667]},
			"faces": {
				"north": {"uv": [2.66667, 2, 2.33333, 2.33333], "texture": "#0"},
				"east": {"uv": [2.33333, 2, 2.66667, 13.33333], "rotation": 90, "texture": "#0"},
				"south": {"uv": [2.33333, 13, 2.66667, 13.33333], "texture": "#0"},
				"west": {"uv": [2.33333, 2, 2.66667, 13.33333], "rotation": 270, "texture": "#0"},
				"up": {"uv": [2.33333, 2, 2.66667, 13.33333], "texture": "#0"},
				"down": {"uv": [2.33333, 13.33333, 2.66667, 2], "texture": "#0"}
			}
		},
		{
			"name": "ectoplasm_14",
			"from": [3.66667, 7.83333, 2.16667],
			"to": [4.33333, 8.16667, 2.5],
			"rotation": {"angle": 0, "axis": "y", "origin": [0, 7.83333, 0.16667]},
			"faces": {
				"north": {"uv": [4.33333, 2, 3.66667, 2.33333], "texture": "#0"},
				"east": {"uv": [4, 2, 4.33333, 2.33333], "rotation": 90, "texture": "#0"},
				"south": {"uv": [3.66667, 2, 4.33333, 2.33333], "texture": "#0"},
				"west": {"uv": [3.66667, 2, 4, 2.33333], "rotation": 270, "texture": "#0"},
				"up": {"uv": [3.66667, 2, 4.33333, 2.33333], "texture": "#0"},
				"down": {"uv": [3.66667, 2.33333, 4.33333, 2], "texture": "#0"}
			}
		},
		{
			"name": "ectoplasm_15",
			"from": [9.33333, 7.83333, 2.16667],
			"to": [9.66667, 8.16667, 4.83333],
			"rotation": {"angle": 0, "axis": "y", "origin": [0, 7.83333, 0.16667]},
			"faces": {
				"north": {"uv": [9.66667, 2, 9.33333, 2.33333], "texture": "#0"},
				"east": {"uv": [9.33333, 2, 9.66667, 4.66667], "rotation": 90, "texture": "#0"},
				"south": {"uv": [9.33333, 4.33333, 9.66667, 4.66667], "texture": "#0"},
				"west": {"uv": [9.33333, 2, 9.66667, 4.66667], "rotation": 270, "texture": "#0"},
				"up": {"uv": [9.33333, 2, 9.66667, 4.66667], "texture": "#0"},
				"down": {"uv": [9.33333, 4.66667, 9.66667, 2], "texture": "#0"}
			}
		},
		{
			"name": "ectoplasm_16",
			"from": [6, 7.83333, 2.5],
			"to": [6.33333, 8.16667, 4.83333],
			"rotation": {"angle": 0, "axis": "y", "origin": [0, 7.83333, 0.16667]},
			"faces": {
				"north": {"uv": [6.33333, 2.33333, 6, 2.66667], "texture": "#0"},
				"east": {"uv": [6, 2.33333, 6.33333, 4.66667], "rotation": 90, "texture": "#0"},
				"south": {"uv": [6, 4.33333, 6.33333, 4.66667], "texture": "#0"},
				"west": {"uv": [6, 2.33333, 6.33333, 4.66667], "rotation": 270, "texture": "#0"},
				"up": {"uv": [6, 2.33333, 6.33333, 4.66667], "texture": "#0"},
				"down": {"uv": [6, 4.66667, 6.33333, 2.33333], "texture": "#0"}
			}
		},
		{
			"name": "ectoplasm_17",
			"from": [7.33333, 7.83333, 2.5],
			"to": [7.66667, 8.16667, 2.83333],
			"rotation": {"angle": 0, "axis": "y", "origin": [0, 7.83333, 0.16667]},
			"faces": {
				"north": {"uv": [7.66667, 2.33333, 7.33333, 2.66667], "texture": "#0"},
				"east": {"uv": [7.33333, 2.33333, 7.66667, 2.66667], "rotation": 90, "texture": "#0"},
				"south": {"uv": [7.33333, 2.33333, 7.66667, 2.66667], "texture": "#0"},
				"west": {"uv": [7.33333, 2.33333, 7.66667, 2.66667], "rotation": 270, "texture": "#0"},
				"up": {"uv": [7.33333, 2.33333, 7.66667, 2.66667], "texture": "#0"},
				"down": {"uv": [7.33333, 2.66667, 7.66667, 2.33333], "texture": "#0"}
			}
		},
		{
			"name": "ectoplasm_18",
			"from": [8, 7.83333, 2.5],
			"to": [8.33333, 8.16667, 2.83333],
			"rotation": {"angle": 0, "axis": "y", "origin": [0, 7.83333, 0.16667]},
			"faces": {
				"north": {"uv": [8.33333, 2.33333, 8, 2.66667], "texture": "#0"},
				"east": {"uv": [8, 2.33333, 8.33333, 2.66667], "rotation": 90, "texture": "#0"},
				"south": {"uv": [8, 2.33333, 8.33333, 2.66667], "texture": "#0"},
				"west": {"uv": [8, 2.33333, 8.33333, 2.66667], "rotation": 270, "texture": "#0"},
				"up": {"uv": [8, 2.33333, 8.33333, 2.66667], "texture": "#0"},
				"down": {"uv": [8, 2.66667, 8.33333, 2.33333], "texture": "#0"}
			}
		},
		{
			"name": "ectoplasm_19",
			"from": [14, 7.83333, 2.5],
			"to": [14.33333, 8.16667, 5.83333],
			"rotation": {"angle": 0, "axis": "y", "origin": [0, 7.83333, 0.16667]},
			"faces": {
				"north": {"uv": [14.33333, 2.33333, 14, 2.66667], "texture": "#0"},
				"east": {"uv": [14, 2.33333, 14.33333, 5.66667], "rotation": 90, "texture": "#0"},
				"south": {"uv": [14, 5.33333, 14.33333, 5.66667], "texture": "#0"},
				"west": {"uv": [14, 2.33333, 14.33333, 5.66667], "rotation": 270, "texture": "#0"},
				"up": {"uv": [14, 2.33333, 14.33333, 5.66667], "texture": "#0"},
				"down": {"uv": [14, 5.66667, 14.33333, 2.33333], "texture": "#0"}
			}
		},
		{
			"name": "ectoplasm_20",
			"from": [2, 7.83333, 2.83333],
			"to": [2.33333, 8.16667, 12.83333],
			"rotation": {"angle": 0, "axis": "y", "origin": [0, 7.83333, 0.16667]},
			"faces": {
				"north": {"uv": [2.33333, 2.66667, 2, 3], "texture": "#0"},
				"east": {"uv": [2, 2.66667, 2.33333, 12.66667], "rotation": 90, "texture": "#0"},
				"south": {"uv": [2, 12.33333, 2.33333, 12.66667], "texture": "#0"},
				"west": {"uv": [2, 2.66667, 2.33333, 12.66667], "rotation": 270, "texture": "#0"},
				"up": {"uv": [2, 2.66667, 2.33333, 12.66667], "texture": "#0"},
				"down": {"uv": [2, 12.66667, 2.33333, 2.66667], "texture": "#0"}
			}
		},
		{
			"name": "ectoplasm_21",
			"from": [5.66667, 7.83333, 3.16667],
			"to": [6, 8.16667, 4.83333],
			"rotation": {"angle": 0, "axis": "y", "origin": [0, 7.83333, 0.16667]},
			"faces": {
				"north": {"uv": [6, 3, 5.66667, 3.33333], "texture": "#0"},
				"east": {"uv": [5.66667, 3, 6, 4.66667], "rotation": 90, "texture": "#0"},
				"south": {"uv": [5.66667, 4.33333, 6, 4.66667], "texture": "#0"},
				"west": {"uv": [5.66667, 3, 6, 4.66667], "rotation": 270, "texture": "#0"},
				"up": {"uv": [5.66667, 3, 6, 4.66667], "texture": "#0"},
				"down": {"uv": [5.66667, 4.66667, 6, 3], "texture": "#0"}
			}
		},
		{
			"name": "ectoplasm_22",
			"from": [14.33333, 7.83333, 3.16667],
			"to": [14.66667, 8.16667, 5.16667],
			"rotation": {"angle": 0, "axis": "y", "origin": [0, 7.83333, 0.16667]},
			"faces": {
				"north": {"uv": [14.66667, 3, 14.33333, 3.33333], "texture": "#0"},
				"east": {"uv": [14.33333, 3, 14.66667, 5], "rotation": 90, "texture": "#0"},
				"south": {"uv": [14.33333, 4.66667, 14.66667, 5], "texture": "#0"},
				"west": {"uv": [14.33333, 3, 14.66667, 5], "rotation": 270, "texture": "#0"},
				"up": {"uv": [14.33333, 3, 14.66667, 5], "texture": "#0"},
				"down": {"uv": [14.33333, 5, 14.66667, 3], "texture": "#0"}
			}
		},
		{
			"name": "ectoplasm_23",
			"from": [3.66667, 7.83333, 3.5],
			"to": [4, 8.16667, 5.83333],
			"rotation": {"angle": 0, "axis": "y", "origin": [0, 7.83333, 0.16667]},
			"faces": {
				"north": {"uv": [4, 3.33333, 3.66667, 3.66667], "texture": "#0"},
				"east": {"uv": [3.66667, 3.33333, 4, 5.66667], "rotation": 90, "texture": "#0"},
				"south": {"uv": [3.66667, 5.33333, 4, 5.66667], "texture": "#0"},
				"west": {"uv": [3.66667, 3.33333, 4, 5.66667], "rotation": 270, "texture": "#0"},
				"up": {"uv": [3.66667, 3.33333, 4, 5.66667], "texture": "#0"},
				"down": {"uv": [3.66667, 5.66667, 4, 3.33333], "texture": "#0"}
			}
		},
		{
			"name": "ectoplasm_24",
			"from": [5, 7.83333, 3.5],
			"to": [5.66667, 8.16667, 4.83333],
			"rotation": {"angle": 0, "axis": "y", "origin": [0, 7.83333, 0.16667]},
			"faces": {
				"north": {"uv": [5.66667, 3.33333, 5, 3.66667], "texture": "#0"},
				"east": {"uv": [5.33333, 3.33333, 5.66667, 4.66667], "rotation": 90, "texture": "#0"},
				"south": {"uv": [5, 4.33333, 5.66667, 4.66667], "texture": "#0"},
				"west": {"uv": [5, 3.33333, 5.33333, 4.66667], "rotation": 270, "texture": "#0"},
				"up": {"uv": [5, 3.33333, 5.66667, 4.66667], "texture": "#0"},
				"down": {"uv": [5, 4.66667, 5.66667, 3.33333], "texture": "#0"}
			}
		},
		{
			"name": "ectoplasm_25",
			"from": [8.66667, 7.83333, 3.5],
			"to": [9, 8.16667, 7.16667],
			"rotation": {"angle": 0, "axis": "y", "origin": [0, 7.83333, 0.16667]},
			"faces": {
				"north": {"uv": [9, 3.33333, 8.66667, 3.66667], "texture": "#0"},
				"east": {"uv": [8.66667, 3.33333, 9, 7], "rotation": 90, "texture": "#0"},
				"south": {"uv": [8.66667, 6.66667, 9, 7], "texture": "#0"},
				"west": {"uv": [8.66667, 3.33333, 9, 7], "rotation": 270, "texture": "#0"},
				"up": {"uv": [8.66667, 3.33333, 9, 7], "texture": "#0"},
				"down": {"uv": [8.66667, 7, 9, 3.33333], "texture": "#0"}
			}
		},
		{
			"name": "ectoplasm_26",
			"from": [13.33333, 7.83333, 3.5],
			"to": [13.66667, 8.16667, 6.83333],
			"rotation": {"angle": 0, "axis": "y", "origin": [0, 7.83333, 0.16667]},
			"faces": {
				"north": {"uv": [13.66667, 3.33333, 13.33333, 3.66667], "texture": "#0"},
				"east": {"uv": [13.33333, 3.33333, 13.66667, 6.66667], "rotation": 90, "texture": "#0"},
				"south": {"uv": [13.33333, 6.33333, 13.66667, 6.66667], "texture": "#0"},
				"west": {"uv": [13.33333, 3.33333, 13.66667, 6.66667], "rotation": 270, "texture": "#0"},
				"up": {"uv": [13.33333, 3.33333, 13.66667, 6.66667], "texture": "#0"},
				"down": {"uv": [13.33333, 6.66667, 13.66667, 3.33333], "texture": "#0"}
			}
		},
		{
			"name": "ectoplasm_27",
			"from": [1.66667, 7.83333, 3.83333],
			"to": [2, 8.16667, 12.16667],
			"rotation": {"angle": 0, "axis": "y", "origin": [0, 7.83333, 0.16667]},
			"faces": {
				"north": {"uv": [2, 3.66667, 1.66667, 4], "texture": "#0"},
				"east": {"uv": [1.66667, 3.66667, 2, 12], "rotation": 90, "texture": "#0"},
				"south": {"uv": [1.66667, 11.66667, 2, 12], "texture": "#0"},
				"west": {"uv": [1.66667, 3.66667, 2, 12], "rotation": 270, "texture": "#0"},
				"up": {"uv": [1.66667, 3.66667, 2, 12], "texture": "#0"},
				"down": {"uv": [1.66667, 12, 2, 3.66667], "texture": "#0"}
			}
		},
		{
			"name": "ectoplasm_28",
			"from": [4, 7.83333, 3.83333],
			"to": [5, 8.16667, 5.16667],
			"rotation": {"angle": 0, "axis": "y", "origin": [0, 7.83333, 0.16667]},
			"faces": {
				"north": {"uv": [5, 3.66667, 4, 4], "texture": "#0"},
				"east": {"uv": [4.66667, 3.66667, 5, 5], "rotation": 90, "texture": "#0"},
				"south": {"uv": [4, 4.66667, 5, 5], "texture": "#0"},
				"west": {"uv": [4, 3.66667, 4.33333, 5], "rotation": 270, "texture": "#0"},
				"up": {"uv": [4, 3.66667, 5, 5], "texture": "#0"},
				"down": {"uv": [4, 5, 5, 3.66667], "texture": "#0"}
			}
		},
		{
			"name": "ectoplasm_29",
			"from": [7.33333, 7.83333, 4.5],
			"to": [7.66667, 8.16667, 9.5],
			"rotation": {"angle": 0, "axis": "y", "origin": [0, 7.83333, 0.16667]},
			"faces": {
				"north": {"uv": [7.66667, 4.33333, 7.33333, 4.66667], "texture": "#0"},
				"east": {"uv": [7.33333, 4.33333, 7.66667, 9.33333], "rotation": 90, "texture": "#0"},
				"south": {"uv": [7.33333, 9, 7.66667, 9.33333], "texture": "#0"},
				"west": {"uv": [7.33333, 4.33333, 7.66667, 9.33333], "rotation": 270, "texture": "#0"},
				"up": {"uv": [7.33333, 4.33333, 7.66667, 9.33333], "texture": "#0"},
				"down": {"uv": [7.33333, 9.33333, 7.66667, 4.33333], "texture": "#0"}
			}
		},
		{
			"name": "ectoplasm_30",
			"from": [13, 7.83333, 4.5],
			"to": [13.33333, 8.16667, 6.83333],
			"rotation": {"angle": 0, "axis": "y", "origin": [0, 7.83333, 0.16667]},
			"faces": {
				"north": {"uv": [13.33333, 4.33333, 13, 4.66667], "texture": "#0"},
				"east": {"uv": [13, 4.33333, 13.33333, 6.66667], "rotation": 90, "texture": "#0"},
				"south": {"uv": [13, 6.33333, 13.33333, 6.66667], "texture": "#0"},
				"west": {"uv": [13, 4.33333, 13.33333, 6.66667], "rotation": 270, "texture": "#0"},
				"up": {"uv": [13, 4.33333, 13.33333, 6.66667], "texture": "#0"},
				"down": {"uv": [13, 6.66667, 13.33333, 4.33333], "texture": "#0"}
			}
		},
		{
			"name": "ectoplasm_31",
			"from": [5, 7.83333, 4.83333],
			"to": [5.33333, 8.16667, 5.16667],
			"rotation": {"angle": 0, "axis": "y", "origin": [0, 7.83333, 0.16667]},
			"faces": {
				"north": {"uv": [5.33333, 4.66667, 5, 5], "texture": "#0"},
				"east": {"uv": [5, 4.66667, 5.33333, 5], "rotation": 90, "texture": "#0"},
				"south": {"uv": [5, 4.66667, 5.33333, 5], "texture": "#0"},
				"west": {"uv": [5, 4.66667, 5.33333, 5], "rotation": 270, "texture": "#0"},
				"up": {"uv": [5, 4.66667, 5.33333, 5], "texture": "#0"},
				"down": {"uv": [5, 5, 5.33333, 4.66667], "texture": "#0"}
			}
		},
		{
			"name": "ectoplasm_32",
			"from": [7.66667, 7.83333, 4.83333],
			"to": [8.66667, 8.16667, 7.83333],
			"rotation": {"angle": 0, "axis": "y", "origin": [0, 7.83333, 0.16667]},
			"faces": {
				"north": {"uv": [8.66667, 4.66667, 7.66667, 5], "texture": "#0"},
				"east": {"uv": [8.33333, 4.66667, 8.66667, 7.66667], "rotation": 90, "texture": "#0"},
				"south": {"uv": [7.66667, 7.33333, 8.66667, 7.66667], "texture": "#0"},
				"west": {"uv": [7.66667, 4.66667, 8, 7.66667], "rotation": 270, "texture": "#0"},
				"up": {"uv": [7.66667, 4.66667, 8.66667, 7.66667], "texture": "#0"},
				"down": {"uv": [7.66667, 7.66667, 8.66667, 4.66667], "texture": "#0"}
			}
		},
		{
			"name": "ectoplasm_33",
			"from": [4, 7.83333, 5.16667],
			"to": [4.66667, 8.16667, 5.5],
			"rotation": {"angle": 0, "axis": "y", "origin": [0, 7.83333, 0.16667]},
			"faces": {
				"north": {"uv": [4.66667, 5, 4, 5.33333], "texture": "#0"},
				"east": {"uv": [4.33333, 5, 4.66667, 5.33333], "rotation": 90, "texture": "#0"},
				"south": {"uv": [4, 5, 4.66667, 5.33333], "texture": "#0"},
				"west": {"uv": [4, 5, 4.33333, 5.33333], "rotation": 270, "texture": "#0"},
				"up": {"uv": [4, 5, 4.66667, 5.33333], "texture": "#0"},
				"down": {"uv": [4, 5.33333, 4.66667, 5], "texture": "#0"}
			}
		},
		{
			"name": "ectoplasm_34",
			"from": [6.66667, 7.83333, 5.16667],
			"to": [7.33333, 8.16667, 10.16667],
			"rotation": {"angle": 0, "axis": "y", "origin": [0, 7.83333, 0.16667]},
			"faces": {
				"north": {"uv": [7.33333, 5, 6.66667, 5.33333], "texture": "#0"},
				"east": {"uv": [7, 5, 7.33333, 10], "rotation": 90, "texture": "#0"},
				"south": {"uv": [6.66667, 9.66667, 7.33333, 10], "texture": "#0"},
				"west": {"uv": [6.66667, 5, 7, 10], "rotation": 270, "texture": "#0"},
				"up": {"uv": [6.66667, 5, 7.33333, 10], "texture": "#0"},
				"down": {"uv": [6.66667, 10, 7.33333, 5], "texture": "#0"}
			}
		},
		{
			"name": "ectoplasm_35",
			"from": [12.33333, 7.83333, 5.16667],
			"to": [13, 8.16667, 7.16667],
			"rotation": {"angle": 0, "axis": "y", "origin": [0, 7.83333, 0.16667]},
			"faces": {
				"north": {"uv": [13, 5, 12.33333, 5.33333], "texture": "#0"},
				"east": {"uv": [12.66667, 5, 13, 7], "rotation": 90, "texture": "#0"},
				"south": {"uv": [12.33333, 6.66667, 13, 7], "texture": "#0"},
				"west": {"uv": [12.33333, 5, 12.66667, 7], "rotation": 270, "texture": "#0"},
				"up": {"uv": [12.33333, 5, 13, 7], "texture": "#0"},
				"down": {"uv": [12.33333, 7, 13, 5], "texture": "#0"}
			}
		},
		{
			"name": "ectoplasm_36",
			"from": [12, 7.83333, 5.5],
			"to": [12.33333, 8.16667, 7.5],
			"rotation": {"angle": 0, "axis": "y", "origin": [0, 7.83333, 0.16667]},
			"faces": {
				"north": {"uv": [12.33333, 5.33333, 12, 5.66667], "texture": "#0"},
				"east": {"uv": [12, 5.33333, 12.33333, 7.33333], "rotation": 90, "texture": "#0"},
				"south": {"uv": [12, 7, 12.33333, 7.33333], "texture": "#0"},
				"west": {"uv": [12, 5.33333, 12.33333, 7.33333], "rotation": 270, "texture": "#0"},
				"up": {"uv": [12, 5.33333, 12.33333, 7.33333], "texture": "#0"},
				"down": {"uv": [12, 7.33333, 12.33333, 5.33333], "texture": "#0"}
			}
		},
		{
			"name": "ectoplasm_37",
			"from": [11.33333, 7.83333, 5.83333],
			"to": [12, 8.16667, 7.5],
			"rotation": {"angle": 0, "axis": "y", "origin": [0, 7.83333, 0.16667]},
			"faces": {
				"north": {"uv": [12, 5.66667, 11.33333, 6], "texture": "#0"},
				"east": {"uv": [11.66667, 5.66667, 12, 7.33333], "rotation": 90, "texture": "#0"},
				"south": {"uv": [11.33333, 7, 12, 7.33333], "texture": "#0"},
				"west": {"uv": [11.33333, 5.66667, 11.66667, 7.33333], "rotation": 270, "texture": "#0"},
				"up": {"uv": [11.33333, 5.66667, 12, 7.33333], "texture": "#0"},
				"down": {"uv": [11.33333, 7.33333, 12, 5.66667], "texture": "#0"}
			}
		},
		{
			"name": "ectoplasm_38",
			"from": [3.66667, 7.83333, 6.16667],
			"to": [4, 8.16667, 14.5],
			"rotation": {"angle": 0, "axis": "y", "origin": [0, 7.83333, 0.16667]},
			"faces": {
				"north": {"uv": [4, 6, 3.66667, 6.33333], "texture": "#0"},
				"east": {"uv": [3.66667, 6, 4, 14.33333], "rotation": 90, "texture": "#0"},
				"south": {"uv": [3.66667, 14, 4, 14.33333], "texture": "#0"},
				"west": {"uv": [3.66667, 6, 4, 14.33333], "rotation": 270, "texture": "#0"},
				"up": {"uv": [3.66667, 6, 4, 14.33333], "texture": "#0"},
				"down": {"uv": [3.66667, 14.33333, 4, 6], "texture": "#0"}
			}
		},
		{
			"name": "ectoplasm_39",
			"from": [4.33333, 7.83333, 6.16667],
			"to": [5.33333, 8.16667, 14.83333],
			"rotation": {"angle": 0, "axis": "y", "origin": [0, 7.83333, 0.16667]},
			"faces": {
				"north": {"uv": [5.33333, 6, 4.33333, 6.33333], "texture": "#0"},
				"east": {"uv": [5, 6, 5.33333, 14.66667], "rotation": 90, "texture": "#0"},
				"south": {"uv": [4.33333, 14.33333, 5.33333, 14.66667], "texture": "#0"},
				"west": {"uv": [4.33333, 6, 4.66667, 14.66667], "rotation": 270, "texture": "#0"},
				"up": {"uv": [4.33333, 6, 5.33333, 14.66667], "texture": "#0"},
				"down": {"uv": [4.33333, 14.66667, 5.33333, 6], "texture": "#0"}
			}
		},
		{
			"name": "ectoplasm_40",
			"from": [11, 7.83333, 6.16667],
			"to": [11.33333, 8.16667, 7.83333],
			"rotation": {"angle": 0, "axis": "y", "origin": [0, 7.83333, 0.16667]},
			"faces": {
				"north": {"uv": [11.33333, 6, 11, 6.33333], "texture": "#0"},
				"east": {"uv": [11, 6, 11.33333, 7.66667], "rotation": 90, "texture": "#0"},
				"south": {"uv": [11, 7.33333, 11.33333, 7.66667], "texture": "#0"},
				"west": {"uv": [11, 6, 11.33333, 7.66667], "rotation": 270, "texture": "#0"},
				"up": {"uv": [11, 6, 11.33333, 7.66667], "texture": "#0"},
				"down": {"uv": [11, 7.66667, 11.33333, 6], "texture": "#0"}
			}
		},
		{
			"name": "ectoplasm_41",
			"from": [4, 7.83333, 6.5],
			"to": [4.33333, 8.16667, 14.5],
			"rotation": {"angle": 0, "axis": "y", "origin": [0, 7.83333, 0.16667]},
			"faces": {
				"north": {"uv": [4.33333, 6.33333, 4, 6.66667], "texture": "#0"},
				"east": {"uv": [4, 6.33333, 4.33333, 14.33333], "rotation": 90, "texture": "#0"},
				"south": {"uv": [4, 14, 4.33333, 14.33333], "texture": "#0"},
				"west": {"uv": [4, 6.33333, 4.33333, 14.33333], "rotation": 270, "texture": "#0"},
				"up": {"uv": [4, 6.33333, 4.33333, 14.33333], "texture": "#0"},
				"down": {"uv": [4, 14.33333, 4.33333, 6.33333], "texture": "#0"}
			}
		},
		{
			"name": "ectoplasm_42",
			"from": [5.33333, 7.83333, 6.5],
			"to": [5.66667, 8.16667, 15.16667],
			"rotation": {"angle": 0, "axis": "y", "origin": [0, 7.83333, 0.16667]},
			"faces": {
				"north": {"uv": [5.66667, 6.33333, 5.33333, 6.66667], "texture": "#0"},
				"east": {"uv": [5.33333, 6.33333, 5.66667, 15], "rotation": 90, "texture": "#0"},
				"south": {"uv": [5.33333, 14.66667, 5.66667, 15], "texture": "#0"},
				"west": {"uv": [5.33333, 6.33333, 5.66667, 15], "rotation": 270, "texture": "#0"},
				"up": {"uv": [5.33333, 6.33333, 5.66667, 15], "texture": "#0"},
				"down": {"uv": [5.33333, 15, 5.66667, 6.33333], "texture": "#0"}
			}
		},
		{
			"name": "ectoplasm_43",
			"from": [10.66667, 7.83333, 6.5],
			"to": [11, 8.16667, 8.16667],
			"rotation": {"angle": 0, "axis": "y", "origin": [0, 7.83333, 0.16667]},
			"faces": {
				"north": {"uv": [11, 6.33333, 10.66667, 6.66667], "texture": "#0"},
				"east": {"uv": [10.66667, 6.33333, 11, 8], "rotation": 90, "texture": "#0"},
				"south": {"uv": [10.66667, 7.66667, 11, 8], "texture": "#0"},
				"west": {"uv": [10.66667, 6.33333, 11, 8], "rotation": 270, "texture": "#0"},
				"up": {"uv": [10.66667, 6.33333, 11, 8], "texture": "#0"},
				"down": {"uv": [10.66667, 8, 11, 6.33333], "texture": "#0"}
			}
		},
		{
			"name": "ectoplasm_44",
			"from": [1.33333, 7.83333, 6.83333],
			"to": [1.66667, 8.16667, 10.83333],
			"rotation": {"angle": 0, "axis": "y", "origin": [0, 7.83333, 0.16667]},
			"faces": {
				"north": {"uv": [1.66667, 6.66667, 1.33333, 7], "texture": "#0"},
				"east": {"uv": [1.33333, 6.66667, 1.66667, 10.66667], "rotation": 90, "texture": "#0"},
				"south": {"uv": [1.33333, 10.33333, 1.66667, 10.66667], "texture": "#0"},
				"west": {"uv": [1.33333, 6.66667, 1.66667, 10.66667], "rotation": 270, "texture": "#0"},
				"up": {"uv": [1.33333, 6.66667, 1.66667, 10.66667], "texture": "#0"},
				"down": {"uv": [1.33333, 10.66667, 1.66667, 6.66667], "texture": "#0"}
			}
		},
		{
			"name": "ectoplasm_45",
			"from": [6.33333, 7.83333, 7.16667],
			"to": [6.66667, 8.16667, 15.16667],
			"rotation": {"angle": 0, "axis": "y", "origin": [0, 7.83333, 0.16667]},
			"faces": {
				"north": {"uv": [6.66667, 7, 6.33333, 7.33333], "texture": "#0"},
				"east": {"uv": [6.33333, 7, 6.66667, 15], "rotation": 90, "texture": "#0"},
				"south": {"uv": [6.33333, 14.66667, 6.66667, 15], "texture": "#0"},
				"west": {"uv": [6.33333, 7, 6.66667, 15], "rotation": 270, "texture": "#0"},
				"up": {"uv": [6.33333, 7, 6.66667, 15], "texture": "#0"},
				"down": {"uv": [6.33333, 15, 6.66667, 7], "texture": "#0"}
			}
		},
		{
			"name": "ectoplasm_46",
			"from": [10.33333, 7.83333, 7.16667],
			"to": [10.66667, 8.16667, 8.83333],
			"rotation": {"angle": 0, "axis": "y", "origin": [0, 7.83333, 0.16667]},
			"faces": {
				"north": {"uv": [10.66667, 7, 10.33333, 7.33333], "texture": "#0"},
				"east": {"uv": [10.33333, 7, 10.66667, 8.66667], "rotation": 90, "texture": "#0"},
				"south": {"uv": [10.33333, 8.33333, 10.66667, 8.66667], "texture": "#0"},
				"west": {"uv": [10.33333, 7, 10.66667, 8.66667], "rotation": 270, "texture": "#0"},
				"up": {"uv": [10.33333, 7, 10.66667, 8.66667], "texture": "#0"},
				"down": {"uv": [10.33333, 8.66667, 10.66667, 7], "texture": "#0"}
			}
		},
		{
			"name": "ectoplasm_47",
			"from": [5.66667, 7.83333, 7.5],
			"to": [6.33333, 8.16667, 15.16667],
			"rotation": {"angle": 0, "axis": "y", "origin": [0, 7.83333, 0.16667]},
			"faces": {
				"north": {"uv": [6.33333, 7.33333, 5.66667, 7.66667], "texture": "#0"},
				"east": {"uv": [6, 7.33333, 6.33333, 15], "rotation": 90, "texture": "#0"},
				"south": {"uv": [5.66667, 14.66667, 6.33333, 15], "texture": "#0"},
				"west": {"uv": [5.66667, 7.33333, 6, 15], "rotation": 270, "texture": "#0"},
				"up": {"uv": [5.66667, 7.33333, 6.33333, 15], "texture": "#0"},
				"down": {"uv": [5.66667, 15, 6.33333, 7.33333], "texture": "#0"}
			}
		},
		{
			"name": "ectoplasm_48",
			"from": [11.33333, 7.83333, 7.5],
			"to": [11.66667, 8.16667, 7.83333],
			"rotation": {"angle": 0, "axis": "y", "origin": [0, 7.83333, 0.16667]},
			"faces": {
				"north": {"uv": [11.66667, 7.33333, 11.33333, 7.66667], "texture": "#0"},
				"east": {"uv": [11.33333, 7.33333, 11.66667, 7.66667], "rotation": 90, "texture": "#0"},
				"south": {"uv": [11.33333, 7.33333, 11.66667, 7.66667], "texture": "#0"},
				"west": {"uv": [11.33333, 7.33333, 11.66667, 7.66667], "rotation": 270, "texture": "#0"},
				"up": {"uv": [11.33333, 7.33333, 11.66667, 7.66667], "texture": "#0"},
				"down": {"uv": [11.33333, 7.66667, 11.66667, 7.33333], "texture": "#0"}
			}
		},
		{
			"name": "ectoplasm_49",
			"from": [7.66667, 7.83333, 7.83333],
			"to": [8.33333, 8.16667, 8.5],
			"rotation": {"angle": 0, "axis": "y", "origin": [0, 7.83333, 0.16667]},
			"faces": {
				"north": {"uv": [8.33333, 7.66667, 7.66667, 8], "texture": "#0"},
				"east": {"uv": [8, 7.66667, 8.33333, 8.33333], "rotation": 90, "texture": "#0"},
				"south": {"uv": [7.66667, 8, 8.33333, 8.33333], "texture": "#0"},
				"west": {"uv": [7.66667, 7.66667, 8, 8.33333], "rotation": 270, "texture": "#0"},
				"up": {"uv": [7.66667, 7.66667, 8.33333, 8.33333], "texture": "#0"},
				"down": {"uv": [7.66667, 8.33333, 8.33333, 7.66667], "texture": "#0"}
			}
		},
		{
			"name": "ectoplasm_50",
			"from": [10, 7.83333, 8.16667],
			"to": [10.33333, 8.16667, 9.5],
			"rotation": {"angle": 0, "axis": "y", "origin": [0, 7.83333, 0.16667]},
			"faces": {
				"north": {"uv": [10.33333, 8, 10, 8.33333], "texture": "#0"},
				"east": {"uv": [10, 8, 10.33333, 9.33333], "rotation": 90, "texture": "#0"},
				"south": {"uv": [10, 9, 10.33333, 9.33333], "texture": "#0"},
				"west": {"uv": [10, 8, 10.33333, 9.33333], "rotation": 270, "texture": "#0"},
				"up": {"uv": [10, 8, 10.33333, 9.33333], "texture": "#0"},
				"down": {"uv": [10, 9.33333, 10.33333, 8], "texture": "#0"}
			}
		},
		{
			"name": "ectoplasm_51",
			"from": [7.66667, 7.83333, 8.5],
			"to": [8, 8.16667, 9.16667],
			"rotation": {"angle": 0, "axis": "y", "origin": [0, 7.83333, 0.16667]},
			"faces": {
				"north": {"uv": [8, 8.33333, 7.66667, 8.66667], "texture": "#0"},
				"east": {"uv": [7.66667, 8.33333, 8, 9], "rotation": 90, "texture": "#0"},
				"south": {"uv": [7.66667, 8.66667, 8, 9], "texture": "#0"},
				"west": {"uv": [7.66667, 8.33333, 8, 9], "rotation": 270, "texture": "#0"},
				"up": {"uv": [7.66667, 8.33333, 8, 9], "texture": "#0"},
				"down": {"uv": [7.66667, 9, 8, 8.33333], "texture": "#0"}
			}
		},
		{
			"name": "ectoplasm_52",
			"from": [12.33333, 7.83333, 9.5],
			"to": [13.33333, 8.16667, 10.16667],
			"rotation": {"angle": 0, "axis": "y", "origin": [0, 7.83333, 0.16667]},
			"faces": {
				"north": {"uv": [13.33333, 9.33333, 12.33333, 9.66667], "texture": "#0"},
				"east": {"uv": [13, 9.33333, 13.33333, 10], "rotation": 90, "texture": "#0"},
				"south": {"uv": [12.33333, 9.66667, 13.33333, 10], "texture": "#0"},
				"west": {"uv": [12.33333, 9.33333, 12.66667, 10], "rotation": 270, "texture": "#0"},
				"up": {"uv": [12.33333, 9.33333, 13.33333, 10], "texture": "#0"},
				"down": {"uv": [12.33333, 10, 13.33333, 9.33333], "texture": "#0"}
			}
		},
		{
			"name": "ectoplasm_53",
			"from": [13.33333, 7.83333, 9.5],
			"to": [14, 8.16667, 9.83333],
			"rotation": {"angle": 0, "axis": "y", "origin": [0, 7.83333, 0.16667]},
			"faces": {
				"north": {"uv": [14, 9.33333, 13.33333, 9.66667], "texture": "#0"},
				"east": {"uv": [13.66667, 9.33333, 14, 9.66667], "rotation": 90, "texture": "#0"},
				"south": {"uv": [13.33333, 9.33333, 14, 9.66667], "texture": "#0"},
				"west": {"uv": [13.33333, 9.33333, 13.66667, 9.66667], "rotation": 270, "texture": "#0"},
				"up": {"uv": [13.33333, 9.33333, 14, 9.66667], "texture": "#0"},
				"down": {"uv": [13.33333, 9.66667, 14, 9.33333], "texture": "#0"}
			}
		},
		{
			"name": "ectoplasm_54",
			"from": [11.66667, 7.83333, 9.83333],
			"to": [12.33333, 8.16667, 10.5],
			"rotation": {"angle": 0, "axis": "y", "origin": [0, 7.83333, 0.16667]},
			"faces": {
				"north": {"uv": [12.33333, 9.66667, 11.66667, 10], "texture": "#0"},
				"east": {"uv": [12, 9.66667, 12.33333, 10.33333], "rotation": 90, "texture": "#0"},
				"south": {"uv": [11.66667, 10, 12.33333, 10.33333], "texture": "#0"},
				"west": {"uv": [11.66667, 9.66667, 12, 10.33333], "rotation": 270, "texture": "#0"},
				"up": {"uv": [11.66667, 9.66667, 12.33333, 10.33333], "texture": "#0"},
				"down": {"uv": [11.66667, 10.33333, 12.33333, 9.66667], "texture": "#0"}
			}
		},
		{
			"name": "ectoplasm_55",
			"from": [6.66667, 7.83333, 10.16667],
			"to": [7, 8.16667, 10.5],
			"rotation": {"angle": 0, "axis": "y", "origin": [0, 7.83333, 0.16667]},
			"faces": {
				"north": {"uv": [7, 10, 6.66667, 10.33333], "texture": "#0"},
				"east": {"uv": [6.66667, 10, 7, 10.33333], "rotation": 90, "texture": "#0"},
				"south": {"uv": [6.66667, 10, 7, 10.33333], "texture": "#0"},
				"west": {"uv": [6.66667, 10, 7, 10.33333], "rotation": 270, "texture": "#0"},
				"up": {"uv": [6.66667, 10, 7, 10.33333], "texture": "#0"},
				"down": {"uv": [6.66667, 10.33333, 7, 10], "texture": "#0"}
			}
		},
		{
			"name": "ectoplasm_56",
			"from": [11, 7.83333, 10.16667],
			"to": [11.66667, 8.16667, 11.5],
			"rotation": {"angle": 0, "axis": "y", "origin": [0, 7.83333, 0.16667]},
			"faces": {
				"north": {"uv": [11.66667, 10, 11, 10.33333], "texture": "#0"},
				"east": {"uv": [11.33333, 10, 11.66667, 11.33333], "rotation": 90, "texture": "#0"},
				"south": {"uv": [11, 11, 11.66667, 11.33333], "texture": "#0"},
				"west": {"uv": [11, 10, 11.33333, 11.33333], "rotation": 270, "texture": "#0"},
				"up": {"uv": [11, 10, 11.66667, 11.33333], "texture": "#0"},
				"down": {"uv": [11, 11.33333, 11.66667, 10], "texture": "#0"}
			}
		},
		{
			"name": "ectoplasm_57",
			"from": [12.33333, 7.83333, 10.16667],
			"to": [12.66667, 8.16667, 10.5],
			"rotation": {"angle": 0, "axis": "y", "origin": [0, 7.83333, 0.16667]},
			"faces": {
				"north": {"uv": [12.66667, 10, 12.33333, 10.33333], "texture": "#0"},
				"east": {"uv": [12.33333, 10, 12.66667, 10.33333], "rotation": 90, "texture": "#0"},
				"south": {"uv": [12.33333, 10, 12.66667, 10.33333], "texture": "#0"},
				"west": {"uv": [12.33333, 10, 12.66667, 10.33333], "rotation": 270, "texture": "#0"},
				"up": {"uv": [12.33333, 10, 12.66667, 10.33333], "texture": "#0"},
				"down": {"uv": [12.33333, 10.33333, 12.66667, 10], "texture": "#0"}
			}
		},
		{
			"name": "ectoplasm_58",
			"from": [10.66667, 7.83333, 10.5],
			"to": [11, 8.16667, 13.16667],
			"rotation": {"angle": 0, "axis": "y", "origin": [0, 7.83333, 0.16667]},
			"faces": {
				"north": {"uv": [11, 10.33333, 10.66667, 10.66667], "texture": "#0"},
				"east": {"uv": [10.66667, 10.33333, 11, 13], "rotation": 90, "texture": "#0"},
				"south": {"uv": [10.66667, 12.66667, 11, 13], "texture": "#0"},
				"west": {"uv": [10.66667, 10.33333, 11, 13], "rotation": 270, "texture": "#0"},
				"up": {"uv": [10.66667, 10.33333, 11, 13], "texture": "#0"},
				"down": {"uv": [10.66667, 13, 11, 10.33333], "texture": "#0"}
			}
		},
		{
			"name": "ectoplasm_59",
			"from": [11.66667, 7.83333, 10.5],
			"to": [12, 8.16667, 11.16667],
			"rotation": {"angle": 0, "axis": "y", "origin": [0, 7.83333, 0.16667]},
			"faces": {
				"north": {"uv": [12, 10.33333, 11.66667, 10.66667], "texture": "#0"},
				"east": {"uv": [11.66667, 10.33333, 12, 11], "rotation": 90, "texture": "#0"},
				"south": {"uv": [11.66667, 10.66667, 12, 11], "texture": "#0"},
				"west": {"uv": [11.66667, 10.33333, 12, 11], "rotation": 270, "texture": "#0"},
				"up": {"uv": [11.66667, 10.33333, 12, 11], "texture": "#0"},
				"down": {"uv": [11.66667, 11, 12, 10.33333], "texture": "#0"}
			}
		},
		{
			"name": "ectoplasm_60",
			"from": [10.33333, 7.83333, 10.83333],
			"to": [10.66667, 8.16667, 13.83333],
			"rotation": {"angle": 0, "axis": "y", "origin": [0, 7.83333, 0.16667]},
			"faces": {
				"north": {"uv": [10.66667, 10.66667, 10.33333, 11], "texture": "#0"},
				"east": {"uv": [10.33333, 10.66667, 10.66667, 13.66667], "rotation": 90, "texture": "#0"},
				"south": {"uv": [10.33333, 13.33333, 10.66667, 13.66667], "texture": "#0"},
				"west": {"uv": [10.33333, 10.66667, 10.66667, 13.66667], "rotation": 270, "texture": "#0"},
				"up": {"uv": [10.33333, 10.66667, 10.66667, 13.66667], "texture": "#0"},
				"down": {"uv": [10.33333, 13.66667, 10.66667, 10.66667], "texture": "#0"}
			}
		},
		{
			"name": "ectoplasm_61",
			"from": [10, 7.83333, 11.16667],
			"to": [10.33333, 8.16667, 14.16667],
			"rotation": {"angle": 0, "axis": "y", "origin": [0, 7.83333, 0.16667]},
			"faces": {
				"north": {"uv": [10.33333, 11, 10, 11.33333], "texture": "#0"},
				"east": {"uv": [10, 11, 10.33333, 14], "rotation": 90, "texture": "#0"},
				"south": {"uv": [10, 13.66667, 10.33333, 14], "texture": "#0"},
				"west": {"uv": [10, 11, 10.33333, 14], "rotation": 270, "texture": "#0"},
				"up": {"uv": [10, 11, 10.33333, 14], "texture": "#0"},
				"down": {"uv": [10, 14, 10.33333, 11], "texture": "#0"}
			}
		},
		{
			"name": "ectoplasm_62",
			"from": [11, 7.83333, 11.5],
			"to": [11.33333, 8.16667, 12.16667],
			"rotation": {"angle": 0, "axis": "y", "origin": [0, 7.83333, 0.16667]},
			"faces": {
				"north": {"uv": [11.33333, 11.33333, 11, 11.66667], "texture": "#0"},
				"east": {"uv": [11, 11.33333, 11.33333, 12], "rotation": 90, "texture": "#0"},
				"south": {"uv": [11, 11.66667, 11.33333, 12], "texture": "#0"},
				"west": {"uv": [11, 11.33333, 11.33333, 12], "rotation": 270, "texture": "#0"},
				"up": {"uv": [11, 11.33333, 11.33333, 12], "texture": "#0"},
				"down": {"uv": [11, 12, 11.33333, 11.33333], "texture": "#0"}
			}
		},
		{
			"name": "ectoplasm_63",
			"from": [9.66667, 7.83333, 11.83333],
			"to": [10, 8.16667, 14.5],
			"rotation": {"angle": 0, "axis": "y", "origin": [0, 7.83333, 0.16667]},
			"faces": {
				"north": {"uv": [10, 11.66667, 9.66667, 12], "texture": "#0"},
				"east": {"uv": [9.66667, 11.66667, 10, 14.33333], "rotation": 90, "texture": "#0"},
				"south": {"uv": [9.66667, 14, 10, 14.33333], "texture": "#0"},
				"west": {"uv": [9.66667, 11.66667, 10, 14.33333], "rotation": 270, "texture": "#0"},
				"up": {"uv": [9.66667, 11.66667, 10, 14.33333], "texture": "#0"},
				"down": {"uv": [9.66667, 14.33333, 10, 11.66667], "texture": "#0"}
			}
		},
		{
			"name": "ectoplasm_64",
			"from": [6.66667, 7.83333, 12.16667],
			"to": [7, 8.16667, 15.16667],
			"rotation": {"angle": 0, "axis": "y", "origin": [0, 7.83333, 0.16667]},
			"faces": {
				"north": {"uv": [7, 12, 6.66667, 12.33333], "texture": "#0"},
				"east": {"uv": [6.66667, 12, 7, 15], "rotation": 90, "texture": "#0"},
				"south": {"uv": [6.66667, 14.66667, 7, 15], "texture": "#0"},
				"west": {"uv": [6.66667, 12, 7, 15], "rotation": 270, "texture": "#0"},
				"up": {"uv": [6.66667, 12, 7, 15], "texture": "#0"},
				"down": {"uv": [6.66667, 15, 7, 12], "texture": "#0"}
			}
		},
		{
			"name": "ectoplasm_65",
			"from": [7, 7.83333, 12.5],
			"to": [7.33333, 8.16667, 15.16667],
			"rotation": {"angle": 0, "axis": "y", "origin": [0, 7.83333, 0.16667]},
			"faces": {
				"north": {"uv": [7.33333, 12.33333, 7, 12.66667], "texture": "#0"},
				"east": {"uv": [7, 12.33333, 7.33333, 15], "rotation": 90, "texture": "#0"},
				"south": {"uv": [7, 14.66667, 7.33333, 15], "texture": "#0"},
				"west": {"uv": [7, 12.33333, 7.33333, 15], "rotation": 270, "texture": "#0"},
				"up": {"uv": [7, 12.33333, 7.33333, 15], "texture": "#0"},
				"down": {"uv": [7, 15, 7.33333, 12.33333], "texture": "#0"}
			}
		},
		{
			"name": "ectoplasm_66",
			"from": [9.33333, 7.83333, 12.5],
			"to": [9.66667, 8.16667, 14.5],
			"rotation": {"angle": 0, "axis": "y", "origin": [0, 7.83333, 0.16667]},
			"faces": {
				"north": {"uv": [9.66667, 12.33333, 9.33333, 12.66667], "texture": "#0"},
				"east": {"uv": [9.33333, 12.33333, 9.66667, 14.33333], "rotation": 90, "texture": "#0"},
				"south": {"uv": [9.33333, 14, 9.66667, 14.33333], "texture": "#0"},
				"west": {"uv": [9.33333, 12.33333, 9.66667, 14.33333], "rotation": 270, "texture": "#0"},
				"up": {"uv": [9.33333, 12.33333, 9.66667, 14.33333], "texture": "#0"},
				"down": {"uv": [9.33333, 14.33333, 9.66667, 12.33333], "texture": "#0"}
			}
		},
		{
			"name": "ectoplasm_67",
			"from": [7.33333, 7.83333, 12.83333],
			"to": [9.33333, 8.16667, 14.83333],
			"rotation": {"angle": 0, "axis": "y", "origin": [0, 7.83333, 0.16667]},
			"faces": {
				"north": {"uv": [9.33333, 12.66667, 7.33333, 13], "texture": "#0"},
				"east": {"uv": [9, 12.66667, 9.33333, 14.66667], "rotation": 90, "texture": "#0"},
				"south": {"uv": [7.33333, 14.33333, 9.33333, 14.66667], "texture": "#0"},
				"west": {"uv": [7.33333, 12.66667, 7.66667, 14.66667], "rotation": 270, "texture": "#0"},
				"up": {"uv": [7.33333, 12.66667, 9.33333, 14.66667], "texture": "#0"},
				"down": {"uv": [7.33333, 14.66667, 9.33333, 12.66667], "texture": "#0"}
			}
		},
		{
			"name": "ectoplasm_68",
			"from": [7.33333, 7.83333, 14.83333],
			"to": [7.66667, 8.16667, 15.16667],
			"rotation": {"angle": 0, "axis": "y", "origin": [0, 7.83333, 0.16667]},
			"faces": {
				"north": {"uv": [7.66667, 14.66667, 7.33333, 15], "texture": "#0"},
				"east": {"uv": [7.33333, 14.66667, 7.66667, 15], "rotation": 90, "texture": "#0"},
				"south": {"uv": [7.33333, 14.66667, 7.66667, 15], "texture": "#0"},
				"west": {"uv": [7.33333, 14.66667, 7.66667, 15], "rotation": 270, "texture": "#0"},
				"up": {"uv": [7.33333, 14.66667, 7.66667, 15], "texture": "#0"},
				"down": {"uv": [7.33333, 15, 7.66667, 14.66667], "texture": "#0"}
			}
		}
	],
	"gui_light": "front",
	"display": {
		"thirdperson_righthand": {
			"rotation": [79, 0, 0],
			"translation": [0.75, 2.25, 0.75],
			"scale": [0.25, 0.25, 0.25]
		},
		"thirdperson_lefthand": {
			"rotation": [79, 0, 0],
			"translation": [0.75, 2.25, 0.75],
			"scale": [0.25, 0.25, 0.25]
		},
		"firstperson_righthand": {
			"rotation": [100, 0, 73],
			"translation": [0, 4.25, 2.25],
			"scale": [0.39, 0.39, 0.39]
		},
		"firstperson_lefthand": {
			"rotation": [100, 0, 73],
			"translation": [0, 4.25, 2.25],
			"scale": [0.39, 0.39, 0.39]
		},
		"ground": {
			"rotation": [90, 0, 0],
			"translation": [0, 1.25, 0],
			"scale": [0.57, 0.57, 0.57]
		},
		"gui": {
			"rotation": [90, 0, 0],
			"translation": [0.25, -0.25, 0]
		},
		"fixed": {
			"rotation": [90, 0, 0],
			"translation": [1, 0, -7.75],
			"scale": [1.59, 4, 1.59]
		}
	},
	"groups": [
		{
			"name": "ectoplasm",
			"origin": [8, 8, 8],
			"color": 0,
			"children": [
				0,
				1,
				2,
				3,
				4,
				5,
				6,
				7,
				8,
				9,
				10,
				11,
				12,
				13,
				14,
				15,
				16,
				17,
				18,
				19,
				20,
				21,
				22,
				23,
				24,
				25,
				26,
				27,
				28,
				29,
				30,
				31,
				32,
				33,
				34,
				35,
				36,
				37,
				38,
				39,
				40,
				41,
				42,
				43,
				44,
				45,
				46,
				47,
				48,
				49,
				50,
				51,
				52,
				53,
				54,
				55,
				56,
				57,
				58,
				59,
				60,
				61,
				62,
				63,
				64,
				65,
				66,
				67,
				68
			]
		}
	]
}