{
	"credit": "Made with Blockbench",
	"textures": {
		"0": "block/acacia_log",
		"1": "block/light_blue_concrete_powder",
		"particle": "block/acacia_log"
	},
	"elements": [
		{
			"from": [6.81253, 6.58125, 6.75],
			"to": [9.18753, 7.64375, 9.1875],
			"rotation": {"angle": 0, "axis": "y", "origin": [14.50003, 13.83125, 16.5]},
			"faces": {
				"north": {"uv": [0, 0, 2.625, 1.25], "texture": "#1"},
				"east": {"uv": [0, 0, 2.625, 1.25], "texture": "#1"},
				"south": {"uv": [0, 0, 2.625, 1.25], "texture": "#1"},
				"west": {"uv": [0, 0, 2.625, 1.25], "texture": "#1"},
				"up": {"uv": [0, 0, 2.625, 2.625], "texture": "#1"},
				"down": {"uv": [0, 0, 2.625, 2.625], "texture": "#1"}
			}
		},
		{
			"from": [6.62503, 8.20625, 9.5],
			"to": [9.37503, 8.95625, 9.6875],
			"rotation": {"angle": 0, "axis": "y", "origin": [14.50003, 16.26875, 19.6875]},
			"faces": {
				"north": {"uv": [0, 0, 1, 1.438], "texture": "#0"},
				"east": {"uv": [0, 0, 1, 1.438], "texture": "#0"},
				"south": {"uv": [0, 0, 1, 1.438], "texture": "#0"},
				"west": {"uv": [0, 0, 1, 1.438], "texture": "#0"},
				"up": {"uv": [0, 0, 1, 1.438], "texture": "#0"},
				"down": {"uv": [0, 0, 1, 1.438], "texture": "#0"}
			}
		},
		{
			"from": [6.50003, 6.14375, 6.5],
			"to": [9.50003, 6.64375, 9.5],
			"rotation": {"angle": 0, "axis": "y", "origin": [14.50003, 14.14375, 16.5]},
			"faces": {
				"north": {"uv": [0, 0, 1, 1.438], "texture": "#0"},
				"east": {"uv": [0, 0, 1, 1.438], "texture": "#0"},
				"south": {"uv": [0, 0, 1, 1.438], "texture": "#0"},
				"west": {"uv": [0, 0, 1, 1.438], "texture": "#0"},
				"up": {"uv": [0, 0, 1, 1.438], "texture": "#0"},
				"down": {"uv": [0, 0, 1, 1.438], "texture": "#0"}
			}
		},
		{
			"from": [6.75003, 5.89375, 6.75],
			"to": [9.25003, 6.14375, 9.25],
			"rotation": {"angle": 0, "axis": "y", "origin": [14.50003, 13.64375, 16.5]},
			"faces": {
				"north": {"uv": [0, 0, 1, 1.438], "texture": "#0"},
				"east": {"uv": [0, 0, 1, 1.438], "texture": "#0"},
				"south": {"uv": [0, 0, 1, 1.438], "texture": "#0"},
				"west": {"uv": [0, 0, 1, 1.438], "texture": "#0"},
				"up": {"uv": [0, 0, 1, 1.438], "texture": "#0"},
				"down": {"uv": [0, 0, 1, 1.438], "texture": "#0"}
			}
		},
		{
			"from": [6.75003, 8.95625, 6.75],
			"to": [9.25003, 9.20625, 9.25],
			"rotation": {"angle": 0, "axis": "y", "origin": [14.50003, 16.70625, 16.5]},
			"faces": {
				"north": {"uv": [0, 0, 1, 1.438], "texture": "#0"},
				"east": {"uv": [0, 0, 1, 1.438], "texture": "#0"},
				"south": {"uv": [0, 0, 1, 1.438], "texture": "#0"},
				"west": {"uv": [0, 0, 1, 1.438], "texture": "#0"},
				"up": {"uv": [0, 0, 1, 1.438], "texture": "#0"},
				"down": {"uv": [0, 0, 1, 1.438], "texture": "#0"}
			}
		},
		{
			"from": [7.37503, 9.20625, 7.375],
			"to": [8.62503, 9.58125, 8.625],
			"rotation": {"angle": 0, "axis": "y", "origin": [14.50003, 16.95625, 16.5]},
			"faces": {
				"north": {"uv": [0, 0, 1, 1.438], "texture": "#0"},
				"east": {"uv": [0, 0, 1, 1.438], "texture": "#0"},
				"south": {"uv": [0, 0, 1, 1.438], "texture": "#0"},
				"west": {"uv": [0, 0, 1, 1.438], "texture": "#0"},
				"up": {"uv": [0, 0, 1, 1.438], "texture": "#0"},
				"down": {"uv": [0, 0, 1, 1.438], "texture": "#0"}
			}
		},
		{
			"from": [7.12503, 9.58125, 7.125],
			"to": [8.87503, 10.14375, 8.875],
			"rotation": {"angle": 0, "axis": "y", "origin": [14.50003, 17.33125, 16.5]},
			"faces": {
				"north": {"uv": [1, 0, 2, 1.438], "texture": "#0"},
				"east": {"uv": [1, 0, 2, 1.438], "texture": "#0"},
				"south": {"uv": [1, 0, 2, 1.438], "texture": "#0"},
				"west": {"uv": [1, 0, 2, 1.438], "texture": "#0"},
				"up": {"uv": [1, 0, 2, 1.438], "texture": "#0"},
				"down": {"uv": [1, 0, 2, 1.438], "texture": "#0"}
			}
		},
		{
			"from": [6.12503, 8.51875, 6.5],
			"to": [9.87503, 8.95625, 9.5],
			"rotation": {"angle": 0, "axis": "y", "origin": [14.50003, 16.26875, 16.5]},
			"faces": {
				"north": {"uv": [0, 0, 1, 1.438], "texture": "#0"},
				"east": {"uv": [0, 0, 1, 1.438], "texture": "#0"},
				"south": {"uv": [0, 0, 1, 1.438], "texture": "#0"},
				"west": {"uv": [0, 0, 1, 1.438], "texture": "#0"},
				"up": {"uv": [0, 0, 1, 1.438], "texture": "#0"},
				"down": {"uv": [0, 0, 1, 1.438], "texture": "#0"}
			}
		},
		{
			"from": [6.62503, 8.20625, 6.3125],
			"to": [9.37503, 8.95625, 6.5],
			"rotation": {"angle": 0, "axis": "y", "origin": [14.50003, 16.26875, 16.5]},
			"faces": {
				"north": {"uv": [0, 0, 1, 1.438], "texture": "#0"},
				"east": {"uv": [0, 0, 1, 1.438], "texture": "#0"},
				"south": {"uv": [0, 0, 1, 1.438], "texture": "#0"},
				"west": {"uv": [0, 0, 1, 1.438], "texture": "#0"},
				"up": {"uv": [0, 0, 1, 1.438], "texture": "#0"},
				"down": {"uv": [0, 0, 1, 1.438], "texture": "#0"}
			}
		},
		{
			"from": [7.12503, 7.70625, 6.25],
			"to": [8.87503, 8.20625, 6.4375],
			"rotation": {"angle": 0, "axis": "y", "origin": [14.50003, 15.51875, 16.4375]},
			"faces": {
				"north": {"uv": [0, 0, 1, 1.438], "texture": "#0"},
				"east": {"uv": [0, 0, 1, 1.438], "texture": "#0"},
				"south": {"uv": [0, 0, 1, 1.438], "texture": "#0"},
				"west": {"uv": [0, 0, 1, 1.438], "texture": "#0"},
				"up": {"uv": [0, 0, 1, 1.438], "texture": "#0"},
				"down": {"uv": [0, 0, 1, 1.438], "texture": "#0"}
			}
		},
		{
			"from": [7.75003, 6.64375, 6.5],
			"to": [8.25003, 8.51875, 6.75],
			"rotation": {"angle": 0, "axis": "y", "origin": [14.50003, 15.83125, 16.625]},
			"faces": {
				"north": {"uv": [0, 0, 1, 1.438], "texture": "#0"},
				"east": {"uv": [0, 0, 1, 1.438], "texture": "#0"},
				"south": {"uv": [0, 0, 1, 1.438], "texture": "#0"},
				"west": {"uv": [0, 0, 1, 1.438], "texture": "#0"},
				"up": {"uv": [0, 0, 1, 1.438], "texture": "#0"},
				"down": {"uv": [0, 0, 1, 1.438], "texture": "#0"}
			}
		},
		{
			"from": [7.75003, 6.64375, 9.1875],
			"to": [8.25003, 8.51875, 9.5],
			"rotation": {"angle": 0, "axis": "y", "origin": [14.50003, 15.83125, 19.5]},
			"faces": {
				"north": {"uv": [0, 0, 1, 1.438], "texture": "#0"},
				"east": {"uv": [0, 0, 1, 1.438], "texture": "#0"},
				"south": {"uv": [0, 0, 1, 1.438], "texture": "#0"},
				"west": {"uv": [0, 0, 1, 1.438], "texture": "#0"},
				"up": {"uv": [0, 0, 1, 1.438], "texture": "#0"},
				"down": {"uv": [0, 0, 1, 1.438], "texture": "#0"}
			}
		},
		{
			"from": [6.49979, 6.64375, 7.78125],
			"to": [6.81229, 8.51875, 8.28125],
			"rotation": {"angle": 0, "axis": "y", "origin": [6.59354, 7.175, 8.03125]},
			"faces": {
				"north": {"uv": [0, 0, 1, 1.438], "texture": "#0"},
				"east": {"uv": [0, 0, 1, 1.438], "texture": "#0"},
				"south": {"uv": [0, 0, 1, 1.438], "texture": "#0"},
				"west": {"uv": [0, 0, 1, 1.438], "texture": "#0"},
				"up": {"uv": [0, 0, 1, 1.438], "texture": "#0"},
				"down": {"uv": [0, 0, 1, 1.438], "texture": "#0"}
			}
		},
		{
			"from": [9.18729, 6.64375, 7.78125],
			"to": [9.49979, 8.51875, 8.28125],
			"rotation": {"angle": 0, "axis": "y", "origin": [9.40604, 7.175, 8.03125]},
			"faces": {
				"north": {"uv": [0, 0, 1, 1.438], "texture": "#0"},
				"east": {"uv": [0, 0, 1, 1.438], "texture": "#0"},
				"south": {"uv": [0, 0, 1, 1.438], "texture": "#0"},
				"west": {"uv": [0, 0, 1, 1.438], "texture": "#0"},
				"up": {"uv": [0, 0, 1, 1.438], "texture": "#0"},
				"down": {"uv": [0, 0, 1, 1.438], "texture": "#0"}
			}
		},
		{
			"from": [7.12503, 7.70625, 9.5625],
			"to": [8.87503, 8.20625, 9.75],
			"rotation": {"angle": 0, "axis": "y", "origin": [14.50003, 15.51875, 19.75]},
			"faces": {
				"north": {"uv": [0, 0, 1, 1.438], "texture": "#0"},
				"east": {"uv": [0, 0, 1, 1.438], "texture": "#0"},
				"south": {"uv": [0, 0, 1, 1.438], "texture": "#0"},
				"west": {"uv": [0, 0, 1, 1.438], "texture": "#0"},
				"up": {"uv": [0, 0, 1, 1.438], "texture": "#0"},
				"down": {"uv": [0, 0, 1, 1.438], "texture": "#0"}
			}
		}
	],
	"display": {
		"thirdperson_righthand": {
			"rotation": [0, 57, 0],
			"translation": [-0.5, 1, 0.75]
		},
		"thirdperson_lefthand": {
			"rotation": [0, 57, 0],
			"translation": [-0.5, 1, 0.75]
		},
		"firstperson_righthand": {
			"rotation": [0, 21, 0],
			"translation": [-2.75, 5.75, 5]
		},
		"firstperson_lefthand": {
			"rotation": [0, 21, 0],
			"translation": [-2.75, 5.75, 5]
		},
		"gui": {
			"rotation": [-22, -57, -46],
			"translation": [0.5, 0.25, 0],
			"scale": [2.55, 2.55, 2.55]
		},
		"fixed": {
			"rotation": [0, 90, 0],
			"scale": [2.04, 2.04, 2.04]
		}
	},
	"groups": [0,
		{
			"name": "group",
			"origin": [15, 10.1875, 17.25],
			"children": [1, 2, 3, 4, 5, 6, 7, 8, 9, 10, 11, 12, 13, 14]
		}
	]
}