{
	"credit": "Made with Blockbench",
	"textures": {
		"11": "block/iron_block",
		"20": "block/black_concrete_powder",
		"25": "block/emerald_block",
		"particle": "block/light_gray_concrete_powder"
	},
	"elements": [
		{
			"from": [6, 0, 7],
			"to": [9, 6, 8],
			"faces": {
				"north": {"uv": [8, 3, 10, 9], "texture": "#20"},
				"east": {"uv": [15, 3, 16, 9], "texture": "#20"},
				"south": {"uv": [9, 3, 12, 9], "texture": "#20"},
				"west": {"uv": [14, 3, 16, 9], "texture": "#20"},
				"up": {"uv": [13, 3, 16, 9], "texture": "#20"},
				"down": {"uv": [13, 3, 16, 9], "texture": "#20"}
			}
		},
		{
			"from": [10, 8, 7],
			"to": [14, 9, 8],
			"faces": {
				"north": {"uv": [7, 4, 13, 6], "texture": "#11"},
				"east": {"uv": [3, 3, 4, 4], "texture": "#11"},
				"south": {"uv": [4, 15, 11, 16], "texture": "#11"},
				"west": {"uv": [12, 4, 13, 5], "texture": "#11"},
				"up": {"uv": [4, 15, 11, 16], "texture": "#11"},
				"down": {"uv": [6, 4, 13, 8], "texture": "#11"}
			}
		},
		{
			"from": [1, 8, 7],
			"to": [5, 9, 8],
			"faces": {
				"north": {"uv": [5, 14, 12, 16], "texture": "#11"},
				"east": {"uv": [11, 4, 13, 5], "texture": "#11"},
				"south": {"uv": [5, 4, 12, 5], "texture": "#11"},
				"west": {"uv": [0, 0, 1, 1], "texture": "#11"},
				"up": {"uv": [5, 0, 12, 1], "texture": "#11"},
				"down": {"uv": [6, 4, 13, 8], "texture": "#11"}
			}
		},
		{
			"from": [5, 7, 6],
			"to": [10, 8, 9],
			"faces": {
				"north": {"uv": [6, 4, 13, 5], "texture": "#11"},
				"east": {"uv": [8, 4, 13, 6], "texture": "#11"},
				"south": {"uv": [2, 5, 9, 6], "texture": "#11"},
				"west": {"uv": [8, 4, 13, 6], "texture": "#11"},
				"up": {"uv": [6, 4, 11, 7], "texture": "#11"},
				"down": {"uv": [6, 4, 13, 8], "texture": "#11"}
			}
		},
		{
			"from": [3, 6, 7],
			"to": [12, 8, 8],
			"faces": {
				"north": {"uv": [5, 0, 14, 3], "texture": "#11"},
				"east": {"uv": [11, 4, 13, 8], "texture": "#11"},
				"south": {"uv": [2, 7, 11, 9], "texture": "#11"},
				"west": {"uv": [11, 4, 13, 8], "texture": "#11"},
				"up": {"uv": [6, 4, 13, 8], "texture": "#11"},
				"down": {"uv": [6, 4, 13, 8], "texture": "#11"}
			}
		},
		{
			"from": [6, -1, 7],
			"to": [9, 0, 8],
			"faces": {
				"north": {"uv": [7, 4, 11, 6], "texture": "#11"},
				"east": {"uv": [6, 4, 13, 8], "texture": "#11"},
				"south": {"uv": [8, 7, 12, 9], "texture": "#11"},
				"west": {"uv": [6, 4, 13, 8], "texture": "#11"},
				"up": {"uv": [6, 4, 13, 8], "texture": "#11"},
				"down": {"uv": [6, 4, 13, 8], "texture": "#11"}
			}
		},
		{
			"from": [7, 30, 7],
			"to": [8, 32, 8],
			"faces": {
				"north": {"uv": [7, 0, 8, 2], "texture": "#25"},
				"east": {"uv": [7, 0, 8, 2], "texture": "#25"},
				"south": {"uv": [0, 0, 1, 2], "texture": "#25"},
				"west": {"uv": [7, 0, 8, 2], "texture": "#25"},
				"up": {"uv": [7, 0, 8, 1], "texture": "#25"},
				"down": {"uv": [7, 0, 8, 2], "texture": "#25"}
			}
		},
		{
			"from": [6, 8, 7],
			"to": [9, 30, 8],
			"faces": {
				"north": {"uv": [13, 3, 15, 14], "texture": "#25"},
				"east": {"uv": [4, 4, 5, 14], "texture": "#25"},
				"south": {"uv": [0, 4, 2, 15], "texture": "#25"},
				"west": {"uv": [0, 4, 1, 14], "texture": "#25"},
				"up": {"uv": [0, 4, 2, 14], "texture": "#25"},
				"down": {"uv": [0, 4, 2, 14], "texture": "#25"}
			}
		}
	],
	"gui_light": "front",
	"display": {
		"thirdperson_righthand": {
			"rotation": [0, 90, 0],
			"translation": [0.5, 1.5, 2],
			"scale": [0.63, 0.57, 0.6]
		},
		"thirdperson_lefthand": {
			"rotation": [0, 90, 0],
			"translation": [0.25, 1.5, 2],
			"scale": [0.63, 0.57, 0.6]
		},
		"firstperson_righthand": {
			"rotation": [0, -90, -10],
			"translation": [2, 1, 0],
			"scale": [0.39, 0.6, 0.79]
		},
		"firstperson_lefthand": {
			"rotation": [6, -81, -1],
			"translation": [2, 1, 0],
			"scale": [0.5, 0.64, 0.79]
		},
		"ground": {
			"rotation": [-90, 0, 0],
			"translation": [0, -1.75, 2],
			"scale": [0.43, 0.43, 0.4]
		},
		"gui": {
			"rotation": [0, 0, -44],
			"translation": [-3.25, -3.75, 0],
			"scale": [0.72, 0.68, 0.66]
		},
		"fixed": {
			"rotation": [0, -180, -44],
			"translation": [3.5, -4.5, -1],
			"scale": [0.77, 0.77, 0.76]
		}
	},
	"groups": [0,
		{
			"name": "group",
			"origin": [8, 8, 8],
			"children": [1, 2, 3, 4, 5]
		},
		{
			"name": "group",
			"origin": [8, 8, 8],
			"children": [6, 7]
		}
	]
}