{
	"credit": "Made with Blockbench",
	"textures": {
		"0": "block/furnace_side",
		"1": "block/emerald_block",
		"particle": "block/furnace_side"
	},
	"elements": [
		{
			"from": [-0.42604, 3.02501, 0.4375],
			"to": [-0.11354, 4.77501, 1.6875],
			"rotation": {"angle": 45, "axis": "z", "origin": [2.58272, 3.23259, 1.0625]},
			"faces": {
				"north": {"uv": [7, 10, 7.563, 10.313], "rotation": 90, "texture": "#0"},
				"east": {"uv": [7, 10, 7.563, 10.313], "rotation": 90, "texture": "#0"},
				"south": {"uv": [7, 10, 7.563, 10.313], "rotation": 90, "texture": "#0"},
				"west": {"uv": [7, 10, 7.563, 10.313], "rotation": 90, "texture": "#0"},
				"up": {"uv": [7, 10, 7.563, 10.313], "rotation": 90, "texture": "#0"},
				"down": {"uv": [7, 10, 7.563, 10.313], "rotation": 90, "texture": "#0"}
			}
		},
		{
			"from": [1.2762, -0.32402, 0.1875],
			"to": [2.3387, -0.01152, 1.9375],
			"rotation": {"angle": -22.5, "axis": "z", "origin": [2.58272, 3.23259, 1.0625]},
			"faces": {
				"north": {"uv": [7, 10, 7.563, 10.313], "texture": "#0"},
				"east": {"uv": [7, 10, 7.563, 10.313], "texture": "#0"},
				"south": {"uv": [7, 10, 7.563, 10.313], "texture": "#0"},
				"west": {"uv": [7, 10, 7.563, 10.313], "texture": "#0"},
				"up": {"uv": [7, 10, 7.563, 10.313], "texture": "#0"},
				"down": {"uv": [7, 10, 7.563, 10.313], "texture": "#0"}
			}
		},
		{
			"from": [0.9375, 0, 0],
			"to": [4.5, 0.5, 2.125],
			"rotation": {"angle": 0, "axis": "y", "origin": [2.58272, 3.23259, 1.0625]},
			"faces": {
				"north": {"uv": [7, 10, 7.563, 10.313], "texture": "#0"},
				"east": {"uv": [7, 10, 7.563, 10.313], "texture": "#0"},
				"south": {"uv": [7, 10, 7.563, 10.313], "texture": "#0"},
				"west": {"uv": [7, 10, 7.563, 10.313], "texture": "#0"},
				"up": {"uv": [7, 10, 7.563, 10.313], "texture": "#0"},
				"down": {"uv": [7, 10, 7.563, 10.313], "texture": "#0"}
			}
		},
		{
			"from": [1.5946, -0.37859, 0.0625],
			"to": [4.5321, 0.12141, 2.0625],
			"rotation": {"angle": 45, "axis": "z", "origin": [2.58272, 3.23259, 1.0625]},
			"faces": {
				"north": {"uv": [7, 10, 7.563, 10.313], "texture": "#0"},
				"east": {"uv": [7, 10, 7.563, 10.313], "texture": "#0"},
				"south": {"uv": [7, 10, 7.563, 10.313], "texture": "#0"},
				"west": {"uv": [7, 10, 7.563, 10.313], "texture": "#0"},
				"up": {"uv": [7, 10, 7.563, 10.313], "texture": "#0"},
				"down": {"uv": [7, 10, 7.563, 10.313], "texture": "#0"}
			}
		},
		{
			"from": [6, 2.0625, 0.125],
			"to": [6.5, 5, 2],
			"rotation": {"angle": 0, "axis": "z", "origin": [2.58272, 3.23259, 1.0625]},
			"faces": {
				"north": {"uv": [7, 10, 7.563, 10.313], "rotation": 270, "texture": "#0"},
				"east": {"uv": [7, 10, 7.563, 10.313], "rotation": 270, "texture": "#0"},
				"south": {"uv": [7, 10, 7.563, 10.313], "rotation": 270, "texture": "#0"},
				"west": {"uv": [7, 10, 7.563, 10.313], "rotation": 270, "texture": "#0"},
				"up": {"uv": [7, 10, 7.563, 10.313], "rotation": 270, "texture": "#0"},
				"down": {"uv": [7, 10, 7.563, 10.313], "rotation": 270, "texture": "#0"}
			}
		},
		{
			"from": [6.07207, 1.74273, 0.1875],
			"to": [6.57207, 4.68023, 1.9375],
			"rotation": {"angle": 45, "axis": "z", "origin": [2.58272, 3.23259, 1.0625]},
			"faces": {
				"north": {"uv": [7, 10, 7.563, 10.313], "rotation": 270, "texture": "#0"},
				"east": {"uv": [7, 10, 7.563, 10.313], "rotation": 270, "texture": "#0"},
				"south": {"uv": [7, 10, 7.563, 10.313], "rotation": 270, "texture": "#0"},
				"west": {"uv": [7, 10, 7.563, 10.313], "rotation": 270, "texture": "#0"},
				"up": {"uv": [7, 10, 7.563, 10.313], "rotation": 270, "texture": "#0"},
				"down": {"uv": [7, 10, 7.563, 10.313], "rotation": 270, "texture": "#0"}
			}
		},
		{
			"from": [1.4375, 6.5625, 0.25],
			"to": [4.375, 7.0625, 1.875],
			"rotation": {"angle": 0, "axis": "z", "origin": [2.58272, 3.23259, 1.0625]},
			"faces": {
				"north": {"uv": [7, 10, 7.563, 10.313], "rotation": 180, "texture": "#0"},
				"east": {"uv": [7, 10, 7.563, 10.313], "rotation": 180, "texture": "#0"},
				"south": {"uv": [7, 10, 7.563, 10.313], "rotation": 180, "texture": "#0"},
				"west": {"uv": [7, 10, 7.563, 10.313], "rotation": 180, "texture": "#0"},
				"up": {"uv": [7, 10, 7.563, 10.313], "rotation": 180, "texture": "#0"},
				"down": {"uv": [7, 10, 7.563, 10.313], "rotation": 180, "texture": "#0"}
			}
		},
		{
			"from": [1.51325, 6.22021, 0.3125],
			"to": [4.45075, 6.72021, 1.8125],
			"rotation": {"angle": 45, "axis": "z", "origin": [2.58272, 3.23259, 1.0625]},
			"faces": {
				"north": {"uv": [7, 10, 7.563, 10.313], "rotation": 180, "texture": "#0"},
				"east": {"uv": [7, 10, 7.563, 10.313], "rotation": 180, "texture": "#0"},
				"south": {"uv": [7, 10, 7.563, 10.313], "rotation": 180, "texture": "#0"},
				"west": {"uv": [7, 10, 7.563, 10.313], "rotation": 180, "texture": "#0"},
				"up": {"uv": [7, 10, 7.563, 10.313], "rotation": 180, "texture": "#0"},
				"down": {"uv": [7, 10, 7.563, 10.313], "rotation": 180, "texture": "#0"}
			}
		},
		{
			"from": [-0.625, 2.1875, 0.375],
			"to": [-0.1875, 4.9375, 1.75],
			"rotation": {"angle": 0, "axis": "z", "origin": [2.58272, 3.23259, 1.0625]},
			"faces": {
				"north": {"uv": [7, 10, 7.563, 10.313], "rotation": 90, "texture": "#0"},
				"east": {"uv": [7, 10, 7.563, 10.313], "rotation": 90, "texture": "#0"},
				"south": {"uv": [7, 10, 7.563, 10.313], "rotation": 90, "texture": "#0"},
				"west": {"uv": [7, 10, 7.563, 10.313], "rotation": 90, "texture": "#0"},
				"up": {"uv": [7, 10, 7.563, 10.313], "rotation": 90, "texture": "#0"},
				"down": {"uv": [7, 10, 7.563, 10.313], "rotation": 90, "texture": "#0"}
			}
		},
		{
			"from": [-0.875, 2.5625, 0.5625],
			"to": [-0.3125, 4.5625, 1.5625],
			"rotation": {"angle": 0, "axis": "y", "origin": [-0.71875, 3.53125, 1.09375]},
			"faces": {
				"north": {"uv": [8, 3, 10.438, 3.688], "rotation": 90, "texture": "#1"},
				"east": {"uv": [8, 3, 10.438, 3.688], "rotation": 270, "texture": "#1"},
				"south": {"uv": [0, 0, 2.438, 0.688], "rotation": 270, "texture": "#1"},
				"west": {"uv": [0, 0, 2.438, 0.688], "rotation": 270, "texture": "#1"},
				"up": {"uv": [8, 3, 10.438, 3.688], "rotation": 270, "texture": "#1"},
				"down": {"uv": [8, 3, 10.438, 3.688], "rotation": 270, "texture": "#1"}
			}
		},
		{
			"from": [1.6875, 6.75, 0.5],
			"to": [4.125, 7.4375, 1.6875],
			"rotation": {"angle": 0, "axis": "y", "origin": [10, 14.75, 8.5]},
			"faces": {
				"north": {"uv": [8, 3, 10.438, 3.688], "texture": "#1"},
				"east": {"uv": [8, 3, 10.438, 3.688], "texture": "#1"},
				"south": {"uv": [0, 0, 2.438, 0.688], "texture": "#1"},
				"west": {"uv": [8, 3, 10.438, 3.688], "texture": "#1"},
				"up": {"uv": [0, 0, 2.438, 0.688], "texture": "#1"},
				"down": {"uv": [8, 3, 10.438, 3.688], "texture": "#1"}
			}
		},
		{
			"from": [1.6875, -0.3125, 0.5],
			"to": [4.125, 0.375, 1.6875],
			"rotation": {"angle": 0, "axis": "y", "origin": [10, 7.6875, 8.5]},
			"faces": {
				"north": {"uv": [8, 3, 10.438, 3.688], "texture": "#1"},
				"east": {"uv": [8, 3, 10.438, 3.688], "texture": "#1"},
				"south": {"uv": [0, 0, 2.438, 0.688], "texture": "#1"},
				"west": {"uv": [8, 3, 10.438, 3.688], "texture": "#1"},
				"up": {"uv": [0, 0, 2.438, 0.688], "texture": "#1"},
				"down": {"uv": [8, 3, 10.438, 3.688], "texture": "#1"}
			}
		},
		{
			"from": [6.125, 2.3125, 0.5],
			"to": [6.75, 4.75, 1.6875],
			"rotation": {"angle": 0, "axis": "z", "origin": [6.34375, 3.53125, 1.09375]},
			"faces": {
				"north": {"uv": [8, 3, 10.438, 3.688], "rotation": 90, "texture": "#1"},
				"east": {"uv": [8, 3, 10.438, 3.688], "rotation": 270, "texture": "#1"},
				"south": {"uv": [0, 0, 2.438, 0.688], "rotation": 270, "texture": "#1"},
				"west": {"uv": [0, 0, 2.438, 0.688], "rotation": 270, "texture": "#1"},
				"up": {"uv": [8, 3, 10.438, 3.688], "rotation": 270, "texture": "#1"},
				"down": {"uv": [8, 3, 10.438, 3.688], "rotation": 270, "texture": "#1"}
			}
		}
	],
	"gui_light": "front",
	"display": {
		"thirdperson_righthand": {
			"translation": [3.75, 1.75, 7.75],
			"scale": [0.72, 0.83, 0.9]
		},
		"thirdperson_lefthand": {
			"translation": [-3.5, 1.75, 7.75],
			"scale": [0.72, 0.83, 0.9]
		},
		"firstperson_righthand": {
			"translation": [-3, 8, 10],
			"scale": [0.34, 0.34, 0.34]
		},
		"firstperson_lefthand": {
			"translation": [-6.25, 8, 9.5],
			"scale": [0.34, 0.34, 0.34]
		},
		"ground": {
			"rotation": [90, 0, 0],
			"translation": [4.25, -8.75, 3.75],
			"scale": [0.78, 0.78, 0.78]
		},
		"gui": {
			"rotation": [-44, 38, 14],
			"translation": [12.5, 10, 0],
			"scale": [1.69, 1.69, 1.69]
		},
		"fixed": {
			"translation": [7.75, 7, 9],
			"scale": [1.49, 1.49, 1.49]
		}
	},
	"groups": [
		{
			"name": "group",
			"origin": [-0.125, 4.4375, 0.5],
			"children": [0, 1, 2, 3, 4, 5, 6, 7, 8]
		},
		{
			"name": "group",
			"origin": [6.34375, 3.53125, 1.09375],
			"children": [9, 10, 11, 12]
		}
	]
}