{
	"credit": "Made with Blockbench",
	"textures": {
		"0": "block/anvil",
		"2": "block/emerald_block",
		"3": "block/red_sand",
		"particle": "block/anvil"
	},
	"elements": [
		{
			"from": [7.87347, 6.42096, 7.59375],
			"to": [8.12347, 8.10846, 8.40625],
			"rotation": {"angle": 0, "axis": "y", "origin": [15.49847, 12.29596, 15.46875]},
			"faces": {
				"north": {"uv": [1, 6, 1.25, 6.688], "texture": "#2"},
				"east": {"uv": [1, 6, 1.25, 6.688], "texture": "#2"},
				"south": {"uv": [1, 6, 1.25, 6.688], "texture": "#2"},
				"west": {"uv": [1, 6, 1.25, 6.688], "texture": "#2"},
				"up": {"uv": [1, 6, 1.25, 6.688], "texture": "#2"},
				"down": {"uv": [1, 6, 1.25, 6.688], "texture": "#2"}
			}
		},
		{
			"from": [7.74847, 6.29596, 7.65625],
			"to": [8.24847, 8.23346, 8.34375],
			"rotation": {"angle": 0, "axis": "y", "origin": [15.49847, 12.29596, 15.46875]},
			"faces": {
				"north": {"uv": [0, 7, 0.25, 7.688], "texture": "#2"},
				"east": {"uv": [0, 7, 0.25, 7.688], "texture": "#2"},
				"south": {"uv": [0, 7, 0.25, 7.688], "texture": "#2"},
				"west": {"uv": [0, 7, 0.25, 7.688], "texture": "#2"},
				"up": {"uv": [0, 7, 0.25, 7.688], "texture": "#2"},
				"down": {"uv": [0, 7, 0.25, 7.688], "texture": "#2"}
			}
		},
		{
			"from": [7.43597, 4.92096, 7.84423],
			"to": [8.56097, 6.73346, 8.15577],
			"rotation": {"angle": 0, "axis": "y", "origin": [15.49847, 12.29596, 15.46875]},
			"faces": {
				"north": {"uv": [0, 0, 1.125, 2.4375], "texture": "#0"},
				"east": {"uv": [0, 0, 0.31153, 2.4375], "texture": "#0"},
				"south": {"uv": [10, 2, 10.438, 2.625], "texture": "#0"},
				"west": {"uv": [0, 0, 0.31153, 2.4375], "texture": "#0"},
				"up": {"uv": [0, 0, 1.125, 0.31153], "texture": "#0"},
				"down": {"uv": [0, 0, 1.125, 0.31153], "texture": "#0"}
			}
		},
		{
			"from": [7.62347, 4.23346, 7.90673],
			"to": [8.37347, 6.73346, 8.09327],
			"rotation": {"angle": 0, "axis": "y", "origin": [15.49847, 12.29596, 15.46875]},
			"faces": {
				"north": {"uv": [0, 0, 1.125, 2.4375], "texture": "#0"},
				"east": {"uv": [0, 0, 0.31153, 2.4375], "texture": "#0"},
				"south": {"uv": [9, 3, 9.438, 3.625], "texture": "#0"},
				"west": {"uv": [0, 0, 0.31153, 2.4375], "texture": "#0"},
				"up": {"uv": [0, 0, 1.125, 0.31153], "texture": "#0"},
				"down": {"uv": [0, 0, 1.125, 0.31153], "texture": "#0"}
			}
		},
		{
			"from": [7.31097, 5.42096, 7.78125],
			"to": [8.68597, 7.73346, 8.21875],
			"rotation": {"angle": 0, "axis": "y", "origin": [15.49847, 12.29596, 15.46875]},
			"faces": {
				"north": {"uv": [0, 0, 1.375, 2.3125], "texture": "#0"},
				"east": {"uv": [0, 0, 0.4375, 2.3125], "texture": "#0"},
				"south": {"uv": [9, 2, 9.438, 2.625], "texture": "#0"},
				"west": {"uv": [0, 0, 0.4375, 2.3125], "texture": "#0"},
				"up": {"uv": [0, 0, 1.375, 0.4375], "texture": "#0"},
				"down": {"uv": [0, 0, 1.375, 0.4375], "texture": "#0"}
			}
		},
		{
			"from": [6.99847, 6.35846, 7.84375],
			"to": [8.99847, 7.67096, 8.15625],
			"rotation": {"angle": 0, "axis": "y", "origin": [15.49847, 12.29596, 15.46875]},
			"faces": {
				"north": {"uv": [0, 0, 2, 1.3125], "texture": "#0"},
				"east": {"uv": [0, 0, 0.3125, 1.3125], "texture": "#0"},
				"south": {"uv": [10, 2, 10.438, 2.625], "texture": "#0"},
				"west": {"uv": [0, 0, 0.3125, 1.3125], "texture": "#0"},
				"up": {"uv": [0, 0, 2, 0.3125], "texture": "#0"},
				"down": {"uv": [0, 0, 2, 0.3125], "texture": "#0"}
			}
		},
		{
			"from": [5.99847, 7.04596, 7.87476],
			"to": [9.99847, 7.60846, 8.12524],
			"rotation": {"angle": 0, "axis": "y", "origin": [15.49847, 12.29596, 15.46875]},
			"faces": {
				"north": {"uv": [0, 0, 4, 0.5625], "texture": "#0"},
				"east": {"uv": [0, 0, 0.25048, 0.5625], "texture": "#0"},
				"south": {"uv": [9, 2, 9.438, 2.625], "texture": "#0"},
				"west": {"uv": [0, 0, 0.25048, 0.5625], "texture": "#0"},
				"up": {"uv": [0, 0, 4, 0.25048], "texture": "#0"},
				"down": {"uv": [0, 0, 4, 0.25048], "texture": "#0"}
			}
		},
		{
			"from": [9.31097, 6.92096, 7.93726],
			"to": [10.18597, 7.73346, 8.06274],
			"rotation": {"angle": 0, "axis": "y", "origin": [15.49847, 12.17096, 15.46875]},
			"faces": {
				"north": {"uv": [0, 0, 0.875, 0.8125], "texture": "#0"},
				"east": {"uv": [0, 0, 0.12548, 0.8125], "texture": "#0"},
				"south": {"uv": [10, 2, 10.438, 2.625], "texture": "#0"},
				"west": {"uv": [0, 0, 0.12548, 0.8125], "texture": "#0"},
				"up": {"uv": [0, 0, 0.875, 0.12548], "texture": "#0"},
				"down": {"uv": [0, 0, 0.875, 0.12548], "texture": "#0"}
			}
		},
		{
			"from": [10.18597, 7.04596, 7.96827],
			"to": [10.40544, 7.60846, 8.03173],
			"rotation": {"angle": 0, "axis": "y", "origin": [15.49847, 12.17096, 15.46875]},
			"faces": {
				"north": {"uv": [0, 0, 0.21948, 0.5625], "texture": "#0"},
				"east": {"uv": [0, 0, 0.06347, 0.5625], "texture": "#0"},
				"south": {"uv": [10, 2, 10.438, 2.625], "texture": "#0"},
				"west": {"uv": [0, 0, 0.06347, 0.5625], "texture": "#0"},
				"up": {"uv": [0, 0, 0.21948, 0.06347], "texture": "#0"},
				"down": {"uv": [0, 0, 0.21948, 0.06347], "texture": "#0"}
			}
		},
		{
			"from": [5.62347, 7.04596, 7.96827],
			"to": [5.84294, 7.60846, 8.03173],
			"rotation": {"angle": 0, "axis": "y", "origin": [10.93597, 12.17096, 15.46875]},
			"faces": {
				"north": {"uv": [0, 0, 0.21948, 0.5625], "texture": "#0"},
				"east": {"uv": [0, 0, 0.06347, 0.5625], "texture": "#0"},
				"south": {"uv": [10, 2, 10.438, 2.625], "texture": "#0"},
				"west": {"uv": [0, 0, 0.06347, 0.5625], "texture": "#0"},
				"up": {"uv": [0, 0, 0.21948, 0.06347], "texture": "#0"},
				"down": {"uv": [0, 0, 0.21948, 0.06347], "texture": "#0"}
			}
		},
		{
			"from": [5.81097, 6.92096, 7.93726],
			"to": [6.68597, 7.73346, 8.06274],
			"rotation": {"angle": 0, "axis": "y", "origin": [11.99847, 12.17096, 15.46875]},
			"faces": {
				"north": {"uv": [0, 0, 0.875, 0.8125], "texture": "#0"},
				"east": {"uv": [0, 0, 0.12548, 0.8125], "texture": "#0"},
				"south": {"uv": [10, 2, 10.438, 2.625], "texture": "#0"},
				"west": {"uv": [0, 0, 0.12548, 0.8125], "texture": "#0"},
				"up": {"uv": [0, 0, 0.875, 0.12548], "texture": "#0"},
				"down": {"uv": [0, 0, 0.875, 0.12548], "texture": "#0"}
			}
		},
		{
			"from": [7.56097, 7.73346, 7.84375],
			"to": [8.43597, 8.42096, 8.15625],
			"rotation": {"angle": 0, "axis": "y", "origin": [15.49847, 12.29596, 15.46875]},
			"faces": {
				"north": {"uv": [5, 2, 5.438, 2.625], "texture": "#3"},
				"east": {"uv": [5, 2, 5.438, 2.625], "texture": "#3"},
				"south": {"uv": [5, 2, 5.438, 2.625], "texture": "#3"},
				"west": {"uv": [5, 2, 5.438, 2.625], "texture": "#3"},
				"up": {"uv": [5, 2, 5.438, 2.625], "texture": "#3"},
				"down": {"uv": [5, 2, 5.438, 2.625], "texture": "#3"}
			}
		},
		{
			"from": [7.24847, 8.23346, 7.78125],
			"to": [7.68597, 8.85846, 8.21875],
			"rotation": {"angle": 0, "axis": "y", "origin": [14.56097, 12.79596, 15.46875]},
			"faces": {
				"north": {"uv": [5, 2, 5.438, 2.625], "texture": "#3"},
				"east": {"uv": [5, 2, 5.438, 2.625], "texture": "#3"},
				"south": {"uv": [5, 2, 5.438, 2.625], "texture": "#3"},
				"west": {"uv": [5, 2, 5.438, 2.625], "texture": "#3"},
				"up": {"uv": [5, 2, 5.438, 2.625], "texture": "#3"},
				"down": {"uv": [5, 2, 5.438, 2.625], "texture": "#3"}
			}
		},
		{
			"from": [6.87347, 8.79596, 7.84375],
			"to": [7.43597, 9.29596, 8.15625],
			"rotation": {"angle": 0, "axis": "y", "origin": [14.12347, 13.35846, 15.46875]},
			"faces": {
				"north": {"uv": [5, 2, 5.438, 2.625], "texture": "#3"},
				"east": {"uv": [5, 2, 5.438, 2.625], "texture": "#3"},
				"south": {"uv": [5, 2, 5.438, 2.625], "texture": "#3"},
				"west": {"uv": [5, 2, 5.438, 2.625], "texture": "#3"},
				"up": {"uv": [5, 2, 5.438, 2.625], "texture": "#3"},
				"down": {"uv": [5, 2, 5.438, 2.625], "texture": "#3"}
			}
		},
		{
			"from": [7.18597, 9.23346, 7.81274],
			"to": [7.62347, 9.79741, 8.18726],
			"rotation": {"angle": 0, "axis": "y", "origin": [14.31097, 13.79596, 15.46875]},
			"faces": {
				"north": {"uv": [5, 2, 5.438, 2.625], "texture": "#3"},
				"east": {"uv": [5, 2, 5.438, 2.625], "texture": "#3"},
				"south": {"uv": [5, 2, 5.438, 2.625], "texture": "#3"},
				"west": {"uv": [5, 2, 5.438, 2.625], "texture": "#3"},
				"up": {"uv": [5, 2, 5.438, 2.625], "texture": "#3"},
				"down": {"uv": [5, 2, 5.438, 2.625], "texture": "#3"}
			}
		},
		{
			"from": [7.84246, 9.79596, 7.87476],
			"to": [8.15496, 10.23491, 8.12524],
			"rotation": {"angle": 0, "axis": "y", "origin": [14.96746, 14.35846, 15.46875]},
			"faces": {
				"north": {"uv": [5, 2, 5.438, 2.625], "texture": "#3"},
				"east": {"uv": [5, 2, 5.438, 2.625], "texture": "#3"},
				"south": {"uv": [5, 2, 5.438, 2.625], "texture": "#3"},
				"west": {"uv": [5, 2, 5.438, 2.625], "texture": "#3"},
				"up": {"uv": [5, 2, 5.438, 2.625], "texture": "#3"},
				"down": {"uv": [5, 2, 5.438, 2.625], "texture": "#3"}
			}
		},
		{
			"from": [7.56097, 9.67096, 7.84375],
			"to": [7.87347, 9.98491, 8.15625],
			"rotation": {"angle": 0, "axis": "y", "origin": [14.68597, 14.23346, 15.46875]},
			"faces": {
				"north": {"uv": [5, 2, 5.438, 2.625], "texture": "#3"},
				"east": {"uv": [5, 2, 5.438, 2.625], "texture": "#3"},
				"south": {"uv": [5, 2, 5.438, 2.625], "texture": "#3"},
				"west": {"uv": [5, 2, 5.438, 2.625], "texture": "#3"},
				"up": {"uv": [5, 2, 5.438, 2.625], "texture": "#3"},
				"down": {"uv": [5, 2, 5.438, 2.625], "texture": "#3"}
			}
		},
		{
			"from": [8.31097, 8.23346, 7.78125],
			"to": [8.74847, 8.85846, 8.21875],
			"rotation": {"angle": 0, "axis": "y", "origin": [15.56097, 12.79596, 15.46875]},
			"faces": {
				"north": {"uv": [5, 2, 5.438, 2.625], "texture": "#3"},
				"east": {"uv": [5, 2, 5.438, 2.625], "texture": "#3"},
				"south": {"uv": [5, 2, 5.438, 2.625], "texture": "#3"},
				"west": {"uv": [5, 2, 5.438, 2.625], "texture": "#3"},
				"up": {"uv": [5, 2, 5.438, 2.625], "texture": "#3"},
				"down": {"uv": [5, 2, 5.438, 2.625], "texture": "#3"}
			}
		},
		{
			"from": [8.56097, 8.79596, 7.84375],
			"to": [9.12347, 9.29596, 8.15625],
			"rotation": {"angle": 0, "axis": "y", "origin": [15.81097, 13.35846, 15.46875]},
			"faces": {
				"north": {"uv": [5, 2, 5.438, 2.625], "texture": "#3"},
				"east": {"uv": [5, 2, 5.438, 2.625], "texture": "#3"},
				"south": {"uv": [5, 2, 5.438, 2.625], "texture": "#3"},
				"west": {"uv": [5, 2, 5.438, 2.625], "texture": "#3"},
				"up": {"uv": [5, 2, 5.438, 2.625], "texture": "#3"},
				"down": {"uv": [5, 2, 5.438, 2.625], "texture": "#3"}
			}
		},
		{
			"from": [8.37347, 9.23346, 7.81274],
			"to": [8.81097, 9.79741, 8.18726],
			"rotation": {"angle": 0, "axis": "y", "origin": [15.49847, 13.79596, 15.46875]},
			"faces": {
				"north": {"uv": [5, 2, 5.438, 2.625], "texture": "#3"},
				"east": {"uv": [5, 2, 5.438, 2.625], "texture": "#3"},
				"south": {"uv": [5, 2, 5.438, 2.625], "texture": "#3"},
				"west": {"uv": [5, 2, 5.438, 2.625], "texture": "#3"},
				"up": {"uv": [5, 2, 5.438, 2.625], "texture": "#3"},
				"down": {"uv": [5, 2, 5.438, 2.625], "texture": "#3"}
			}
		},
		{
			"from": [8.12347, 9.67096, 7.84375],
			"to": [8.43597, 9.98491, 8.15625],
			"rotation": {"angle": 0, "axis": "y", "origin": [15.24847, 14.23346, 15.46875]},
			"faces": {
				"north": {"uv": [5, 2, 5.438, 2.625], "texture": "#3"},
				"east": {"uv": [5, 2, 5.438, 2.625], "texture": "#3"},
				"south": {"uv": [5, 2, 5.438, 2.625], "texture": "#3"},
				"west": {"uv": [5, 2, 5.438, 2.625], "texture": "#3"},
				"up": {"uv": [5, 2, 5.438, 2.625], "texture": "#3"},
				"down": {"uv": [5, 2, 5.438, 2.625], "texture": "#3"}
			}
		},
		{
			"from": [7.24847, 8.23346, 7.78125],
			"to": [7.68597, 8.85846, 8.21875],
			"rotation": {"angle": 0, "axis": "y", "origin": [14.56097, 12.79596, 15.46875]},
			"color": 6,
			"faces": {
				"north": {"uv": [0, 0, 0.4375, 0.625], "texture": "#missing"},
				"east": {"uv": [0, 0, 0.4375, 0.625], "texture": "#missing"},
				"south": {"uv": [10, 2, 10.438, 2.625], "texture": "#missing"},
				"west": {"uv": [0, 0, 0.4375, 0.625], "texture": "#missing"},
				"up": {"uv": [0, 0, 0.4375, 0.4375], "texture": "#missing"},
				"down": {"uv": [0, 0, 0.4375, 0.4375], "texture": "#missing"}
			}
		},
		{
			"from": [7.43597, 4.92096, 7.84423],
			"to": [8.56097, 6.73346, 8.15577],
			"rotation": {"angle": 0, "axis": "y", "origin": [15.49847, 12.29596, 15.46875]},
			"color": 6,
			"faces": {
				"north": {"uv": [0, 0, 1.125, 2.4375], "texture": "#missing"},
				"east": {"uv": [0, 0, 0.31153, 2.4375], "texture": "#missing"},
				"south": {"uv": [10, 2, 10.438, 2.625], "texture": "#missing"},
				"west": {"uv": [0, 0, 0.31153, 2.4375], "texture": "#missing"},
				"up": {"uv": [0, 0, 1.125, 0.31153], "texture": "#missing"},
				"down": {"uv": [0, 0, 1.125, 0.31153], "texture": "#missing"}
			}
		},
		{
			"from": [7.62347, 4.23346, 7.90673],
			"to": [8.37347, 6.73346, 8.09327],
			"rotation": {"angle": 0, "axis": "y", "origin": [15.49847, 12.29596, 15.46875]},
			"color": 6,
			"faces": {
				"north": {"uv": [0, 0, 1.125, 2.4375], "texture": "#missing"},
				"east": {"uv": [0, 0, 0.31153, 2.4375], "texture": "#missing"},
				"south": {"uv": [9, 3, 9.438, 3.625], "texture": "#missing"},
				"west": {"uv": [0, 0, 0.31153, 2.4375], "texture": "#missing"},
				"up": {"uv": [0, 0, 1.125, 0.31153], "texture": "#missing"},
				"down": {"uv": [0, 0, 1.125, 0.31153], "texture": "#missing"}
			}
		},
		{
			"from": [7.31097, 5.42096, 7.78125],
			"to": [8.68597, 7.73346, 8.21875],
			"rotation": {"angle": 0, "axis": "y", "origin": [15.49847, 12.29596, 15.46875]},
			"color": 6,
			"faces": {
				"north": {"uv": [0, 0, 1.375, 2.3125], "texture": "#missing"},
				"east": {"uv": [0, 0, 0.4375, 2.3125], "texture": "#missing"},
				"south": {"uv": [9, 2, 9.438, 2.625], "texture": "#missing"},
				"west": {"uv": [0, 0, 0.4375, 2.3125], "texture": "#missing"},
				"up": {"uv": [0, 0, 1.375, 0.4375], "texture": "#missing"},
				"down": {"uv": [0, 0, 1.375, 0.4375], "texture": "#missing"}
			}
		},
		{
			"from": [6.99847, 6.35846, 7.84375],
			"to": [8.99847, 7.67096, 8.15625],
			"rotation": {"angle": 0, "axis": "y", "origin": [15.49847, 12.29596, 15.46875]},
			"color": 6,
			"faces": {
				"north": {"uv": [0, 0, 2, 1.3125], "texture": "#missing"},
				"east": {"uv": [0, 0, 0.3125, 1.3125], "texture": "#missing"},
				"south": {"uv": [10, 2, 10.438, 2.625], "texture": "#missing"},
				"west": {"uv": [0, 0, 0.3125, 1.3125], "texture": "#missing"},
				"up": {"uv": [0, 0, 2, 0.3125], "texture": "#missing"},
				"down": {"uv": [0, 0, 2, 0.3125], "texture": "#missing"}
			}
		},
		{
			"from": [5.99847, 7.04596, 7.87476],
			"to": [9.99847, 7.60846, 8.12524],
			"rotation": {"angle": 0, "axis": "y", "origin": [15.49847, 12.29596, 15.46875]},
			"color": 6,
			"faces": {
				"north": {"uv": [0, 0, 4, 0.5625], "texture": "#missing"},
				"east": {"uv": [0, 0, 0.25048, 0.5625], "texture": "#missing"},
				"south": {"uv": [9, 2, 9.438, 2.625], "texture": "#missing"},
				"west": {"uv": [0, 0, 0.25048, 0.5625], "texture": "#missing"},
				"up": {"uv": [0, 0, 4, 0.25048], "texture": "#missing"},
				"down": {"uv": [0, 0, 4, 0.25048], "texture": "#missing"}
			}
		},
		{
			"from": [9.31097, 6.92096, 7.93726],
			"to": [10.18597, 7.73346, 8.06274],
			"rotation": {"angle": 0, "axis": "y", "origin": [15.49847, 12.17096, 15.46875]},
			"color": 6,
			"faces": {
				"north": {"uv": [0, 0, 0.875, 0.8125], "texture": "#missing"},
				"east": {"uv": [0, 0, 0.12548, 0.8125], "texture": "#missing"},
				"south": {"uv": [10, 2, 10.438, 2.625], "texture": "#missing"},
				"west": {"uv": [0, 0, 0.12548, 0.8125], "texture": "#missing"},
				"up": {"uv": [0, 0, 0.875, 0.12548], "texture": "#missing"},
				"down": {"uv": [0, 0, 0.875, 0.12548], "texture": "#missing"}
			}
		},
		{
			"from": [10.18597, 7.04596, 7.96827],
			"to": [10.40544, 7.60846, 8.03173],
			"rotation": {"angle": 0, "axis": "y", "origin": [15.49847, 12.17096, 15.46875]},
			"color": 6,
			"faces": {
				"north": {"uv": [0, 0, 0.21948, 0.5625], "texture": "#missing"},
				"east": {"uv": [0, 0, 0.06347, 0.5625], "texture": "#missing"},
				"south": {"uv": [10, 2, 10.438, 2.625], "texture": "#missing"},
				"west": {"uv": [0, 0, 0.06347, 0.5625], "texture": "#missing"},
				"up": {"uv": [0, 0, 0.21948, 0.06347], "texture": "#missing"},
				"down": {"uv": [0, 0, 0.21948, 0.06347], "texture": "#missing"}
			}
		},
		{
			"from": [5.62347, 7.04596, 7.96827],
			"to": [5.84294, 7.60846, 8.03173],
			"rotation": {"angle": 0, "axis": "y", "origin": [10.93597, 12.17096, 15.46875]},
			"color": 6,
			"faces": {
				"north": {"uv": [0, 0, 0.21948, 0.5625], "texture": "#missing"},
				"east": {"uv": [0, 0, 0.06347, 0.5625], "texture": "#missing"},
				"south": {"uv": [10, 2, 10.438, 2.625], "texture": "#missing"},
				"west": {"uv": [0, 0, 0.06347, 0.5625], "texture": "#missing"},
				"up": {"uv": [0, 0, 0.21948, 0.06347], "texture": "#missing"},
				"down": {"uv": [0, 0, 0.21948, 0.06347], "texture": "#missing"}
			}
		},
		{
			"from": [5.81097, 6.92096, 7.93726],
			"to": [6.68597, 7.73346, 8.06274],
			"rotation": {"angle": 0, "axis": "y", "origin": [11.99847, 12.17096, 15.46875]},
			"color": 6,
			"faces": {
				"north": {"uv": [0, 0, 0.875, 0.8125], "texture": "#missing"},
				"east": {"uv": [0, 0, 0.12548, 0.8125], "texture": "#missing"},
				"south": {"uv": [10, 2, 10.438, 2.625], "texture": "#missing"},
				"west": {"uv": [0, 0, 0.12548, 0.8125], "texture": "#missing"},
				"up": {"uv": [0, 0, 0.875, 0.12548], "texture": "#missing"},
				"down": {"uv": [0, 0, 0.875, 0.12548], "texture": "#missing"}
			}
		},
		{
			"from": [7.56097, 7.73346, 7.84375],
			"to": [8.43597, 8.42096, 8.15625],
			"rotation": {"angle": 0, "axis": "y", "origin": [15.49847, 12.29596, 15.46875]},
			"color": 6,
			"faces": {
				"north": {"uv": [0, 0, 0.875, 0.625], "texture": "#missing"},
				"east": {"uv": [0, 0, 0.3125, 0.625], "texture": "#missing"},
				"south": {"uv": [10, 2, 10.438, 2.625], "texture": "#missing"},
				"west": {"uv": [0, 0, 0.3125, 0.625], "texture": "#missing"},
				"up": {"uv": [0, 0, 0.875, 0.3125], "texture": "#missing"},
				"down": {"uv": [0, 0, 0.875, 0.3125], "texture": "#missing"}
			}
		},
		{
			"from": [8.31097, 8.23346, 7.78125],
			"to": [8.74847, 8.85846, 8.21875],
			"rotation": {"angle": 0, "axis": "y", "origin": [15.56097, 12.79596, 15.46875]},
			"color": 6,
			"faces": {
				"north": {"uv": [0, 0, 0.4375, 0.625], "texture": "#missing"},
				"east": {"uv": [0, 0, 0.4375, 0.625], "texture": "#missing"},
				"south": {"uv": [10, 2, 10.438, 2.625], "texture": "#missing"},
				"west": {"uv": [0, 0, 0.4375, 0.625], "texture": "#missing"},
				"up": {"uv": [0, 0, 0.4375, 0.4375], "texture": "#missing"},
				"down": {"uv": [0, 0, 0.4375, 0.4375], "texture": "#missing"}
			}
		},
		{
			"from": [8.56097, 8.79596, 7.84375],
			"to": [9.12347, 9.29596, 8.15625],
			"rotation": {"angle": 0, "axis": "y", "origin": [15.81097, 13.35846, 15.46875]},
			"color": 6,
			"faces": {
				"north": {"uv": [0, 0, 0.5625, 0.5], "texture": "#missing"},
				"east": {"uv": [0, 0, 0.3125, 0.5], "texture": "#missing"},
				"south": {"uv": [10, 2, 10.438, 2.625], "texture": "#missing"},
				"west": {"uv": [0, 0, 0.3125, 0.5], "texture": "#missing"},
				"up": {"uv": [0, 0, 0.5625, 0.3125], "texture": "#missing"},
				"down": {"uv": [0, 0, 0.5625, 0.3125], "texture": "#missing"}
			}
		},
		{
			"from": [6.87347, 8.79596, 7.84375],
			"to": [7.43597, 9.29596, 8.15625],
			"rotation": {"angle": 0, "axis": "y", "origin": [14.12347, 13.35846, 15.46875]},
			"color": 6,
			"faces": {
				"north": {"uv": [0, 0, 0.5625, 0.5], "texture": "#missing"},
				"east": {"uv": [0, 0, 0.3125, 0.5], "texture": "#missing"},
				"south": {"uv": [10, 2, 10.438, 2.625], "texture": "#missing"},
				"west": {"uv": [0, 0, 0.3125, 0.5], "texture": "#missing"},
				"up": {"uv": [0, 0, 0.5625, 0.3125], "texture": "#missing"},
				"down": {"uv": [0, 0, 0.5625, 0.3125], "texture": "#missing"}
			}
		},
		{
			"from": [7.18597, 9.23346, 7.81274],
			"to": [7.62347, 9.79741, 8.18726],
			"rotation": {"angle": 0, "axis": "y", "origin": [14.31097, 13.79596, 15.46875]},
			"color": 6,
			"faces": {
				"north": {"uv": [0, 0, 0.4375, 0.56395], "texture": "#missing"},
				"east": {"uv": [0, 0, 0.37452, 0.56395], "texture": "#missing"},
				"south": {"uv": [10, 2, 10.438, 2.625], "texture": "#missing"},
				"west": {"uv": [0, 0, 0.37452, 0.56395], "texture": "#missing"},
				"up": {"uv": [0, 0, 0.4375, 0.37452], "texture": "#missing"},
				"down": {"uv": [0, 0, 0.4375, 0.37452], "texture": "#missing"}
			}
		},
		{
			"from": [8.37347, 9.23346, 7.81274],
			"to": [8.81097, 9.79741, 8.18726],
			"rotation": {"angle": 0, "axis": "y", "origin": [15.49847, 13.79596, 15.46875]},
			"color": 6,
			"faces": {
				"north": {"uv": [0, 0, 0.4375, 0.56395], "texture": "#missing"},
				"east": {"uv": [0, 0, 0.37452, 0.56395], "texture": "#missing"},
				"south": {"uv": [10, 2, 10.438, 2.625], "texture": "#missing"},
				"west": {"uv": [0, 0, 0.37452, 0.56395], "texture": "#missing"},
				"up": {"uv": [0, 0, 0.4375, 0.37452], "texture": "#missing"},
				"down": {"uv": [0, 0, 0.4375, 0.37452], "texture": "#missing"}
			}
		},
		{
			"from": [7.56097, 9.67096, 7.84375],
			"to": [7.87347, 9.98491, 8.15625],
			"rotation": {"angle": 0, "axis": "y", "origin": [14.68597, 14.23346, 15.46875]},
			"color": 6,
			"faces": {
				"north": {"uv": [0, 0, 0.3125, 0.31395], "texture": "#missing"},
				"east": {"uv": [0, 0, 0.3125, 0.31395], "texture": "#missing"},
				"south": {"uv": [10, 2, 10.438, 2.625], "texture": "#missing"},
				"west": {"uv": [0, 0, 0.3125, 0.31395], "texture": "#missing"},
				"up": {"uv": [0, 0, 0.3125, 0.3125], "texture": "#missing"},
				"down": {"uv": [0, 0, 0.3125, 0.3125], "texture": "#missing"}
			}
		},
		{
			"from": [8.12347, 9.67096, 7.84375],
			"to": [8.43597, 9.98491, 8.15625],
			"rotation": {"angle": 0, "axis": "y", "origin": [15.24847, 14.23346, 15.46875]},
			"color": 6,
			"faces": {
				"north": {"uv": [0, 0, 0.3125, 0.31395], "texture": "#missing"},
				"east": {"uv": [0, 0, 0.3125, 0.31395], "texture": "#missing"},
				"south": {"uv": [10, 2, 10.438, 2.625], "texture": "#missing"},
				"west": {"uv": [0, 0, 0.3125, 0.31395], "texture": "#missing"},
				"up": {"uv": [0, 0, 0.3125, 0.3125], "texture": "#missing"},
				"down": {"uv": [0, 0, 0.3125, 0.3125], "texture": "#missing"}
			}
		},
		{
			"from": [7.84246, 9.79596, 7.87476],
			"to": [8.15496, 10.23491, 8.12524],
			"rotation": {"angle": 0, "axis": "y", "origin": [14.96746, 14.35846, 15.46875]},
			"color": 6,
			"faces": {
				"north": {"uv": [0, 0, 0.3125, 0.43895], "texture": "#missing"},
				"east": {"uv": [0, 0, 0.25048, 0.43895], "texture": "#missing"},
				"south": {"uv": [10, 2, 10.438, 2.625], "texture": "#missing"},
				"west": {"uv": [0, 0, 0.25048, 0.43895], "texture": "#missing"},
				"up": {"uv": [0, 0, 0.3125, 0.25048], "texture": "#missing"},
				"down": {"uv": [0, 0, 0.3125, 0.25048], "texture": "#missing"}
			}
		}
	],
	"display": {
		"thirdperson_righthand": {
			"translation": [0, 2.25, 1.5]
		},
		"thirdperson_lefthand": {
			"translation": [-0.25, 2.25, 1.5]
		},
		"firstperson_righthand": {
			"translation": [-3, 6.25, 5.5],
			"scale": [0.86, 0.86, 0.86]
		},
		"firstperson_lefthand": {
			"translation": [-3, 6.25, 5.5],
			"scale": [0.86, 0.86, 0.86]
		},
		"ground": {
			"rotation": [89, 0, 0],
			"translation": [0, -3.25, 0]
		},
		"gui": {
			"rotation": [-46, 22, 30],
			"translation": [-0.75, 1.25, 0],
			"scale": [2.82, 2.82, 2.82]
		},
		"fixed": {
			"translation": [0, 1.5, -0.25],
			"scale": [2.13, 2.13, 2.13]
		}
	},
	"groups": [
		{
			"name": "group",
			"origin": [8, 8, 8],
			"children": [0, 1]
		},
		{
			"name": "group",
			"origin": [7.46899, 10.0625, 8],
			"children": [2, 3, 4, 5, 6, 7, 8, 9, 10,
				{
					"name": "group",
					"origin": [15.24847, 14.23346, 15.46875],
					"children": [11, 12, 13, 14, 15, 16, 17, 18, 19, 20]
				}
			]
		},
		{
			"name": "group",
			"origin": [7.46899, 10.0625, 8],
			"children": [21, 22, 23, 24, 25, 26, 27, 28, 29, 30, 31, 32, 33, 34, 35, 36, 37, 38, 39]
		}
	]
}