{
	"credit": "Made with Blockbench",
	"textures": {
		"0": "block/phonemodel",
		"particle": "block/phonemodel"
	},
	"elements": [
		{
			"from": [6.25, 5.75, 7.8125],
			"to": [9.75, 11.75, 8.25],
			"rotation": {"angle": 0, "axis": "y", "origin": [7.75, 7.75, 7.75]},
			"faces": {
				"north": {"uv": [0, 0, 13, 16], "texture": "#0"},
				"east": {"uv": [0, 0, 1, 2], "texture": "#0"},
				"south": {"uv": [12, 5, 15, 13], "texture": "#0"},
				"west": {"uv": [13, 0, 16, 16], "texture": "#0"},
				"up": {"uv": [13, 3, 16, 13], "rotation": 270, "texture": "#0"},
				"down": {"uv": [0, 0, 1, 2], "texture": "#0"}
			}
		}
	],
	"gui_light": "front",
	"display": {
		"thirdperson_righthand": {
			"rotation": [-180, 0, -180],
			"translation": [0, 1, 1.5],
			"scale": [0.58, 0.58, 0.58]
		},
		"thirdperson_lefthand": {
			"rotation": [-180, 0, -180],
			"translation": [0, 1, 1.5],
			"scale": [0.58, 0.58, 0.58]
		},
		"firstperson_righthand": {
			"rotation": [2, 160, 6],
			"translation": [-1.25, 4.25, 3.25]
		},
		"firstperson_lefthand": {
			"rotation": [2, 160, 6],
			"translation": [-1.25, 4.25, 3.25]
		},
		"ground": {
			"translation": [0, 1, 0],
			"scale": [1.22, 1.22, 1.22]
		},
		"gui": {
			"rotation": [-25, -180, -24],
			"translation": [0.75, -1.25, 0],
			"scale": [2.3, 2.3, 2.3]
		},
		"fixed": {
			"translation": [0, -1.75, 0],
			"scale": [2.58, 2.58, 2.58]
		}
	}
}