{
	"credit": "Made with Blockbench",
	"textures": {
		"1": "block/chorus_plant",
		"2": "block/end_stone",
		"3": "block/purple_stained_glass",
		"4": "block/end_portal_frame_top",
		"particle": "block/chorus_plant"
	},
	"elements": [
		{
			"from": [7.8125, -3.125, 6.9375],
			"to": [9.1875, 2, 8.0625],
			"rotation": {"angle": 0, "axis": "y", "origin": [8.5, 0.5, 7.5]},
			"faces": {
				"north": {"uv": [6, 0, 9, 9], "texture": "#2"},
				"east": {"uv": [6, 0, 9, 9], "texture": "#2"},
				"south": {"uv": [6, 0, 9, 9], "texture": "#2"},
				"west": {"uv": [6, 0, 9, 9], "texture": "#2"},
				"up": {"uv": [6, 0, 9, 9], "texture": "#2"},
				"down": {"uv": [6, 0, 10, 3], "texture": "#2"}
			}
		},
		{
			"from": [5.75, 2.25, 7.125],
			"to": [11.25, 2.4375, 7.875],
			"rotation": {"angle": 0, "axis": "y", "origin": [8.5, 4.5, 7.5]},
			"faces": {
				"north": {"uv": [3, 10, 11, 11], "texture": "#1"},
				"east": {"uv": [3, 10, 11, 11], "texture": "#1"},
				"south": {"uv": [3, 10, 11, 11], "texture": "#1"},
				"west": {"uv": [3, 10, 11, 11], "texture": "#1"},
				"up": {"uv": [3, 10, 11, 11], "texture": "#1"},
				"down": {"uv": [3, 10, 11, 11], "texture": "#1"}
			}
		},
		{
			"from": [7.6875, 2, 6.625],
			"to": [9.3125, 2.6875, 8.375],
			"rotation": {"angle": 0, "axis": "y", "origin": [8.5, 4.5, 7.5]},
			"faces": {
				"north": {"uv": [8, 10, 11, 11], "texture": "#1"},
				"east": {"uv": [8, 10, 11, 11], "texture": "#1"},
				"south": {"uv": [8, 10, 11, 11], "texture": "#1"},
				"west": {"uv": [8, 10, 11, 11], "texture": "#1"},
				"up": {"uv": [8, 10, 11, 11], "texture": "#1"},
				"down": {"uv": [8, 10, 11, 11], "texture": "#1"}
			}
		},
		{
			"from": [6.3125, 2.125, 6.8125],
			"to": [10.8125, 2.5625, 8.1875],
			"rotation": {"angle": 0, "axis": "y", "origin": [8.5, 4.5, 7.5]},
			"faces": {
				"north": {"uv": [3, 10, 11, 11], "texture": "#1"},
				"east": {"uv": [3, 10, 11, 11], "texture": "#1"},
				"south": {"uv": [3, 10, 11, 11], "texture": "#1"},
				"west": {"uv": [3, 10, 11, 11], "texture": "#1"},
				"up": {"uv": [3, 10, 11, 11], "texture": "#1"},
				"down": {"uv": [3, 10, 11, 11], "texture": "#1"}
			}
		},
		{
			"from": [7.25, 8.1875, 7.375],
			"to": [7.875, 15.75, 7.625],
			"rotation": {"angle": 0, "axis": "y", "origin": [8.45313, 9.02083, 7.5]},
			"faces": {
				"north": {"uv": [3, 14, 4, 15], "texture": "#1"},
				"east": {"uv": [3, 14, 4, 15], "texture": "#1"},
				"south": {"uv": [3, 14, 4, 15], "texture": "#1"},
				"west": {"uv": [3, 14, 4, 15], "texture": "#1"},
				"up": {"uv": [3, 14, 4, 15], "texture": "#1"},
				"down": {"uv": [3, 14, 4, 15], "texture": "#1"}
			}
		},
		{
			"from": [7.4375, 2.1875, 7.375],
			"to": [7.875, 4.875, 7.625],
			"rotation": {"angle": 0, "axis": "y", "origin": [8.45313, 9.02083, 7.5]},
			"faces": {
				"north": {"uv": [0, 15, 1, 16], "texture": "#1"},
				"east": {"uv": [0, 15, 1, 16], "texture": "#1"},
				"south": {"uv": [0, 15, 1, 16], "texture": "#1"},
				"west": {"uv": [0, 15, 1, 16], "texture": "#1"},
				"up": {"uv": [0, 15, 1, 16], "texture": "#1"},
				"down": {"uv": [0, 15, 1, 16], "texture": "#1"}
			}
		},
		{
			"from": [7.875, 10.9375, 7.375],
			"to": [9.1875, 12.875, 7.625],
			"rotation": {"angle": 0, "axis": "y", "origin": [8.45313, 9.02083, 7.5]},
			"faces": {
				"north": {"uv": [0, 14, 1.5, 15], "texture": "#1"},
				"east": {"uv": [0, 14, 1.5, 15], "texture": "#1"},
				"south": {"uv": [0, 14, 1.5, 15], "texture": "#1"},
				"west": {"uv": [0, 14, 1.5, 15], "texture": "#1"},
				"up": {"uv": [0, 14, 1.5, 15], "texture": "#1"},
				"down": {"uv": [0, 14, 1.5, 15], "texture": "#1"}
			}
		},
		{
			"from": [7.875, 12.875, 7.375],
			"to": [8.5625, 14.4375, 7.625],
			"rotation": {"angle": 0, "axis": "y", "origin": [8.45313, 9.02083, 7.5]},
			"faces": {
				"north": {"uv": [0, 14, 1.5, 15], "texture": "#1"},
				"east": {"uv": [0, 14, 1.5, 15], "texture": "#1"},
				"south": {"uv": [0, 14, 1.5, 15], "texture": "#1"},
				"west": {"uv": [0, 14, 1.5, 15], "texture": "#1"},
				"up": {"uv": [0, 14, 1.5, 15], "texture": "#1"},
				"down": {"uv": [0, 14, 1.5, 15], "texture": "#1"}
			}
		},
		{
			"from": [7.875, 2.25, 7.375],
			"to": [9.6875, 10.9375, 7.625],
			"rotation": {"angle": 0, "axis": "y", "origin": [8.45313, 9.02083, 7.5]},
			"faces": {
				"north": {"uv": [2, 14, 3.5, 15], "texture": "#1"},
				"east": {"uv": [0, 13, 1.5, 14], "texture": "#1"},
				"south": {"uv": [2, 14, 3.5, 15], "rotation": 180, "texture": "#1"},
				"west": {"uv": [0, 15, 1.5, 16], "texture": "#1"},
				"up": {"uv": [2, 14, 3.5, 15], "texture": "#1"},
				"down": {"uv": [2, 14, 3.5, 15], "texture": "#1"}
			}
		},
		{
			"from": [7.75, 2.625, 7.25],
			"to": [9.25, 3.625, 7.75],
			"rotation": {"angle": 0, "axis": "y", "origin": [8.26563, 3.39583, 7.75]},
			"faces": {
				"north": {"uv": [1, 1, 14.5, 15], "texture": "#4"},
				"east": {"uv": [0, 14, 1.5, 15], "texture": "#4"},
				"south": {"uv": [1, 1, 14.5, 15], "texture": "#4"},
				"west": {"uv": [0, 14, 1.5, 15], "texture": "#4"},
				"up": {"uv": [0, 14, 1.5, 15], "texture": "#4"},
				"down": {"uv": [0, 14, 1.5, 15], "texture": "#4"}
			}
		},
		{
			"from": [9.6875, 3.75, 7.375],
			"to": [10.25, 9.1875, 7.625],
			"rotation": {"angle": 0, "axis": "y", "origin": [8.45313, 9.02083, 7.5]},
			"faces": {
				"north": {"uv": [0, 12, 1.5, 13], "rotation": 180, "texture": "#1"},
				"east": {"uv": [0, 14, 1.5, 15], "texture": "#1"},
				"south": {"uv": [0, 12, 1.5, 13], "texture": "#1"},
				"west": {"uv": [1, 12, 1.5, 13], "texture": "#1"},
				"up": {"uv": [0, 14, 1.5, 15], "texture": "#1"},
				"down": {"uv": [0, 14, 1.5, 15], "texture": "#1"}
			}
		},
		{
			"from": [7.8125, 8.1875, 7.4375],
			"to": [8.4375, 15.75, 7.5625],
			"rotation": {"angle": 0, "axis": "y", "origin": [9.01563, 9.02083, 7.5]},
			"faces": {
				"north": {"uv": [6, 9, 7.5, 10], "texture": "#3"},
				"east": {"uv": [6, 9, 7.5, 10], "texture": "#3"},
				"south": {"uv": [6, 9, 7.5, 10], "texture": "#3"},
				"west": {"uv": [6, 9, 7.5, 10], "texture": "#3"},
				"up": {"uv": [6, 9, 7.5, 10], "texture": "#3"},
				"down": {"uv": [6, 9, 7.5, 10], "texture": "#3"}
			}
		},
		{
			"from": [8, 2.1875, 7.4375],
			"to": [8.4375, 4.875, 7.5625],
			"rotation": {"angle": 0, "axis": "y", "origin": [9.01563, 9.02083, 7.5]},
			"faces": {
				"north": {"uv": [6, 9, 7.5, 10], "texture": "#3"},
				"east": {"uv": [6, 9, 7.5, 10], "texture": "#3"},
				"south": {"uv": [6, 9, 7.5, 10], "texture": "#3"},
				"west": {"uv": [6, 9, 7.5, 10], "texture": "#3"},
				"up": {"uv": [6, 9, 7.5, 10], "texture": "#3"},
				"down": {"uv": [6, 9, 7.5, 10], "texture": "#3"}
			}
		},
		{
			"from": [8.4375, 10.9375, 7.4375],
			"to": [9.75, 12.875, 7.5625],
			"rotation": {"angle": 0, "axis": "y", "origin": [9.01563, 9.02083, 7.5]},
			"faces": {
				"north": {"uv": [6, 9, 7.5, 10], "texture": "#3"},
				"east": {"uv": [6, 9, 7.5, 10], "texture": "#3"},
				"south": {"uv": [6, 9, 7.5, 10], "texture": "#3"},
				"west": {"uv": [6, 9, 7.5, 10], "texture": "#3"},
				"up": {"uv": [6, 9, 7.5, 10], "texture": "#3"},
				"down": {"uv": [6, 9, 7.5, 10], "texture": "#3"}
			}
		},
		{
			"from": [8.4375, 12.875, 7.4375],
			"to": [9.125, 14.4375, 7.5625],
			"rotation": {"angle": 0, "axis": "y", "origin": [9.01563, 9.02083, 7.5]},
			"faces": {
				"north": {"uv": [6, 9, 7.5, 10], "texture": "#3"},
				"east": {"uv": [6, 9, 7.5, 10], "texture": "#3"},
				"south": {"uv": [6, 9, 7.5, 10], "texture": "#3"},
				"west": {"uv": [6, 9, 7.5, 10], "texture": "#3"},
				"up": {"uv": [6, 9, 7.5, 10], "texture": "#3"},
				"down": {"uv": [6, 9, 7.5, 10], "texture": "#3"}
			}
		},
		{
			"from": [8.4375, 2.25, 7.4375],
			"to": [10.25, 10.9375, 7.5625],
			"rotation": {"angle": 0, "axis": "y", "origin": [9.01563, 9.02083, 7.5]},
			"faces": {
				"north": {"uv": [6, 9, 7.5, 10], "texture": "#3"},
				"east": {"uv": [6, 9, 7.5, 10], "texture": "#3"},
				"south": {"uv": [6, 9, 7.5, 10], "texture": "#3"},
				"west": {"uv": [6, 9, 7.5, 10], "texture": "#3"},
				"up": {"uv": [6, 9, 7.5, 10], "texture": "#3"},
				"down": {"uv": [6, 9, 7.5, 10], "texture": "#3"}
			}
		},
		{
			"from": [10.25, 3.75, 7.4375],
			"to": [10.8125, 9.1875, 7.5625],
			"rotation": {"angle": 0, "axis": "y", "origin": [9.01563, 9.02083, 7.5]},
			"faces": {
				"north": {"uv": [6, 9, 7.5, 10], "texture": "#3"},
				"east": {"uv": [6, 9, 7.5, 10], "texture": "#3"},
				"south": {"uv": [6, 9, 7.5, 10], "texture": "#3"},
				"west": {"uv": [6, 9, 7.5, 10], "texture": "#3"},
				"up": {"uv": [6, 9, 7.5, 10], "texture": "#3"},
				"down": {"uv": [6, 9, 7.5, 10], "texture": "#3"}
			}
		}
	],
	"gui_light": "front",
	"display": {
		"thirdperson_righthand": {
			"rotation": [0, 90, 0],
			"translation": [0.25, 4.5, 1.75],
			"scale": [0.7, 0.7, 0.7]
		},
		"thirdperson_lefthand": {
			"rotation": [0, 90, 0],
			"translation": [0.25, 4.5, 1.5],
			"scale": [-0.7, 0.7, 0.7]
		},
		"firstperson_righthand": {
			"rotation": [0, 90, 0],
			"translation": [0, 7.75, 3],
			"scale": [0.8, 0.8, 0.8]
		},
		"firstperson_lefthand": {
			"rotation": [0, -90, 0],
			"translation": [0, 7.75, 3],
			"scale": [0.8, 0.8, 0.8]
		},
		"ground": {
			"rotation": [-180, 0, 0],
			"translation": [-0.5, -3, 0],
			"scale": [0.8, 0.8, 0.8]
		},
		"gui": {
			"rotation": [0, 0, 45],
			"translation": [-1, 0.75, 0],
			"scale": [-1, 1, 1]
		},
		"fixed": {
			"rotation": [0, 0, -45],
			"translation": [0.75, 1.75, 0]
		}
	},
	"groups": [0,
		{
			"name": "group",
			"origin": [8.5, 4.5, 7.5],
			"children": [1, 2, 3]
		},
		{
			"name": "group",
			"origin": [8.5, 4.5, 7.5],
			"children": [4, 5, 6, 7, 8, 9, 10]
		},
		{
			"name": "group",
			"origin": [8.5, 4.5, 7.5],
			"children": [11, 12, 13, 14, 15, 16]
		}
	]
}