{
    "parent": "item/generated",
    "textures": {
        "layer0": "item/ender_pearl"
    },
    "overrides":
	[
    {"predicate": {"custom_model_data": 1},"model": "item/alienartifact"},
    {"predicate": {"custom_model_data": 2},"model": "item/equipment_mod/scope"},
    {"predicate": {"custom_model_data": 3},"model": "item/equipment_mod/reddotsight"},
    {"predicate": {"custom_model_data": 4},"model": "item/equipment_mod/bowscope"},
    {"predicate": {"custom_model_data": 5},"model": "item/dot"}
	]
}
