{
	"credit": "Made with Blockbench",
	"textures": {
		"0": "item/endersteel",
		"particle": "item/endersteel"
	},
	"elements": [
		{
			"name": "endersteel_0",
			"from": [4.22727, 7.5, 1.09091],
			"to": [6.22727, 8.5, 11.09091],
			"rotation": {"angle": 0, "axis": "y", "origin": [0.22727, 7.5, -0.90909]},
			"faces": {
				"north": {"uv": [6, 2, 4, 3], "texture": "#0"},
				"east": {"uv": [5, 2, 6, 12], "rotation": 90, "texture": "#0"},
				"south": {"uv": [4, 11, 6, 12], "texture": "#0"},
				"west": {"uv": [4, 2, 5, 12], "rotation": 270, "texture": "#0"},
				"up": {"uv": [4, 2, 6, 12], "texture": "#0"},
				"down": {"uv": [4, 12, 6, 2], "texture": "#0"}
			}
		},
		{
			"name": "endersteel_1",
			"from": [3.22727, 7.5, 2.09091],
			"to": [4.22727, 8.5, 11.09091],
			"rotation": {"angle": 0, "axis": "y", "origin": [0.22727, 7.5, -0.90909]},
			"faces": {
				"north": {"uv": [4, 3, 3, 4], "texture": "#0"},
				"east": {"uv": [3, 3, 4, 12], "rotation": 90, "texture": "#0"},
				"south": {"uv": [3, 11, 4, 12], "texture": "#0"},
				"west": {"uv": [3, 3, 4, 12], "rotation": 270, "texture": "#0"},
				"up": {"uv": [3, 3, 4, 12], "texture": "#0"},
				"down": {"uv": [3, 12, 4, 3], "texture": "#0"}
			}
		},
		{
			"name": "endersteel_2",
			"from": [6.22727, 7.5, 2.09091],
			"to": [9.22727, 8.5, 12.09091],
			"rotation": {"angle": 0, "axis": "y", "origin": [0.22727, 7.5, -0.90909]},
			"faces": {
				"north": {"uv": [9, 3, 6, 4], "texture": "#0"},
				"east": {"uv": [8, 3, 9, 13], "rotation": 90, "texture": "#0"},
				"south": {"uv": [6, 12, 9, 13], "texture": "#0"},
				"west": {"uv": [6, 3, 7, 13], "rotation": 270, "texture": "#0"},
				"up": {"uv": [6, 3, 9, 13], "texture": "#0"},
				"down": {"uv": [6, 13, 9, 3], "texture": "#0"}
			}
		},
		{
			"name": "endersteel_3",
			"from": [2.22727, 7.5, 3.09091],
			"to": [3.22727, 8.5, 10.09091],
			"rotation": {"angle": 0, "axis": "y", "origin": [0.22727, 7.5, -0.90909]},
			"faces": {
				"north": {"uv": [3, 4, 2, 5], "texture": "#0"},
				"east": {"uv": [2, 4, 3, 11], "rotation": 90, "texture": "#0"},
				"south": {"uv": [2, 10, 3, 11], "texture": "#0"},
				"west": {"uv": [2, 4, 3, 11], "rotation": 270, "texture": "#0"},
				"up": {"uv": [2, 4, 3, 11], "texture": "#0"},
				"down": {"uv": [2, 11, 3, 4], "texture": "#0"}
			}
		},
		{
			"name": "endersteel_4",
			"from": [9.22727, 7.5, 3.09091],
			"to": [12.22727, 8.5, 13.09091],
			"rotation": {"angle": 0, "axis": "y", "origin": [0.22727, 7.5, -0.90909]},
			"faces": {
				"north": {"uv": [12, 4, 9, 5], "texture": "#0"},
				"east": {"uv": [11, 4, 12, 14], "rotation": 90, "texture": "#0"},
				"south": {"uv": [9, 13, 12, 14], "texture": "#0"},
				"west": {"uv": [9, 4, 10, 14], "rotation": 270, "texture": "#0"},
				"up": {"uv": [9, 4, 12, 14], "texture": "#0"},
				"down": {"uv": [9, 14, 12, 4], "texture": "#0"}
			}
		},
		{
			"name": "endersteel_5",
			"from": [1.22727, 7.5, 4.09091],
			"to": [2.22727, 8.5, 10.09091],
			"rotation": {"angle": 0, "axis": "y", "origin": [0.22727, 7.5, -0.90909]},
			"faces": {
				"north": {"uv": [2, 5, 1, 6], "texture": "#0"},
				"east": {"uv": [1, 5, 2, 11], "rotation": 90, "texture": "#0"},
				"south": {"uv": [1, 10, 2, 11], "texture": "#0"},
				"west": {"uv": [1, 5, 2, 11], "rotation": 270, "texture": "#0"},
				"up": {"uv": [1, 5, 2, 11], "texture": "#0"},
				"down": {"uv": [1, 11, 2, 5], "texture": "#0"}
			}
		},
		{
			"name": "endersteel_6",
			"from": [12.22727, 7.5, 4.09091],
			"to": [15.22727, 8.5, 11.09091],
			"rotation": {"angle": 0, "axis": "y", "origin": [0.22727, 7.5, -0.90909]},
			"faces": {
				"north": {"uv": [15, 5, 12, 6], "texture": "#0"},
				"east": {"uv": [14, 5, 15, 12], "rotation": 90, "texture": "#0"},
				"south": {"uv": [12, 11, 15, 12], "texture": "#0"},
				"west": {"uv": [12, 5, 13, 12], "rotation": 270, "texture": "#0"},
				"up": {"uv": [12, 5, 15, 12], "texture": "#0"},
				"down": {"uv": [12, 12, 15, 5], "texture": "#0"}
			}
		},
		{
			"name": "endersteel_7",
			"from": [0.22727, 7.5, 5.09091],
			"to": [1.22727, 8.5, 9.09091],
			"rotation": {"angle": 0, "axis": "y", "origin": [0.22727, 7.5, -0.90909]},
			"faces": {
				"north": {"uv": [1, 6, 0, 7], "texture": "#0"},
				"east": {"uv": [0, 6, 1, 10], "rotation": 90, "texture": "#0"},
				"south": {"uv": [0, 9, 1, 10], "texture": "#0"},
				"west": {"uv": [0, 6, 1, 10], "rotation": 270, "texture": "#0"},
				"up": {"uv": [0, 6, 1, 10], "texture": "#0"},
				"down": {"uv": [0, 10, 1, 6], "texture": "#0"}
			}
		},
		{
			"name": "endersteel_8",
			"from": [15.22727, 7.5, 5.09091],
			"to": [16.22727, 8.5, 10.09091],
			"rotation": {"angle": 0, "axis": "y", "origin": [0.22727, 7.5, -0.90909]},
			"faces": {
				"north": {"uv": [16, 6, 15, 7], "texture": "#0"},
				"east": {"uv": [15, 6, 16, 11], "rotation": 90, "texture": "#0"},
				"south": {"uv": [15, 10, 16, 11], "texture": "#0"},
				"west": {"uv": [15, 6, 16, 11], "rotation": 270, "texture": "#0"},
				"up": {"uv": [15, 6, 16, 11], "texture": "#0"},
				"down": {"uv": [15, 11, 16, 6], "texture": "#0"}
			}
		},
		{
			"name": "endersteel_9",
			"from": [12.22727, 7.5, 11.09091],
			"to": [14.22727, 8.5, 12.09091],
			"rotation": {"angle": 0, "axis": "y", "origin": [0.22727, 7.5, -0.90909]},
			"faces": {
				"north": {"uv": [14, 12, 12, 13], "texture": "#0"},
				"east": {"uv": [13, 12, 14, 13], "rotation": 90, "texture": "#0"},
				"south": {"uv": [12, 12, 14, 13], "texture": "#0"},
				"west": {"uv": [12, 12, 13, 13], "rotation": 270, "texture": "#0"},
				"up": {"uv": [12, 12, 14, 13], "texture": "#0"},
				"down": {"uv": [12, 13, 14, 12], "texture": "#0"}
			}
		},
		{
			"name": "endersteel_10",
			"from": [12.22727, 7.5, 12.09091],
			"to": [13.22727, 8.5, 13.09091],
			"rotation": {"angle": 0, "axis": "y", "origin": [0.22727, 7.5, -0.90909]},
			"faces": {
				"north": {"uv": [13, 13, 12, 14], "texture": "#0"},
				"east": {"uv": [12, 13, 13, 14], "rotation": 90, "texture": "#0"},
				"south": {"uv": [12, 13, 13, 14], "texture": "#0"},
				"west": {"uv": [12, 13, 13, 14], "rotation": 270, "texture": "#0"},
				"up": {"uv": [12, 13, 13, 14], "texture": "#0"},
				"down": {"uv": [12, 14, 13, 13], "texture": "#0"}
			}
		}
	],
	"gui_light": "front",
	"display": {
		"thirdperson_righthand": {
			"rotation": [77, 0, 0],
			"translation": [0, 1, 0.75],
			"scale": [0.21, 0.21, 0.21]
		},
		"thirdperson_lefthand": {
			"rotation": [77, 0, 0],
			"translation": [0, 1, 0.75],
			"scale": [0.21, 0.21, 0.21]
		},
		"firstperson_righthand": {
			"rotation": [90, 0, 90],
			"translation": [0, 4, 2.25],
			"scale": [0.34, 0.34, 0.34]
		},
		"firstperson_lefthand": {
			"rotation": [90, 0, -90],
			"translation": [0, 4, 2.25],
			"scale": [0.34, 0.34, 0.34]
		},
		"ground": {
			"rotation": [90, 0, 0],
			"scale": [0.33, 0.33, 0.33]
		},
		"gui": {
			"rotation": [90, 0, 0],
			"translation": [-0.25, -1, 0]
		},
		"fixed": {
			"rotation": [90, 0, 0],
			"translation": [0.25, -0.5, 0]
		}
	},
	"groups": [
		{
			"name": "endersteel",
			"origin": [8, 8, 8],
			"color": 0,
			"children": [0, 1, 2, 3, 4, 5, 6, 7, 8, 9, 10]
		}
	]
}