{
	"credit": "Made with Blockbench",
	"textures": {
		"0": "item/endersteelsword",
		"particle": "item/endersteelsword"
	},
	"elements": [
		{
			"name": "endersteelsword_0",
			"from": [13.10526, 7.5, -0.36842],
			"to": [16.10526, 8.5, 2.63158],
			"rotation": {"angle": 0, "axis": "y", "origin": [0.10526, 7.5, -0.36842]},
			"faces": {
				"north": {"uv": [16, 0, 13, 1], "texture": "#0"},
				"east": {"uv": [15, 0, 16, 3], "rotation": 90, "texture": "#0"},
				"south": {"uv": [13, 2, 16, 3], "texture": "#0"},
				"west": {"uv": [13, 0, 14, 3], "rotation": 270, "texture": "#0"},
				"up": {"uv": [13, 0, 16, 3], "texture": "#0"},
				"down": {"uv": [13, 3, 16, 0], "texture": "#0"}
			}
		},
		{
			"name": "endersteelsword_1",
			"from": [12.10526, 7.5, 0.63158],
			"to": [13.10526, 8.5, 5.63158],
			"rotation": {"angle": 0, "axis": "y", "origin": [0.10526, 7.5, -0.36842]},
			"faces": {
				"north": {"uv": [13, 1, 12, 2], "texture": "#0"},
				"east": {"uv": [12, 1, 13, 6], "rotation": 90, "texture": "#0"},
				"south": {"uv": [12, 5, 13, 6], "texture": "#0"},
				"west": {"uv": [12, 1, 13, 6], "rotation": 270, "texture": "#0"},
				"up": {"uv": [12, 1, 13, 6], "texture": "#0"},
				"down": {"uv": [12, 6, 13, 1], "texture": "#0"}
			}
		},
		{
			"name": "endersteelsword_2",
			"from": [11.10526, 7.5, 1.63158],
			"to": [12.10526, 8.5, 6.63158],
			"rotation": {"angle": 0, "axis": "y", "origin": [0.10526, 7.5, -0.36842]},
			"faces": {
				"north": {"uv": [12, 2, 11, 3], "texture": "#0"},
				"east": {"uv": [11, 2, 12, 7], "rotation": 90, "texture": "#0"},
				"south": {"uv": [11, 6, 12, 7], "texture": "#0"},
				"west": {"uv": [11, 2, 12, 7], "rotation": 270, "texture": "#0"},
				"up": {"uv": [11, 2, 12, 7], "texture": "#0"},
				"down": {"uv": [11, 7, 12, 2], "texture": "#0"}
			}
		},
		{
			"name": "endersteelsword_3",
			"from": [10.10526, 7.5, 2.63158],
			"to": [11.10526, 8.5, 7.63158],
			"rotation": {"angle": 0, "axis": "y", "origin": [0.10526, 7.5, -0.36842]},
			"faces": {
				"north": {"uv": [11, 3, 10, 4], "texture": "#0"},
				"east": {"uv": [10, 3, 11, 8], "rotation": 90, "texture": "#0"},
				"south": {"uv": [10, 7, 11, 8], "texture": "#0"},
				"west": {"uv": [10, 3, 11, 8], "rotation": 270, "texture": "#0"},
				"up": {"uv": [10, 3, 11, 8], "texture": "#0"},
				"down": {"uv": [10, 8, 11, 3], "texture": "#0"}
			}
		},
		{
			"name": "endersteelsword_4",
			"from": [13.10526, 7.5, 2.63158],
			"to": [15.10526, 8.5, 3.63158],
			"rotation": {"angle": 0, "axis": "y", "origin": [0.10526, 7.5, -0.36842]},
			"faces": {
				"north": {"uv": [15, 3, 13, 4], "texture": "#0"},
				"east": {"uv": [14, 3, 15, 4], "rotation": 90, "texture": "#0"},
				"south": {"uv": [13, 3, 15, 4], "texture": "#0"},
				"west": {"uv": [13, 3, 14, 4], "rotation": 270, "texture": "#0"},
				"up": {"uv": [13, 3, 15, 4], "texture": "#0"},
				"down": {"uv": [13, 4, 15, 3], "texture": "#0"}
			}
		},
		{
			"name": "endersteelsword_5",
			"from": [9.10526, 7.5, 3.63158],
			"to": [10.10526, 8.5, 8.63158],
			"rotation": {"angle": 0, "axis": "y", "origin": [0.10526, 7.5, -0.36842]},
			"faces": {
				"north": {"uv": [10, 4, 9, 5], "texture": "#0"},
				"east": {"uv": [9, 4, 10, 9], "rotation": 90, "texture": "#0"},
				"south": {"uv": [9, 8, 10, 9], "texture": "#0"},
				"west": {"uv": [9, 4, 10, 9], "rotation": 270, "texture": "#0"},
				"up": {"uv": [9, 4, 10, 9], "texture": "#0"},
				"down": {"uv": [9, 9, 10, 4], "texture": "#0"}
			}
		},
		{
			"name": "endersteelsword_6",
			"from": [13.10526, 7.5, 3.63158],
			"to": [14.10526, 8.5, 4.63158],
			"rotation": {"angle": 0, "axis": "y", "origin": [0.10526, 7.5, -0.36842]},
			"faces": {
				"north": {"uv": [14, 4, 13, 5], "texture": "#0"},
				"east": {"uv": [13, 4, 14, 5], "rotation": 90, "texture": "#0"},
				"south": {"uv": [13, 4, 14, 5], "texture": "#0"},
				"west": {"uv": [13, 4, 14, 5], "rotation": 270, "texture": "#0"},
				"up": {"uv": [13, 4, 14, 5], "texture": "#0"},
				"down": {"uv": [13, 5, 14, 4], "texture": "#0"}
			}
		},
		{
			"name": "endersteelsword_7",
			"from": [8.10526, 7.5, 4.63158],
			"to": [9.10526, 8.5, 9.63158],
			"rotation": {"angle": 0, "axis": "y", "origin": [0.10526, 7.5, -0.36842]},
			"faces": {
				"north": {"uv": [9, 5, 8, 6], "texture": "#0"},
				"east": {"uv": [8, 5, 9, 10], "rotation": 90, "texture": "#0"},
				"south": {"uv": [8, 9, 9, 10], "texture": "#0"},
				"west": {"uv": [8, 5, 9, 10], "rotation": 270, "texture": "#0"},
				"up": {"uv": [8, 5, 9, 10], "texture": "#0"},
				"down": {"uv": [8, 10, 9, 5], "texture": "#0"}
			}
		},
		{
			"name": "endersteelsword_8",
			"from": [2.10526, 7.5, 5.63158],
			"to": [4.10526, 8.5, 7.63158],
			"rotation": {"angle": 0, "axis": "y", "origin": [0.10526, 7.5, -0.36842]},
			"faces": {
				"north": {"uv": [4, 6, 2, 7], "texture": "#0"},
				"east": {"uv": [3, 6, 4, 8], "rotation": 90, "texture": "#0"},
				"south": {"uv": [2, 7, 4, 8], "texture": "#0"},
				"west": {"uv": [2, 6, 3, 8], "rotation": 270, "texture": "#0"},
				"up": {"uv": [2, 6, 4, 8], "texture": "#0"},
				"down": {"uv": [2, 8, 4, 6], "texture": "#0"}
			}
		},
		{
			"name": "endersteelsword_9",
			"from": [7.10526, 7.5, 5.63158],
			"to": [8.10526, 8.5, 12.63158],
			"rotation": {"angle": 0, "axis": "y", "origin": [0.10526, 7.5, -0.36842]},
			"faces": {
				"north": {"uv": [8, 6, 7, 7], "texture": "#0"},
				"east": {"uv": [7, 6, 8, 13], "rotation": 90, "texture": "#0"},
				"south": {"uv": [7, 12, 8, 13], "texture": "#0"},
				"west": {"uv": [7, 6, 8, 13], "rotation": 270, "texture": "#0"},
				"up": {"uv": [7, 6, 8, 13], "texture": "#0"},
				"down": {"uv": [7, 13, 8, 6], "texture": "#0"}
			}
		},
		{
			"name": "endersteelsword_10",
			"from": [4.10526, 7.5, 6.63158],
			"to": [5.10526, 8.5, 12.63158],
			"rotation": {"angle": 0, "axis": "y", "origin": [0.10526, 7.5, -0.36842]},
			"faces": {
				"north": {"uv": [5, 7, 4, 8], "texture": "#0"},
				"east": {"uv": [4, 7, 5, 13], "rotation": 90, "texture": "#0"},
				"south": {"uv": [4, 12, 5, 13], "texture": "#0"},
				"west": {"uv": [4, 7, 5, 13], "rotation": 270, "texture": "#0"},
				"up": {"uv": [4, 7, 5, 13], "texture": "#0"},
				"down": {"uv": [4, 13, 5, 7], "texture": "#0"}
			}
		},
		{
			"name": "endersteelsword_11",
			"from": [6.10526, 7.5, 6.63158],
			"to": [7.10526, 8.5, 12.63158],
			"rotation": {"angle": 0, "axis": "y", "origin": [0.10526, 7.5, -0.36842]},
			"faces": {
				"north": {"uv": [7, 7, 6, 8], "texture": "#0"},
				"east": {"uv": [6, 7, 7, 13], "rotation": 90, "texture": "#0"},
				"south": {"uv": [6, 12, 7, 13], "texture": "#0"},
				"west": {"uv": [6, 7, 7, 13], "rotation": 270, "texture": "#0"},
				"up": {"uv": [6, 7, 7, 13], "texture": "#0"},
				"down": {"uv": [6, 13, 7, 7], "texture": "#0"}
			}
		},
		{
			"name": "endersteelsword_12",
			"from": [3.10526, 7.5, 7.63158],
			"to": [4.10526, 8.5, 9.63158],
			"rotation": {"angle": 0, "axis": "y", "origin": [0.10526, 7.5, -0.36842]},
			"faces": {
				"north": {"uv": [4, 8, 3, 9], "texture": "#0"},
				"east": {"uv": [3, 8, 4, 10], "rotation": 90, "texture": "#0"},
				"south": {"uv": [3, 9, 4, 10], "texture": "#0"},
				"west": {"uv": [3, 8, 4, 10], "rotation": 270, "texture": "#0"},
				"up": {"uv": [3, 8, 4, 10], "texture": "#0"},
				"down": {"uv": [3, 10, 4, 8], "texture": "#0"}
			}
		},
		{
			"name": "endersteelsword_13",
			"from": [5.10526, 7.5, 7.63158],
			"to": [6.10526, 8.5, 11.63158],
			"rotation": {"angle": 0, "axis": "y", "origin": [0.10526, 7.5, -0.36842]},
			"faces": {
				"north": {"uv": [6, 8, 5, 9], "texture": "#0"},
				"east": {"uv": [5, 8, 6, 12], "rotation": 90, "texture": "#0"},
				"south": {"uv": [5, 11, 6, 12], "texture": "#0"},
				"west": {"uv": [5, 8, 6, 12], "rotation": 270, "texture": "#0"},
				"up": {"uv": [5, 8, 6, 12], "texture": "#0"},
				"down": {"uv": [5, 12, 6, 8], "texture": "#0"}
			}
		},
		{
			"name": "endersteelsword_14",
			"from": [3.10526, 7.5, 10.63158],
			"to": [4.10526, 8.5, 13.63158],
			"rotation": {"angle": 0, "axis": "y", "origin": [0.10526, 7.5, -0.36842]},
			"faces": {
				"north": {"uv": [4, 11, 3, 12], "texture": "#0"},
				"east": {"uv": [3, 11, 4, 14], "rotation": 90, "texture": "#0"},
				"south": {"uv": [3, 13, 4, 14], "texture": "#0"},
				"west": {"uv": [3, 11, 4, 14], "rotation": 270, "texture": "#0"},
				"up": {"uv": [3, 11, 4, 14], "texture": "#0"},
				"down": {"uv": [3, 14, 4, 11], "texture": "#0"}
			}
		},
		{
			"name": "endersteelsword_15",
			"from": [8.10526, 7.5, 10.63158],
			"to": [9.10526, 8.5, 13.63158],
			"rotation": {"angle": 0, "axis": "y", "origin": [0.10526, 7.5, -0.36842]},
			"faces": {
				"north": {"uv": [9, 11, 8, 12], "texture": "#0"},
				"east": {"uv": [8, 11, 9, 14], "rotation": 90, "texture": "#0"},
				"south": {"uv": [8, 13, 9, 14], "texture": "#0"},
				"west": {"uv": [8, 11, 9, 14], "rotation": 270, "texture": "#0"},
				"up": {"uv": [8, 11, 9, 14], "texture": "#0"},
				"down": {"uv": [8, 14, 9, 11], "texture": "#0"}
			}
		},
		{
			"name": "endersteelsword_16",
			"from": [2.10526, 7.5, 11.63158],
			"to": [3.10526, 8.5, 15.63158],
			"rotation": {"angle": 0, "axis": "y", "origin": [0.10526, 7.5, -0.36842]},
			"faces": {
				"north": {"uv": [3, 12, 2, 13], "texture": "#0"},
				"east": {"uv": [2, 12, 3, 16], "rotation": 90, "texture": "#0"},
				"south": {"uv": [2, 15, 3, 16], "texture": "#0"},
				"west": {"uv": [2, 12, 3, 16], "rotation": 270, "texture": "#0"},
				"up": {"uv": [2, 12, 3, 16], "texture": "#0"},
				"down": {"uv": [2, 16, 3, 12], "texture": "#0"}
			}
		},
		{
			"name": "endersteelsword_17",
			"from": [9.10526, 7.5, 11.63158],
			"to": [10.10526, 8.5, 13.63158],
			"rotation": {"angle": 0, "axis": "y", "origin": [0.10526, 7.5, -0.36842]},
			"faces": {
				"north": {"uv": [10, 12, 9, 13], "texture": "#0"},
				"east": {"uv": [9, 12, 10, 14], "rotation": 90, "texture": "#0"},
				"south": {"uv": [9, 13, 10, 14], "texture": "#0"},
				"west": {"uv": [9, 12, 10, 14], "rotation": 270, "texture": "#0"},
				"up": {"uv": [9, 12, 10, 14], "texture": "#0"},
				"down": {"uv": [9, 14, 10, 12], "texture": "#0"}
			}
		},
		{
			"name": "endersteelsword_18",
			"from": [0.10526, 7.5, 12.63158],
			"to": [2.10526, 8.5, 15.63158],
			"rotation": {"angle": 0, "axis": "y", "origin": [0.10526, 7.5, -0.36842]},
			"faces": {
				"north": {"uv": [2, 13, 0, 14], "texture": "#0"},
				"east": {"uv": [1, 13, 2, 16], "rotation": 90, "texture": "#0"},
				"south": {"uv": [0, 15, 2, 16], "texture": "#0"},
				"west": {"uv": [0, 13, 1, 16], "rotation": 270, "texture": "#0"},
				"up": {"uv": [0, 13, 2, 16], "texture": "#0"},
				"down": {"uv": [0, 16, 2, 13], "texture": "#0"}
			}
		}
	],
	"gui_light": "front",
	"display": {
		"thirdperson_righthand": {
			"rotation": [41, 0, 90],
			"translation": [0, 3, 1.25],
			"scale": [0.75, 0.75, 0.75]
		},
		"thirdperson_lefthand": {
			"rotation": [41, 0, -90],
			"translation": [0, 3, 1.25],
			"scale": [0.75, 0.75, 0.75]
		},
		"firstperson_righthand": {
			"rotation": [60, 0, 90],
			"translation": [-2.5, 6, 5],
			"scale": [0.45, 0.45, 0.45]
		},
		"firstperson_lefthand": {
			"rotation": [60, 0, -90],
			"translation": [-2.5, 6, 5],
			"scale": [0.45, 0.45, 0.45]
		},
		"ground": {
			"rotation": [-90, 45, 0],
			"translation": [0, 2.5, 0],
			"scale": [0.55, 0.55, 0.55]
		},
		"gui": {
			"rotation": [90, 0, 0],
			"translation": [0, -0.5, 0]
		},
		"fixed": {
			"rotation": [90, 0, 0],
			"translation": [0.25, -0.25, -0.5]
		}
	},
	"groups": [
		{
			"name": "endersteelsword",
			"origin": [8, 8, 8],
			"color": 0,
			"children": [0, 1, 2, 3, 4, 5, 6, 7, 8, 9, 10, 11, 12, 13, 14, 15, 16, 17, 18]
		}
	]
}