{
	"credit": "Made with Blockbench",
	"textures": {
		"2": "block/iron_block",
		"4": "block/blue_concrete_powder",
		"particle": "block/anvil"
	},
	"elements": [
		{
			"from": [3.75, 7.75, 4.25],
			"to": [12.75, 7.8125, 12.25],
			"rotation": {"angle": 0, "axis": "y", "origin": [7.75, 7.75, 7.75]},
			"faces": {
				"north": {"uv": [0, 0, 1, 1], "texture": "#4"},
				"east": {"uv": [0, 0, 1, 1], "texture": "#4"},
				"south": {"uv": [0, 0, 1, 1], "texture": "#4"},
				"west": {"uv": [0, 0, 1, 1], "texture": "#4"},
				"up": {"uv": [0, 0, 1, 1], "texture": "#4"},
				"down": {"uv": [0, 0, 1, 1], "texture": "#4"}
			}
		},
		{
			"from": [12.75, 7.75, 4.25],
			"to": [13.5, 8.4375, 12.25],
			"rotation": {"angle": 0, "axis": "y", "origin": [7.75, 7.75, 7.75]},
			"faces": {
				"north": {"uv": [0, 0, 1, 1], "texture": "#4"},
				"east": {"uv": [0, 0, 1, 1], "texture": "#4"},
				"south": {"uv": [0, 0, 1, 1], "texture": "#4"},
				"west": {"uv": [0, 0, 1, 1], "texture": "#4"},
				"up": {"uv": [0, 0, 1, 1], "texture": "#4"},
				"down": {"uv": [0, 0, 1, 1], "texture": "#4"}
			}
		},
		{
			"from": [5.4375, 7.75, 6.1875],
			"to": [11.3125, 7.84375, 6.3125],
			"rotation": {"angle": 0, "axis": "y", "origin": [10.1875, 7.84375, 8.75]},
			"faces": {
				"north": {"uv": [0, 0, 1, 1], "texture": "#2"},
				"east": {"uv": [0, 0, 1, 1], "texture": "#2"},
				"south": {"uv": [0, 0, 1, 1], "texture": "#2"},
				"west": {"uv": [0, 0, 1, 1], "texture": "#2"},
				"up": {"uv": [1, 1, 2, 2], "rotation": 90, "texture": "#2"},
				"down": {"uv": [0, 0, 1, 1], "rotation": 270, "texture": "#2"}
			}
		},
		{
			"from": [7, 7.75, 4.625],
			"to": [7.125, 7.84375, 10],
			"rotation": {"angle": 22.5, "axis": "y", "origin": [8.4375, 7.84375, 8]},
			"faces": {
				"north": {"uv": [0, 0, 1, 1], "texture": "#2"},
				"east": {"uv": [0, 0, 1, 1], "texture": "#2"},
				"south": {"uv": [0, 0, 1, 1], "texture": "#2"},
				"west": {"uv": [0, 0, 1, 1], "texture": "#2"},
				"up": {"uv": [1, 1, 2, 2], "rotation": 180, "texture": "#2"},
				"down": {"uv": [0, 0, 1, 1], "rotation": 180, "texture": "#2"}
			}
		},
		{
			"from": [8.75, 7.75, 4.25],
			"to": [8.875, 7.84375, 8.125],
			"rotation": {"angle": -45, "axis": "y", "origin": [8.4375, 7.84375, 8]},
			"faces": {
				"north": {"uv": [0, 0, 1, 1], "texture": "#2"},
				"east": {"uv": [0, 0, 1, 1], "texture": "#2"},
				"south": {"uv": [0, 0, 1, 1], "texture": "#2"},
				"west": {"uv": [0, 0, 1, 1], "texture": "#2"},
				"up": {"uv": [1, 1, 2, 2], "rotation": 180, "texture": "#2"},
				"down": {"uv": [0, 0, 1, 1], "rotation": 180, "texture": "#2"}
			}
		}
	],
	"gui_light": "front",
	"display": {
		"thirdperson_righthand": {
			"rotation": [65, 166, 0],
			"translation": [0, 1.25, 0.75],
			"scale": [0.56, 0.56, 0.56]
		},
		"thirdperson_lefthand": {
			"rotation": [65, 166, 0],
			"translation": [0, 1.25, 0.75],
			"scale": [0.56, 0.56, 0.56]
		},
		"firstperson_righthand": {
			"rotation": [49, 156, -2],
			"translation": [-2.75, 5, 5],
			"scale": [0.51, 0.51, 0.51]
		},
		"firstperson_lefthand": {
			"rotation": [49, 156, -2],
			"translation": [-2.75, 5, 5],
			"scale": [0.51, 0.51, 0.51]
		},
		"ground": {
			"translation": [0, 1.5, 0],
			"scale": [0.98, 0.98, 0.98]
		},
		"gui": {
			"rotation": [45, 136, 0],
			"translation": [0.5, -1, 0],
			"scale": [1.26, 1.26, 1.26]
		},
		"fixed": {
			"rotation": [-90, 0, 0],
			"translation": [-1, -0.5, -0.5],
			"scale": [1.65, 1.65, 1.65]
		}
	}
}